"","RN","","","","","","","","","",""
"PROCEDIMENTO","VIGÊNCIA","OD","AMB","HCO","HSO","REF","PAC","DUT","SUBGRUPO","GRUPO","CAPÍTULO"
"","(alteração)","","","","","","","","","",""
"","","","","","","","","","BLOQUEIOS ANESTÉSICOS DE NERVOS E","",""
"BLOQUEIO SIMPÁTICO POR VIA VENOSA","","","","HCO","HSO","REF","","","","OUTROS PROCEDIMENTOS INVASIVOS","PROCEDIMENTOS CIRÚRGICOS E INVASIVOS"
"","","","","","","","","","ESTÍMULOS NEUROVASCULARES","",""
"","","","","","","","","","BLOQUEIOS ANESTÉSICOS DE NERVOS E","",""
"INSTALAÇÃO DE BOMBA DE INFUSÃO PARA ANALGESIA EM DOR AGUDA OU CRÔNICA, POR QUALQUER VIA","","","AMB","HCO","HSO","REF","","","","OUTROS PROCEDIMENTOS INVASIVOS","PROCEDIMENTOS CIRÚRGICOS E INVASIVOS"
"","","","","","","","","","ESTÍMULOS NEUROVASCULARES","",""
"","","","","","","","","","BLOQUEIOS ANESTÉSICOS DE NERVOS E","",""
"PASSAGEM DE CATÉTER PERIDURAL OU SUBARACNÓIDEO COM BLOQUEIO DE PROVA","","","AMB","HCO","HSO","REF","","","","OUTROS PROCEDIMENTOS INVASIVOS","PROCEDIMENTOS CIRÚRGICOS E INVASIVOS"
"","","","","","","","","","ESTÍMULOS NEUROVASCULARES","",""
"","","","","","","","","","","ELETROFISIOLÓGICOS / MECÂNICOS E","PROCEDIMENTOS DIAGNÓSTICOS E"
"ECG CONVENCIONAL","","","AMB","HCO","HSO","REF","","ECG - TE","","",""
"","","","","","","","","","","FUNCIONAIS","TERAPÊUTICOS"
"","","","","","","","","","","ELETROFISIOLÓGICOS / MECÂNICOS E","PROCEDIMENTOS DIAGNÓSTICOS E"
"ECG DE ALTA RESOLUÇÃO","","","AMB","HCO","HSO","REF","","ECG - TE","","",""
"","","","","","","","","","","FUNCIONAIS","TERAPÊUTICOS"
"ERGOESPIROMETRIA OU TESTE CARDIOPULMONAR DE EXERCÍCIO COMPLETO (ESPIROMETRIA FORÇADA,","","","","","","","","","","ELETROFISIOLÓGICOS / MECÂNICOS E","PROCEDIMENTOS DIAGNÓSTICOS E"
"","","","AMB","HCO","HSO","REF","","ECG - TE","","",""
"CONSUMO DE O2, PRODUÇÃO DE CO2 E DERIVADOS, ECG, OXIMETRIA)","","","","","","","","","","FUNCIONAIS","TERAPÊUTICOS"
"","","","","","","","","","","ELETROFISIOLÓGICOS / MECÂNICOS E","PROCEDIMENTOS DIAGNÓSTICOS E"
"ESTUDO DA VARIABILIDADE DA FREQUÊNCIA CARDÍACA","","","AMB","HCO","HSO","REF","","ECG - TE","","",""
"","","","","","","","","","","FUNCIONAIS","TERAPÊUTICOS"
"","","","","","","","","","","ELETROFISIOLÓGICOS / MECÂNICOS E","PROCEDIMENTOS DIAGNÓSTICOS E"
"TESTE ERGOMÉTRICO (INCLUI ECG BASAL CONVENCIONAL) - COM DIRETRIZ DE UTILIZAÇÃO","","","AMB","HCO","HSO","REF","","68
ECG - TE","","",""
"","","","","","","","","","","FUNCIONAIS","TERAPÊUTICOS"
"TESTE ERGOMÉTRICO COM MEDIDA DE GASES EXPIRADOS (TESTE CARDIOPULMONAR DE EXERCÍCIO) COM","","","","","","","","","","ELETROFISIOLÓGICOS / MECÂNICOS E","PROCEDIMENTOS DIAGNÓSTICOS E"
"","","","AMB","HCO","HSO","REF","","ECG - TE","","",""
"OU SEM ELETROCARDIOGRAMA","","","","","","","","","","FUNCIONAIS","TERAPÊUTICOS"
"","","","","","","","","","","ELETROFISIOLÓGICOS / MECÂNICOS E","PROCEDIMENTOS DIAGNÓSTICOS E"
"TESTE ERGOMÉTRICO COM REALIZAÇÃO DE GASOMETRIA ARTERIAL","","","AMB","HCO","HSO","REF","","ECG - TE","","",""
"","","","","","","","","","","FUNCIONAIS","TERAPÊUTICOS"
"","","","","","","","","","","ELETROFISIOLÓGICOS / MECÂNICOS E","PROCEDIMENTOS DIAGNÓSTICOS E"
"MANOMETRIA ANORRETAL","","","AMB","HCO","HSO","REF","","TUBO DIGESTIVO","","",""
"","","","","","","","","","","FUNCIONAIS","TERAPÊUTICOS"
"","","","","","","","","","","ELETROFISIOLÓGICOS / MECÂNICOS E","PROCEDIMENTOS DIAGNÓSTICOS E"
"MANOMETRIA ESOFÁGICA COM OU SEM TESTE PROVOCATIVO","","","AMB","HCO","HSO","REF","","TUBO DIGESTIVO","","",""
"","","","","","","","","","","FUNCIONAIS","TERAPÊUTICOS"
"","","","","","","","","","","ELETROFISIOLÓGICOS / MECÂNICOS E","PROCEDIMENTOS DIAGNÓSTICOS E"
"MANOMETRIA ESOFÁGICA PARA LOCALIZAÇÃO DOS ESFÍNCTERES PRÉ-PH-METRIA","","","AMB","HCO","HSO","REF","","TUBO DIGESTIVO","","",""
"","","","","","","","","","","FUNCIONAIS","TERAPÊUTICOS"
"","","","","","","","","","","ELETROFISIOLÓGICOS / MECÂNICOS E","PROCEDIMENTOS DIAGNÓSTICOS E"
"PH-METRIA ESOFÁGICA","","","AMB","HCO","HSO","REF","","TUBO DIGESTIVO","","",""
"","","","","","","","","","","FUNCIONAIS","TERAPÊUTICOS"
"","","","","","","","","","","ELETROFISIOLÓGICOS / MECÂNICOS E","PROCEDIMENTOS DIAGNÓSTICOS E"
"PLETISMOGRAFIA PENIANA NOTURNA","","","AMB","HCO","HSO","REF","","TUBO DIGESTIVO","","",""
"","","","","","","","","","","FUNCIONAIS","TERAPÊUTICOS"
"","","","","","","","","","","ELETROFISIOLÓGICOS / MECÂNICOS E","PROCEDIMENTOS DIAGNÓSTICOS E"
"AUDIOMETRIA TONAL LIMIAR","","","AMB","HCO","HSO","REF","","SISTEMA NERVOSO","","",""
"","","","","","","","","","","FUNCIONAIS","TERAPÊUTICOS"
"","","","","","","","","","","ELETROFISIOLÓGICOS / MECÂNICOS E","PROCEDIMENTOS DIAGNÓSTICOS E"
"AUDIOMETRIA TONAL LIMIAR CONDICIONADA","","","AMB","HCO","HSO","REF","","SISTEMA NERVOSO","","",""
"","","","","","","","","","","FUNCIONAIS","TERAPÊUTICOS"
"","","","","","","","","","","ELETROFISIOLÓGICOS / MECÂNICOS E","PROCEDIMENTOS DIAGNÓSTICOS E"
"AUDIOMETRIA VOCAL - PESQUISA DE LIMIAR DE DISCRIMINAÇÃO/INTELIGIBILIDADE (LOGOAUDIOMETRIA)","","","AMB","HCO","HSO","REF","","SISTEMA NERVOSO","","",""
"","","","","","","","","","","FUNCIONAIS","TERAPÊUTICOS"
"","","","","","","","","","","ELETROFISIOLÓGICOS / MECÂNICOS E","PROCEDIMENTOS DIAGNÓSTICOS E"
"AUDIOMETRIA VOCAL COM MENSAGEM COMPETITIVA (COM DIRETRIZ DE UTILIZAÇÃO)","","","AMB","HCO","HSO","REF","","5
SISTEMA NERVOSO","","",""
"","","","","","","","","","","FUNCIONAIS","TERAPÊUTICOS"
