"","RN","","","","","","","","","","",""
"PROCEDIMENTO","VIGÊNCIA","OD","AMB","HCO","HSO","REF","PAC","DUT","SUBGRUPO","","GRUPO","CAPÍTULO"
"","(alteração)","","","","","","","","","","",""
"","","","","","","","","","","","","PROCEDIMENTOS DIAGNÓSTICOS E"
"DETERMINAÇÃO DA ATIVIDADE ENZIMÁTICA DA BETA-GALACTOSIDASE EM LEUCÓCITOS OU FIBROBLASTOS","","","AMB","HCO","HSO","REF","PAC","","GENÉTICA BIOQUÍMICA","GENÉTICA","",""
"","","","","","","","","","","","","TERAPÊUTICOS"
"","","","","","","","","","","","","PROCEDIMENTOS DIAGNÓSTICOS E"
"DETERMINAÇÃO DA ATIVIDADE ENZIMÁTICA DA BETA-GLICOSIDASE EM LEUCÓCITOS OU FIBROBLASTOS","","","AMB","HCO","HSO","REF","PAC","","GENÉTICA BIOQUÍMICA","GENÉTICA","",""
"","","","","","","","","","","","","TERAPÊUTICOS"
"","","","","","","","","","","","","PROCEDIMENTOS DIAGNÓSTICOS E"
"DETERMINAÇÃO DA ATIVIDADE ENZIMÁTICA DA BETA-GLICURONIDASE EM FIBROBLASTOS","","","AMB","HCO","HSO","REF","PAC","","GENÉTICA BIOQUÍMICA","GENÉTICA","",""
"","","","","","","","","","","","","TERAPÊUTICOS"
"","","","","","","","","","","","","PROCEDIMENTOS DIAGNÓSTICOS E"
"DETERMINAÇÃO DA ATIVIDADE ENZIMÁTICA DA ESFINGOMIELINASE EM FIBROBLASTOS","","","AMB","HCO","HSO","REF","PAC","","GENÉTICA BIOQUÍMICA","GENÉTICA","",""
"","","","","","","","","","","","","TERAPÊUTICOS"
"","","","","","","","","","","","","PROCEDIMENTOS DIAGNÓSTICOS E"
"DETERMINAÇÃO DA ATIVIDADE ENZIMÁTICA DA GALACTOCEREBROSIDASE EM LEUCÓCITOS E FIBROBLASTOS","","","AMB","HCO","HSO","REF","PAC","","GENÉTICA BIOQUÍMICA","GENÉTICA","",""
"","","","","","","","","","","","","TERAPÊUTICOS"
"DETERMINAÇÃO DA ATIVIDADE ENZIMÁTICA DA HEXOSAMINIDASE A E TOTAL EM SORO, LEUCÓCITOS OU","","","","","","","","","","","","PROCEDIMENTOS DIAGNÓSTICOS E"
"","","","AMB","HCO","HSO","REF","PAC","","GENÉTICA BIOQUÍMICA","GENÉTICA","",""
"FIBROBLASTOS","","","","","","","","","","","","TERAPÊUTICOS"
"","","","","","","","","","","","","PROCEDIMENTOS DIAGNÓSTICOS E"
"DETERMINAÇÃO DA ATIVIDADE ENZIMÁTICA DA IDURONATO 2-SULFATASE EM FIBROBLASTOS","","","AMB","HCO","HSO","REF","PAC","","GENÉTICA BIOQUÍMICA","GENÉTICA","",""
"","","","","","","","","","","","","TERAPÊUTICOS"
"","","","","","","","","","","","","PROCEDIMENTOS DIAGNÓSTICOS E"
"DETERMINAÇÃO DA ATIVIDADE ENZIMÁTICA DA N-ACETILGALACTOSAMINA-6-SULFATASE EM FIBROBLASTOS","","","AMB","HCO","HSO","REF","PAC","","GENÉTICA BIOQUÍMICA","GENÉTICA","",""
"","","","","","","","","","","","","TERAPÊUTICOS"
"DOSAGEM QUANTITATIVA DE ÁCIDOS GRAXOS DE CADEIA MUITO LONGA PARA O DIAGNÓSTICO DE ERROS","","","","","","","","","","","","PROCEDIMENTOS DIAGNÓSTICOS E"
"","","","AMB","HCO","HSO","REF","PAC","","GENÉTICA BIOQUÍMICA","GENÉTICA","",""
"INATOS DO METABOLISMO (EIM)","","","","","","","","","","","","TERAPÊUTICOS"
"","","","","","","","","","","","","PROCEDIMENTOS DIAGNÓSTICOS E"
"GLICOSAMINOGLICANOS URINÁRIOS, DOSAGEM QUANTITATIVA OU ANÁLISE QUALITATIVA","","","AMB","HCO","HSO","REF","PAC","","GENÉTICA BIOQUÍMICA","GENÉTICA","",""
"","","","","","","","","","","","","TERAPÊUTICOS"
"","","","","","","","","","","","","PROCEDIMENTOS DIAGNÓSTICOS E"
"PORFIRINAS URINÁRIAS OU PLASMÁTICAS, FRACIONAMENTO E QUANTIFICAÇÃO","","","AMB","HCO","HSO","REF","PAC","","GENÉTICA BIOQUÍMICA","GENÉTICA","",""
"","","","","","","","","","","","","TERAPÊUTICOS"
"","","","","","","","","","","","","PROCEDIMENTOS DIAGNÓSTICOS E"
"TESTES DE ERROS INATOS DO METABOLISMO, QUALITATIVOS, NA URINA","","","AMB","HCO","HSO","REF","PAC","","GENÉTICA BIOQUÍMICA","GENÉTICA","",""
"","","","","","","","","","","","","TERAPÊUTICOS"
"TESTE DUPLO: 1 TRIMESTRE - PROTEÍNA A PLASMÁTICA ASSOCIADA À GESTAÇÃO (PAPP-A), BETA-","","","","","","","","","","","",""
"","","","","","","","","","","","","PROCEDIMENTOS DIAGNÓSTICOS E"
"GONADOTROFINA CORIÔNICA HUMANA LIVRE (β-HCG) COM ELABORAÇÃO DE LAUDO CONTENDO CÁLCULO","","","AMB","HCO","","REF","PAC","","GENÉTICA BIOQUÍMICA","GENÉTICA","",""
"","","","","","","","","","","","","TERAPÊUTICOS"
"DE RISCO PARA ANOMALIAS FETAIS","","","","","","","","","","","",""
"TESTE DUPLO: 2 TRIMESTRE - ALFA-FETOPROTEÍNA (αFP), BETA-GONADOTROFINA CORIÔNICA HUMANA","","","","","","","","","","","","PROCEDIMENTOS DIAGNÓSTICOS E"
"","","","AMB","HCO","","REF","PAC","","GENÉTICA BIOQUÍMICA","GENÉTICA","",""
"LIVRE (β-HCG) COM ELABORAÇÃO DE LAUDO CONTENDO CÁLCULO DE RISCO PARA ANOMALIAS FETAIS","","","","","","","","","","","","TERAPÊUTICOS"
"TESTE QUÁDRUPLO: ALFA-FETOPROTEÍNA (αFP), ESTRIOL NÃO CONJUGADO (uE3), BETA-GONADOTROFINA","","","","","","","","","","","",""
"","","","","","","","","","","","","PROCEDIMENTOS DIAGNÓSTICOS E"
"CORIÔNICA HUMANA LIVRE (β-HCG) E INIBINA COM ELABORAÇÃO DE LAUDO CONTENDO CÁLCULO DE RISCO","","","AMB","HCO","","REF","PAC","","GENÉTICA BIOQUÍMICA","GENÉTICA","",""
"","","","","","","","","","","","","TERAPÊUTICOS"
"PARA ANOMALIAS FETAIS","","","","","","","","","","","",""
"TESTE TRIPLO: ALFA-FETOPROTEÍNA (αFP), ESTRIOL NÃO CONJUGADO (uE3), BETA-GONADOTROFINA","","","","","","","","","","","",""
"","","","","","","","","","","","","PROCEDIMENTOS DIAGNÓSTICOS E"
"CORIÔNICA HUMANA LIVRE (β-HCG) COM ELABORAÇÃO DE LAUDO CONTENDO CÁLCULO DE RISCO PARA","","","AMB","HCO","","REF","PAC","","GENÉTICA BIOQUÍMICA","GENÉTICA","",""
"","","","","","","","","","","","","TERAPÊUTICOS"
"ANOMALIAS FETAIS","","","","","","","","","","","",""
"","","","","","","","","","","","","PROCEDIMENTOS DIAGNÓSTICOS E"
"ALK - PESQUISA DE MUTAÇÃO (COM DIRETRIZ DE UTILIZAÇÃO)","","","AMB","HCO","HSO","REF","PAC","114","GENÉTICA MOLECULAR","GENÉTICA","",""
"","","","","","","","","","","","","TERAPÊUTICOS"
"","","","","","","","","","","","","PROCEDIMENTOS DIAGNÓSTICOS E"
"ANÁLISE MOLECULAR DE DNA (COM DIRETRIZ DE UTILIZAÇÃO)","","","AMB","HCO","HSO","REF","PAC","110","GENÉTICA MOLECULAR","GENÉTICA","",""
"","","","","","","","","","","","","TERAPÊUTICOS"
"","","","","","","","","","","","","PROCEDIMENTOS DIAGNÓSTICOS E"
"BRCA1 e BRCA2, PESQUISA DE MUTAÇÃO SOMÁTICA (COM DIRETRIZ DE UTILIZAÇÃO)","542/2022
01/09/2022","","AMB","HCO","HSO","REF","PAC","156","GENÉTICA MOLECULAR","GENÉTICA","",""
"","","","","","","","","","","","","TERAPÊUTICOS"
