"","RN","","","","","","","","","","",""
"PROCEDIMENTO","VIGÊNCIA","OD","AMB","HCO","HSO","REF","PAC","DUT","SUBGRUPO","","GRUPO","CAPÍTULO"
"","(alteração)","","","","","","","","","","",""
"DACRIOCISTECTOMIA","","","","HCO","HSO","REF","","","VIAS LACRIMAIS","OLHOS","","PROCEDIMENTOS CIRÚRGICOS E INVASIVOS"
"DACRIOCISTORRINOSTOMIA COM OU SEM INTUBAÇÃO","","","","HCO","HSO","REF","","","VIAS LACRIMAIS","OLHOS","","PROCEDIMENTOS CIRÚRGICOS E INVASIVOS"
"FECHAMENTO DOS PONTOS LACRIMAIS","","","AMB","HCO","HSO","REF","","","VIAS LACRIMAIS","OLHOS","","PROCEDIMENTOS CIRÚRGICOS E INVASIVOS"
"RECONSTITUIÇÃO DE VIAS LACRIMAIS COM SILICONE OU OUTRO MATERIAL","","","","HCO","HSO","REF","","","VIAS LACRIMAIS","OLHOS","","PROCEDIMENTOS CIRÚRGICOS E INVASIVOS"
"SONDAGEM DAS VIAS LACRIMAIS - COM OU SEM LAVAGEM","","","AMB","HCO","HSO","REF","","","VIAS LACRIMAIS","OLHOS","","PROCEDIMENTOS CIRÚRGICOS E INVASIVOS"
"BIÓPSIA DE PAVILHÃO AURICULAR","","","AMB","HCO","HSO","REF","","","PAVILHÃO AURICULAR","ORELHA","","PROCEDIMENTOS CIRÚRGICOS E INVASIVOS"
"EXÉRESE DE TUMOR","","","AMB","HCO","HSO","REF","","","PAVILHÃO AURICULAR","ORELHA","","PROCEDIMENTOS CIRÚRGICOS E INVASIVOS"
"EXÉRESE DE TUMOR COM ABORDAGEM CRANIOFACIAL ONCOLÓGICA PAVILHÃO AURICULAR (TEMPO FACIAL)","","","","HCO","HSO","REF","","","PAVILHÃO AURICULAR","ORELHA","","PROCEDIMENTOS CIRÚRGICOS E INVASIVOS"
"RECONSTRUÇÃO DE ORELHA","","","AMB","HCO","HSO","REF","","","PAVILHÃO AURICULAR","ORELHA","","PROCEDIMENTOS CIRÚRGICOS E INVASIVOS"
"RECONSTRUÇÃO DE UNIDADE ANATÔMICA DO PAVILHÃO AURICULAR","","","","HCO","HSO","REF","","","PAVILHÃO AURICULAR","ORELHA","","PROCEDIMENTOS CIRÚRGICOS E INVASIVOS"
"RECONSTRUÇÃO TOTAL DE ORELHA","","","","HCO","HSO","REF","","","PAVILHÃO AURICULAR","ORELHA","","PROCEDIMENTOS CIRÚRGICOS E INVASIVOS"
"RESSECÇÃO DE ORELHA","","","","HCO","HSO","REF","","","PAVILHÃO AURICULAR","ORELHA","","PROCEDIMENTOS CIRÚRGICOS E INVASIVOS"
"RESSECÇÃO DE TUMOR DE PAVILHÃO AURICULAR, INCLUINDO PARTE DO OSSO TEMPORAL","","","","HCO","HSO","REF","","","PAVILHÃO AURICULAR","ORELHA","","PROCEDIMENTOS CIRÚRGICOS E INVASIVOS"
"TRATAMENTO CIRÚRGICO DE SINUS PRÉ-AURICULAR","","","AMB","HCO","HSO","REF","","","PAVILHÃO AURICULAR","ORELHA","","PROCEDIMENTOS CIRÚRGICOS E INVASIVOS"
"ASPIRAÇÃO AURICULAR OU CURATIVO","","","AMB","HCO","HSO","REF","","","ORELHA EXTERNA","ORELHA","","PROCEDIMENTOS CIRÚRGICOS E INVASIVOS"
"BIÓPSIA DE ORELHA EXTERNA","","","AMB","HCO","HSO","REF","","","ORELHA EXTERNA","ORELHA","","PROCEDIMENTOS CIRÚRGICOS E INVASIVOS"
"ESTENOSE DE CONDUTO AUDITIVO EXTERNO - CORREÇÃO","","","","HCO","HSO","REF","","","ORELHA EXTERNA","ORELHA","","PROCEDIMENTOS CIRÚRGICOS E INVASIVOS"
"EXÉRESE DE CISTO PRÉ-AURICULAR","","","AMB","","","REF","","","ORELHA EXTERNA","ORELHA","","PROCEDIMENTOS CIRÚRGICOS E INVASIVOS"
"FURÚNCULO - DRENAGEM","","","AMB","","","REF","","","ORELHA EXTERNA","ORELHA","","PROCEDIMENTOS CIRÚRGICOS E INVASIVOS"
