"","RN","","","","","","","","","",""
"PROCEDIMENTO","VIGÊNCIA","OD","AMB","HCO","HSO","REF","PAC","DUT","SUBGRUPO","GRUPO","CAPÍTULO"
"","(alteração)","","","","","","","","","",""
"","","","","","","","","","","","PROCEDIMENTOS DIAGNÓSTICOS E"
"SCHISTOSOMA MANSONI - IGG / IGM","","","AMB","HCO","HSO","REF","","IMUNOLOGIA","","PROCEDIMENTOS LABORATORIAIS",""
"","","","","","","","","","","","TERAPÊUTICOS"
"","","","","","","","","","","","PROCEDIMENTOS DIAGNÓSTICOS E"
"SÍFILIS - FTA-Abs-IgG","","","AMB","HCO","HSO","REF","","IMUNOLOGIA","","PROCEDIMENTOS LABORATORIAIS",""
"","","","","","","","","","","","TERAPÊUTICOS"
"","","","","","","","","","","","PROCEDIMENTOS DIAGNÓSTICOS E"
"SÍFILIS - FTA-ABS-IGM","","","AMB","HCO","HSO","REF","","IMUNOLOGIA","","PROCEDIMENTOS LABORATORIAIS",""
"","","","","","","","","","","","TERAPÊUTICOS"
"","","","","","","","","","","","PROCEDIMENTOS DIAGNÓSTICOS E"
"SÍFILIS - TPHA","","","AMB","HCO","HSO","REF","","IMUNOLOGIA","","PROCEDIMENTOS LABORATORIAIS",""
"","","","","","","","","","","","TERAPÊUTICOS"
"","","","","","","","","","","","PROCEDIMENTOS DIAGNÓSTICOS E"
"SÍFILIS - VDRL (SOROLOGIA PARA LUES)","","","AMB","HCO","HSO","REF","","IMUNOLOGIA","","PROCEDIMENTOS LABORATORIAIS",""
"","","","","","","","","","","","TERAPÊUTICOS"
"TESTE DE FLUXO LATERAL PARA DETECÇÃO DE LIPOARABINOMANANO EM URINA (LF - LAM) (COM DIRETRIZ","","","","","","","","","","","PROCEDIMENTOS DIAGNÓSTICOS E"
"","619/2024
02/01/2025","","AMB","HCO","HSO","REF","","167
IMUNOLOGIA","","PROCEDIMENTOS LABORATORIAIS",""
"DE UTILIZAÇÃO)","","","","","","","","","","","TERAPÊUTICOS"
"TIPAGEM HLA, LOCI A E B, MÉTODOS IMUNOLÓGICOS (TIPAGEM DO RECEPTOR E DOS CANDIDATOS A","","","","","","","","","","","PROCEDIMENTOS DIAGNÓSTICOS E"
"","","","AMB","HCO","HSO","REF","PAC","IMUNOLOGIA","","PROCEDIMENTOS LABORATORIAIS",""
"DOADOR)","","","","","","","","","","","TERAPÊUTICOS"
"TIPAGEM HLA, LOCI A E B, MÉTODOS MOLECULARES DE BAIXA A MÉDIA RESOLUÇÃO (TIPAGEM DO","","","","","","","","","","","PROCEDIMENTOS DIAGNÓSTICOS E"
"","","","AMB","HCO","HSO","REF","","IMUNOLOGIA","","PROCEDIMENTOS LABORATORIAIS",""
"RECEPTOR E DOS CANDIDATOS A DOADOR)","","","","","","","","","","","TERAPÊUTICOS"
"TIPAGEM HLA, LOCI DR E DQ, MÉTODOS IMUNOLÓGICOS (TIPAGEM DO RECEPTOR E DOS CANDIDATOS A","","","","","","","","","","","PROCEDIMENTOS DIAGNÓSTICOS E"
"","","","AMB","HCO","HSO","REF","","IMUNOLOGIA","","PROCEDIMENTOS LABORATORIAIS",""
"DOADOR)","","","","","","","","","","","TERAPÊUTICOS"
"TIPAGEM HLA, LOCI DR E DQ, MÉTODOS MOLECULARES DE ALTA RESOLUÇÃO (TIPAGEM DO RECEPTOR E","","","","","","","","","","","PROCEDIMENTOS DIAGNÓSTICOS E"
"","","","AMB","HCO","HSO","REF","","IMUNOLOGIA","","PROCEDIMENTOS LABORATORIAIS",""
"DOS CANDIDATOS A DOADOR)","","","","","","","","","","","TERAPÊUTICOS"
"TIPAGEM HLA, LOCI DR E DQ, MÉTODOS MOLECULARES DE BAIXA A MÉDIA RESOLUÇÃO (TIPAGEM DO","","","","","","","","","","","PROCEDIMENTOS DIAGNÓSTICOS E"
"","","","AMB","HCO","HSO","REF","","IMUNOLOGIA","","PROCEDIMENTOS LABORATORIAIS",""
"RECEPTOR E DOS CANDIDATOS A DOADOR)","","","","","","","","","","","TERAPÊUTICOS"
"","","","","","","","","","","","PROCEDIMENTOS DIAGNÓSTICOS E"
"TOXOCARA CANIS - IGG / IGM","","","AMB","HCO","HSO","REF","","IMUNOLOGIA","","PROCEDIMENTOS LABORATORIAIS",""
"","","","","","","","","","","","TERAPÊUTICOS"
"","","","","","","","","","","","PROCEDIMENTOS DIAGNÓSTICOS E"
"TOXOPLASMOSE - IGA","","","AMB","HCO","HSO","REF","","IMUNOLOGIA","","PROCEDIMENTOS LABORATORIAIS",""
"","","","","","","","","","","","TERAPÊUTICOS"
"","","","","","","","","","","","PROCEDIMENTOS DIAGNÓSTICOS E"
"TOXOPLASMOSE - IGG/IGM","","","AMB","HCO","HSO","REF","","IMUNOLOGIA","","PROCEDIMENTOS LABORATORIAIS",""
"","","","","","","","","","","","TERAPÊUTICOS"
"","","","","","","","","","","","PROCEDIMENTOS DIAGNÓSTICOS E"
"VÍRUS SINCICIAL RESPIRATÓRIO, IGG E/OU IGM","","","AMB","HCO","HSO","REF","","IMUNOLOGIA","","PROCEDIMENTOS LABORATORIAIS",""
"","","","","","","","","","","","TERAPÊUTICOS"
"","","","","","","","","","","","PROCEDIMENTOS DIAGNÓSTICOS E"
"VÍRUS ZIKA - IGM (COM DIRETRIZ DE UTILIZAÇÃO)","","","AMB","HCO","HSO","REF","","112
IMUNOLOGIA","","PROCEDIMENTOS LABORATORIAIS",""
"","","","","","","","","","","","TERAPÊUTICOS"
"","","","","","","","","","","","PROCEDIMENTOS DIAGNÓSTICOS E"
"VÍRUS ZIKA - IGG (COM DIRETRIZ DE UTILIZAÇÃO)","","","AMB","HCO","HSO","REF","","113
IMUNOLOGIA","","PROCEDIMENTOS LABORATORIAIS",""
"","","","","","","","","","","","TERAPÊUTICOS"
"","","","","","","","","","","","PROCEDIMENTOS DIAGNÓSTICOS E"
"WAALER-ROSE (FATOR REUMATÓIDE)","","","AMB","HCO","HSO","REF","","IMUNOLOGIA","","PROCEDIMENTOS LABORATORIAIS",""
"","","","","","","","","","","","TERAPÊUTICOS"
"","","","","","","","","","","","PROCEDIMENTOS DIAGNÓSTICOS E"
"WESTERN BLOT (ANTICORPOS ANTI-HCV)","","","AMB","HCO","HSO","REF","","IMUNOLOGIA","","PROCEDIMENTOS LABORATORIAIS",""
"","","","","","","","","","","","TERAPÊUTICOS"
