"","RN","","","","","","","","","","",""
"PROCEDIMENTO","VIGÊNCIA","OD","AMB","HCO","HSO","REF","PAC","DUT","SUBGRUPO","","GRUPO","CAPÍTULO"
"","(alteração)","","","","","","","","","","",""
"PERICONDRITE DE PAVILHÃO - TRATAMENTO CIRÚRGICO","","","","HCO","HSO","REF","","","ORELHA EXTERNA","ORELHA","","PROCEDIMENTOS CIRÚRGICOS E INVASIVOS"
"RETIRADA DE CORPOS ESTRANHOS OU PÓLIPOS E OU BIÓPSIA","","","AMB","HCO","HSO","REF","","","ORELHA EXTERNA","ORELHA","","PROCEDIMENTOS CIRÚRGICOS E INVASIVOS"
"TUMOR DE CONDUTO AUDITIVO EXTERNO - EXÉRESE","","","AMB","HCO","HSO","REF","","","ORELHA EXTERNA","ORELHA","","PROCEDIMENTOS CIRÚRGICOS E INVASIVOS"
"CAUTERIZAÇÃO DE MEMBRANA TIMPÂNICA","","","AMB","HCO","HSO","REF","","","ORELHA MÉDIA","ORELHA","","PROCEDIMENTOS CIRÚRGICOS E INVASIVOS"
"DUCHA DE POLITZER OU CURATIVO DE OUVIDO","","","AMB","HCO","HSO","REF","","","ORELHA MÉDIA","ORELHA","","PROCEDIMENTOS CIRÚRGICOS E INVASIVOS"
"ESTAPEDECTOMIA OU ESTAPEDOTOMIA","","","","HCO","HSO","REF","","","ORELHA MÉDIA","ORELHA","","PROCEDIMENTOS CIRÚRGICOS E INVASIVOS"
"EXPLORAÇÃO E DESCOMPRESSÃO DO NERVO FACIAL INTRATEMPORAL","","","","HCO","HSO","REF","","","ORELHA MÉDIA","ORELHA","","PROCEDIMENTOS CIRÚRGICOS E INVASIVOS"
"FÍSTULA PERILINFÁTICA - FECHAMENTO CIRÚRGICO","","","","HCO","HSO","REF","","","ORELHA MÉDIA","ORELHA","","PROCEDIMENTOS CIRÚRGICOS E INVASIVOS"
"GLOMUS JUGULAR - RESSECÇÃO","","","","HCO","HSO","REF","","","ORELHA MÉDIA","ORELHA","","PROCEDIMENTOS CIRÚRGICOS E INVASIVOS"
"GLOMUS TIMPÂNICUS - RESSECÇÃO","","","","HCO","HSO","REF","","","ORELHA MÉDIA","ORELHA","","PROCEDIMENTOS CIRÚRGICOS E INVASIVOS"
"MASTOIDECTOMIA","","","","HCO","HSO","REF","","","ORELHA MÉDIA","ORELHA","","PROCEDIMENTOS CIRÚRGICOS E INVASIVOS"
"OUVIDO CONGÊNITO - TRATAMENTO CIRÚRGICO","","","","HCO","HSO","REF","","","ORELHA MÉDIA","ORELHA","","PROCEDIMENTOS CIRÚRGICOS E INVASIVOS"
"PARACENTESE DO TÍMPANO - MIRINGOTOMIA","","","AMB","HCO","HSO","REF","","","ORELHA MÉDIA","ORELHA","","PROCEDIMENTOS CIRÚRGICOS E INVASIVOS"
"IMPLANTE DE PRÓTESE AUDITIVA ANCORADA NO OSSO (COM DIRETRIZ DE UTILIZAÇÃO)","","","","HCO","HSO","REF","PAC","44","ORELHA MÉDIA","ORELHA","","PROCEDIMENTOS CIRÚRGICOS E INVASIVOS"
"TÍMPANO-MASTOIDECTOMIA","","","","HCO","HSO","REF","","","ORELHA MÉDIA","ORELHA","","PROCEDIMENTOS CIRÚRGICOS E INVASIVOS"
"TIMPANOPLASTIA - MIRINGOPLASTIA","","","","HCO","HSO","REF","","","ORELHA MÉDIA","ORELHA","","PROCEDIMENTOS CIRÚRGICOS E INVASIVOS"
"TIMPANOPLASTIA COM RECONSTRUÇÃO DA CADEIA OSSICULAR","","","","HCO","HSO","REF","","","ORELHA MÉDIA","ORELHA","","PROCEDIMENTOS CIRÚRGICOS E INVASIVOS"
"TIMPANOTOMIA EXPLORADORA","","","","HCO","HSO","REF","","","ORELHA MÉDIA","ORELHA","","PROCEDIMENTOS CIRÚRGICOS E INVASIVOS"
"TIMPANOTOMIA PARA TUBO DE VENTILAÇÃO","","","","HCO","HSO","REF","","","ORELHA MÉDIA","ORELHA","","PROCEDIMENTOS CIRÚRGICOS E INVASIVOS"
