"","RN","","","","","","","","","",""
"PROCEDIMENTO","VIGÊNCIA","OD","AMB","HCO","HSO","REF","PAC","DUT","SUBGRUPO","GRUPO","CAPÍTULO"
"","(alteração)","","","","","","","","","",""
"","","","","","","","","","","PELE E TECIDO CELULAR SUBCUTÂNEO,",""
"RECONSTRUÇÃO COM RETALHOS DE GÁLEA APONEURÓTICA","","","","HCO","HSO","REF","","","PROCEDIMENTOS","","PROCEDIMENTOS CIRÚRGICOS E INVASIVOS"
"","","","","","","","","","","MUCOSAS E ANEXOS",""
"","","","","","","","","","","PELE E TECIDO CELULAR SUBCUTÂNEO,",""
"RETALHO CUTÂNEO, MUSCULAR OU COMPOSTO (INCLUINDO CARTILAGEM OU OSSO)","","","","HCO","HSO","REF","","","PROCEDIMENTOS","","PROCEDIMENTOS CIRÚRGICOS E INVASIVOS"
"","","","","","","","","","","MUCOSAS E ANEXOS",""
"","","","","","","","","","","PELE E TECIDO CELULAR SUBCUTÂNEO,",""
"RETIRADA DE CORPO ESTRANHO SUBCUTÂNEO","","","AMB","HCO","HSO","REF","","","PROCEDIMENTOS","","PROCEDIMENTOS CIRÚRGICOS E INVASIVOS"
"","","","","","","","","","","MUCOSAS E ANEXOS",""
"","","","","","","","","","","PELE E TECIDO CELULAR SUBCUTÂNEO,",""
"RETRAÇÃO CICATRICIAL DE ZONA DE FLEXÃO E EXTENSÃO DE MEMBROS SUPERIORES E INFERIORES","","","","HCO","HSO","REF","","","PROCEDIMENTOS","","PROCEDIMENTOS CIRÚRGICOS E INVASIVOS"
"","","","","","","","","","","MUCOSAS E ANEXOS",""
"","","","","","","","","","","PELE E TECIDO CELULAR SUBCUTÂNEO,",""
"RETRAÇÃO DE APONEUROSE PALMAR (DUPUYTREN)","","","","HCO","HSO","REF","","","PROCEDIMENTOS","","PROCEDIMENTOS CIRÚRGICOS E INVASIVOS"
"","","","","","","","","","","MUCOSAS E ANEXOS",""
"","","","","","","","","","","PELE E TECIDO CELULAR SUBCUTÂNEO,",""
"SUTURA DE FERIMENTOS COM OU SEM DESBRIDAMENTO","","","AMB","HCO","HSO","REF","","","PROCEDIMENTOS","","PROCEDIMENTOS CIRÚRGICOS E INVASIVOS"
"","","","","","","","","","","MUCOSAS E ANEXOS",""
"","","","","","","","","","","PELE E TECIDO CELULAR SUBCUTÂNEO,",""
"TERAPIA POR PRESSÃO NEGATIVA (COM DIRETRIZ DE UTILIZAÇÃO)","","","AMB","HCO","HSO","REF","","148","PROCEDIMENTOS","","PROCEDIMENTOS CIRÚRGICOS E INVASIVOS"
"","","","","","","","","","","MUCOSAS E ANEXOS",""
"","","","","","","","","","","PELE E TECIDO CELULAR SUBCUTÂNEO,",""
"TRANSECÇÃO DE RETALHO","","","","HCO","HSO","REF","","","PROCEDIMENTOS","","PROCEDIMENTOS CIRÚRGICOS E INVASIVOS"
"","","","","","","","","","","MUCOSAS E ANEXOS",""
"","","","","","","","","","","PELE E TECIDO CELULAR SUBCUTÂNEO,",""
"TRANSFERÊNCIA INTERMEDIÁRIA DE RETALHO","","","","HCO","HSO","REF","","","PROCEDIMENTOS","","PROCEDIMENTOS CIRÚRGICOS E INVASIVOS"
"","","","","","","","","","","MUCOSAS E ANEXOS",""
"","","","","","","","","","","PELE E TECIDO CELULAR SUBCUTÂNEO,",""
"TRATAMENTO CIRÚRGICO DA UNHA (ENXERTO)","","","AMB","HCO","HSO","REF","","","PROCEDIMENTOS","","PROCEDIMENTOS CIRÚRGICOS E INVASIVOS"
"","","","","","","","","","","MUCOSAS E ANEXOS",""
"","","","","","","","","","","PELE E TECIDO CELULAR SUBCUTÂNEO,",""
"TRATAMENTO CIRÚRGICO DE HEMANGIOMAS, LINFANGIOMAS OU NEVUS","","","","HCO","HSO","REF","","","PROCEDIMENTOS","","PROCEDIMENTOS CIRÚRGICOS E INVASIVOS"
"","","","","","","","","","","MUCOSAS E ANEXOS",""
"","","","","","","","","","","PELE E TECIDO CELULAR SUBCUTÂNEO,",""
"TRATAMENTO CIRÚRGICO DE BRIDAS CONSTRICTIVAS","","","","HCO","HSO","REF","","","PROCEDIMENTOS","","PROCEDIMENTOS CIRÚRGICOS E INVASIVOS"
"","","","","","","","","","","MUCOSAS E ANEXOS",""
"","","","","","","","","","","PELE E TECIDO CELULAR SUBCUTÂNEO,",""
"TRATAMENTO CIRÚRGICO DO ABSCESSO DE UNHA (DRENAGEM)","","","AMB","HCO","HSO","REF","","","PROCEDIMENTOS","","PROCEDIMENTOS CIRÚRGICOS E INVASIVOS"
"","","","","","","","","","","MUCOSAS E ANEXOS",""
"","","","","","","","","","","PELE E TECIDO CELULAR SUBCUTÂNEO,",""
"TRATAMENTO DA MIIASE FURUNCULÓIDE","","","AMB","HCO","HSO","REF","","","PROCEDIMENTOS","","PROCEDIMENTOS CIRÚRGICOS E INVASIVOS"
"","","","","","","","","","","MUCOSAS E ANEXOS",""
"","","","","","","","","","","PELE E TECIDO CELULAR SUBCUTÂNEO,",""
"TRATAMENTO DE ESCARAS OU ULCERAÇÕES COM RETALHOS CUTÂNEOS","","","","HCO","HSO","REF","","","PROCEDIMENTOS","","PROCEDIMENTOS CIRÚRGICOS E INVASIVOS"
"","","","","","","","","","","MUCOSAS E ANEXOS",""
"","","","","","","","","","","PELE E TECIDO CELULAR SUBCUTÂNEO,",""
"TRATAMENTO DE ESCARAS OU ULCERAÇÕES COM RETALHOS MIOCUTÂNEOS OU MUSCULARES","","","","HCO","HSO","REF","","","PROCEDIMENTOS","","PROCEDIMENTOS CIRÚRGICOS E INVASIVOS"
"","","","","","","","","","","MUCOSAS E ANEXOS",""
"","","","","","","","","","","PELE E TECIDO CELULAR SUBCUTÂNEO,",""
"TRATAMENTO DE FÍSTULA CUTÂNEA","","","","HCO","HSO","REF","","","PROCEDIMENTOS","","PROCEDIMENTOS CIRÚRGICOS E INVASIVOS"
"","","","","","","","","","","MUCOSAS E ANEXOS",""
"BIÓPSIA DE LÁBIO (COM DIRETRIZ DE UTILIZAÇÃO)","","OD","AMB","HCO","HSO","REF","","83","LÁBIO","CABEÇA E PESCOÇO","PROCEDIMENTOS CIRÚRGICOS E INVASIVOS"
"EXCISÃO COM PLÁSTICA DE VERMELHÃO","","","","HCO","HSO","REF","","","LÁBIO","CABEÇA E PESCOÇO","PROCEDIMENTOS CIRÚRGICOS E INVASIVOS"
