"","RN","","","","","","","","","",""
"PROCEDIMENTO","VIGÊNCIA","OD","AMB","HCO","HSO","REF","PAC","DUT","SUBGRUPO","GRUPO","CAPÍTULO"
"","(alteração)","","","","","","","","","",""
"","","","","","","","","","","","PROCEDIMENTOS DIAGNÓSTICOS E"
"ULTRASSONOGRAFIA BIOMICROSCÓPICA OCULAR","","","AMB","HCO","HSO","REF","","","ULTRASSONOGRAFIA DIAGNÓSTICA","MÉTODOS DIAGNÓSTICOS POR IMAGEM",""
"","","","","","","","","","","","TERAPÊUTICOS"
"","","","","","","","","","","","PROCEDIMENTOS DIAGNÓSTICOS E"
"ULTRASSONOGRAFIA DE ABDOME INFERIOR FEMININO","","","AMB","HCO","HSO","REF","","","ULTRASSONOGRAFIA DIAGNÓSTICA","MÉTODOS DIAGNÓSTICOS POR IMAGEM",""
"","","","","","","","","","","","TERAPÊUTICOS"
"","","","","","","","","","","","PROCEDIMENTOS DIAGNÓSTICOS E"
"ULTRASSONOGRAFIA DE ABDOME INFERIOR MASCULINO","","","AMB","HCO","HSO","REF","","","ULTRASSONOGRAFIA DIAGNÓSTICA","MÉTODOS DIAGNÓSTICOS POR IMAGEM",""
"","","","","","","","","","","","TERAPÊUTICOS"
"","","","","","","","","","","","PROCEDIMENTOS DIAGNÓSTICOS E"
"ULTRASSONOGRAFIA DE ABDOME SUPERIOR","","","AMB","HCO","HSO","REF","","","ULTRASSONOGRAFIA DIAGNÓSTICA","MÉTODOS DIAGNÓSTICOS POR IMAGEM",""
"","","","","","","","","","","","TERAPÊUTICOS"
"","","","","","","","","","","","PROCEDIMENTOS DIAGNÓSTICOS E"
"ULTRASSONOGRAFIA DE ABDOME TOTAL","","","AMB","HCO","HSO","REF","","","ULTRASSONOGRAFIA DIAGNÓSTICA","MÉTODOS DIAGNÓSTICOS POR IMAGEM",""
"","","","","","","","","","","","TERAPÊUTICOS"
"","","","","","","","","","","","PROCEDIMENTOS DIAGNÓSTICOS E"
"ULTRASSONOGRAFIA DE APARELHO URINÁRIO FEMININO","","","AMB","HCO","HSO","REF","","","ULTRASSONOGRAFIA DIAGNÓSTICA","MÉTODOS DIAGNÓSTICOS POR IMAGEM",""
"","","","","","","","","","","","TERAPÊUTICOS"
"","","","","","","","","","","","PROCEDIMENTOS DIAGNÓSTICOS E"
"ULTRASSONOGRAFIA DE APARELHO URINÁRIO MASCULINO","","","AMB","HCO","HSO","REF","","","ULTRASSONOGRAFIA DIAGNÓSTICA","MÉTODOS DIAGNÓSTICOS POR IMAGEM",""
"","","","","","","","","","","","TERAPÊUTICOS"
"","","","","","","","","","","","PROCEDIMENTOS DIAGNÓSTICOS E"
"ULTRASSONOGRAFIA DE ESTRUTURAS SUPERFICIAIS OU PARTES MOLES","","","AMB","HCO","HSO","REF","","","ULTRASSONOGRAFIA DIAGNÓSTICA","MÉTODOS DIAGNÓSTICOS POR IMAGEM",""
"","","","","","","","","","","","TERAPÊUTICOS"
"","","","","","","","","","","","PROCEDIMENTOS DIAGNÓSTICOS E"
"ULTRASSONOGRAFIA DE GLÂNDULAS SALIVARES","","","AMB","HCO","HSO","REF","","","ULTRASSONOGRAFIA DIAGNÓSTICA","MÉTODOS DIAGNÓSTICOS POR IMAGEM",""
"","","","","","","","","","","","TERAPÊUTICOS"
"","","","","","","","","","","","PROCEDIMENTOS DIAGNÓSTICOS E"
"ULTRASSONOGRAFIA DE GLOBO OCULAR COM OU SEM DOPPLER COLORIDO","","","AMB","HCO","HSO","REF","","","ULTRASSONOGRAFIA DIAGNÓSTICA","MÉTODOS DIAGNÓSTICOS POR IMAGEM",""
"","","","","","","","","","","","TERAPÊUTICOS"
"","","","","","","","","","","","PROCEDIMENTOS DIAGNÓSTICOS E"
"ULTRASSONOGRAFIA DE MAMA","","","AMB","HCO","HSO","REF","","","ULTRASSONOGRAFIA DIAGNÓSTICA","MÉTODOS DIAGNÓSTICOS POR IMAGEM",""
"","","","","","","","","","","","TERAPÊUTICOS"
"","","","","","","","","","","","PROCEDIMENTOS DIAGNÓSTICOS E"
"ULTRASSONOGRAFIA DE ÓRGÃOS SUPERFICIAIS (TIREÓIDE, ESCROTO, PÊNIS OU CRÂNIO)","","","AMB","HCO","HSO","REF","","","ULTRASSONOGRAFIA DIAGNÓSTICA","MÉTODOS DIAGNÓSTICOS POR IMAGEM",""
"","","","","","","","","","","","TERAPÊUTICOS"
"","","","","","","","","","","","PROCEDIMENTOS DIAGNÓSTICOS E"
"ULTRASSONOGRAFIA TRANSRETAL","","","AMB","HCO","HSO","REF","","","ULTRASSONOGRAFIA DIAGNÓSTICA","MÉTODOS DIAGNÓSTICOS POR IMAGEM",""
"","","","","","","","","","","","TERAPÊUTICOS"
"","","","","","","","","","","","PROCEDIMENTOS DIAGNÓSTICOS E"
"ULTRASSONOGRAFIA DE RETROPERITÔNIO (GRANDES VASOS OU ADRENAIS)","","","AMB","HCO","HSO","REF","","","ULTRASSONOGRAFIA DIAGNÓSTICA","MÉTODOS DIAGNÓSTICOS POR IMAGEM",""
"","","","","","","","","","","","TERAPÊUTICOS"
"","","","","","","","","","","","PROCEDIMENTOS DIAGNÓSTICOS E"
"ULTRASSONOGRAFIA DERMATOLÓGICA - PELE E SUBCUTÂNEO","","","AMB","HCO","HSO","REF","","","ULTRASSONOGRAFIA DIAGNÓSTICA","MÉTODOS DIAGNÓSTICOS POR IMAGEM",""
"","","","","","","","","","","","TERAPÊUTICOS"
"","","","","","","","","","","","PROCEDIMENTOS DIAGNÓSTICOS E"
"ULTRASSONOGRAFIA DIAGNÓSTICA OCULAR","","","AMB","HCO","HSO","REF","","","ULTRASSONOGRAFIA DIAGNÓSTICA","MÉTODOS DIAGNÓSTICOS POR IMAGEM",""
"","","","","","","","","","","","TERAPÊUTICOS"
"ULTRASSONOGRAFIA OBSTÉTRICA COM TRANSLUCÊNCIA NUCAL/ULTRASSONOGRAFIA MORFOLÓGICA DO 1º","","","","","","","","","","","PROCEDIMENTOS DIAGNÓSTICOS E"
"","","","AMB","HCO","","REF","","76","ULTRASSONOGRAFIA DIAGNÓSTICA","MÉTODOS DIAGNÓSTICOS POR IMAGEM",""
"TRIMESTRE (COM DIRETRIZ DE UTILIZAÇÃO)","","","","","","","","","","","TERAPÊUTICOS"
"","","","","","","","","","","","PROCEDIMENTOS DIAGNÓSTICOS E"
"ULTRASSONOGRAFIA OBSTÉTRICA CONVENCIONALCOM OU SEM DOPPLER COLORIDO","","","AMB","HCO","","REF","","","ULTRASSONOGRAFIA DIAGNÓSTICA","MÉTODOS DIAGNÓSTICOS POR IMAGEM",""
"","","","","","","","","","","","TERAPÊUTICOS"
"","","","","","","","","","","","PROCEDIMENTOS DIAGNÓSTICOS E"
"ULTRASSONOGRAFIA OBSTÉTRICA ENDOVAGINAL","","","AMB","HCO","","REF","","","ULTRASSONOGRAFIA DIAGNÓSTICA","MÉTODOS DIAGNÓSTICOS POR IMAGEM",""
"","","","","","","","","","","","TERAPÊUTICOS"
