"","RN","","","","","","","","","",""
"PROCEDIMENTO","VIGÊNCIA","OD","AMB","HCO","HSO","REF","PAC","DUT","SUBGRUPO","GRUPO","CAPÍTULO"
"","(alteração)","","","","","","","","","",""
"","","","","","","","","","","SISTEMA MÚSCULO-ESQUELÉTICO E",""
"TRATAMENTO CIRÚRGICO DA OSTEOMIELITE","","","","HCO","HSO","REF","","","COLUNA VERTEBRAL","","PROCEDIMENTOS CIRÚRGICOS E INVASIVOS"
"","","","","","","","","","","ARTICULAÇÕES",""
"","","","","","","","","","","SISTEMA MÚSCULO-ESQUELÉTICO E",""
"TRATAMENTO CIRÚRGICO DAS MALFORMAÇÕES CRANIOVERTEBRAIS","","","","HCO","HSO","REF","","","COLUNA VERTEBRAL","","PROCEDIMENTOS CIRÚRGICOS E INVASIVOS"
"","","","","","","","","","","ARTICULAÇÕES",""
"","","","","","","","","","","SISTEMA MÚSCULO-ESQUELÉTICO E",""
"TRATAMENTO CIRÚRGICO DE ESPONDILOLISTESE","","","","HCO","HSO","REF","","","COLUNA VERTEBRAL","","PROCEDIMENTOS CIRÚRGICOS E INVASIVOS"
"","","","","","","","","","","ARTICULAÇÕES",""
"","","","","","","","","","","SISTEMA MÚSCULO-ESQUELÉTICO E",""
"TRATAMENTO CIRÚRGICO DO DISRAFISMO ESPINHAL","","","","HCO","HSO","REF","","","COLUNA VERTEBRAL","","PROCEDIMENTOS CIRÚRGICOS E INVASIVOS"
"","","","","","","","","","","ARTICULAÇÕES",""
"","","","","","","","","","","SISTEMA MÚSCULO-ESQUELÉTICO E",""
"TRATAMENTO CIRÚRGICO DO DORSO CURVO OU ESCOLIOSE OU CIFOSE OU GIBA COSTAL","","","","HCO","HSO","REF","","","COLUNA VERTEBRAL","","PROCEDIMENTOS CIRÚRGICOS E INVASIVOS"
"","","","","","","","","","","ARTICULAÇÕES",""
"","","","","","","","","","","SISTEMA MÚSCULO-ESQUELÉTICO E",""
"TRATAMENTO CONSERVADOR DO TRAUMATISMO RAQUIMEDULAR","","","","HCO","HSO","REF","","","COLUNA VERTEBRAL","","PROCEDIMENTOS CIRÚRGICOS E INVASIVOS"
"","","","","","","","","","","ARTICULAÇÕES",""
"TRATAMENTO MICROCIRÚRGICO DAS LESÕES INTRAMEDULARES (TUMOR, MALFORMAÇÕES","","","","","","","","","","SISTEMA MÚSCULO-ESQUELÉTICO E",""
"","","","","HCO","HSO","REF","","","COLUNA VERTEBRAL","","PROCEDIMENTOS CIRÚRGICOS E INVASIVOS"
"ARTERIOVENOSAS, SIRINGOMIELIA, PARASITOSES)","","","","","","","","","","ARTICULAÇÕES",""
"","","","","","","","","","","SISTEMA MÚSCULO-ESQUELÉTICO E",""
"TRATAMENTO MICROCIRÚRGICO DO CANAL VERTEBRAL ESTREITO","","","","HCO","HSO","REF","","","COLUNA VERTEBRAL","","PROCEDIMENTOS CIRÚRGICOS E INVASIVOS"
"","","","","","","","","","","ARTICULAÇÕES",""
"","","","","","","","","","","SISTEMA MÚSCULO-ESQUELÉTICO E",""
"TUMOR ÓSSEO VERTEBRAL - TRATAMENTO CIRÚRGICO","","","","HCO","HSO","REF","","","COLUNA VERTEBRAL","","PROCEDIMENTOS CIRÚRGICOS E INVASIVOS"
"","","","","","","","","","","ARTICULAÇÕES",""
"","","","","","","","","","ARTICULAÇÃO ESCÁPULO-UMERAL E","SISTEMA MÚSCULO-ESQUELÉTICO E",""
"ARTRODESE AO NÍVEL DO OMBRO - TRATAMENTO CIRÚRGICO","","","","HCO","HSO","REF","","","","","PROCEDIMENTOS CIRÚRGICOS E INVASIVOS"
"","","","","","","","","","CINTURA ESCAPULAR","ARTICULAÇÕES",""
"","","","","","","","","","ARTICULAÇÃO ESCÁPULO-UMERAL E","SISTEMA MÚSCULO-ESQUELÉTICO E",""
"ARTROPLASTIA ESCÁPULO UMERAL COM IMPLANTE - TRATAMENTO CIRÚRGICO","","","","HCO","HSO","REF","","","","","PROCEDIMENTOS CIRÚRGICOS E INVASIVOS"
"","","","","","","","","","CINTURA ESCAPULAR","ARTICULAÇÕES",""
"","","","","","","","","","ARTICULAÇÃO ESCÁPULO-UMERAL E","SISTEMA MÚSCULO-ESQUELÉTICO E",""
"ARTROTOMIA GLENOUMERAL - TRATAMENTO CIRÚRGICO","","","","HCO","HSO","REF","","","","","PROCEDIMENTOS CIRÚRGICOS E INVASIVOS"
"","","","","","","","","","CINTURA ESCAPULAR","ARTICULAÇÕES",""
"","","","","","","","","","ARTICULAÇÃO ESCÁPULO-UMERAL E","SISTEMA MÚSCULO-ESQUELÉTICO E",""
"BIÓPSIA CIRÚRGICA DA CINTURA ESCAPULAR","","","","HCO","HSO","REF","","","","","PROCEDIMENTOS CIRÚRGICOS E INVASIVOS"
"","","","","","","","","","CINTURA ESCAPULAR","ARTICULAÇÕES",""
"","","","","","","","","","ARTICULAÇÃO ESCÁPULO-UMERAL E","SISTEMA MÚSCULO-ESQUELÉTICO E",""
"DESARTICULAÇÃO AO NÍVEL DO OMBRO - TRATAMENTO CIRÚRGICO","","","","HCO","HSO","REF","","","","","PROCEDIMENTOS CIRÚRGICOS E INVASIVOS"
"","","","","","","","","","CINTURA ESCAPULAR","ARTICULAÇÕES",""
"","","","","","","","","","ARTICULAÇÃO ESCÁPULO-UMERAL E","SISTEMA MÚSCULO-ESQUELÉTICO E",""
"DOENÇA DE SPRENGEL - TRATAMENTO CIRÚRGICO","","","","HCO","HSO","REF","","","","","PROCEDIMENTOS CIRÚRGICOS E INVASIVOS"
"","","","","","","","","","CINTURA ESCAPULAR","ARTICULAÇÕES",""
"","","","","","","","","","ARTICULAÇÃO ESCÁPULO-UMERAL E","SISTEMA MÚSCULO-ESQUELÉTICO E",""
"ESCÁPULA EM RESSALTO - TRATAMENTO CIRÚRGICO","","","","HCO","HSO","REF","","","","","PROCEDIMENTOS CIRÚRGICOS E INVASIVOS"
"","","","","","","","","","CINTURA ESCAPULAR","ARTICULAÇÕES",""
"","","","","","","","","","ARTICULAÇÃO ESCÁPULO-UMERAL E","SISTEMA MÚSCULO-ESQUELÉTICO E",""
"FRATURAS E/OU LUXAÇÕES E/OU AVULSÕES - REDUÇÃO INCRUENTA","","","AMB","HCO","HSO","REF","","","","","PROCEDIMENTOS CIRÚRGICOS E INVASIVOS"
"","","","","","","","","","CINTURA ESCAPULAR","ARTICULAÇÕES",""
"","","","","","","","","","ARTICULAÇÃO ESCÁPULO-UMERAL E","SISTEMA MÚSCULO-ESQUELÉTICO E",""
"FRATURAS E/OU LUXAÇÕES E/OU AVULSÕES - TRATAMENTO CIRÚRGICO","","","","HCO","HSO","REF","","","","","PROCEDIMENTOS CIRÚRGICOS E INVASIVOS"
"","","","","","","","","","CINTURA ESCAPULAR","ARTICULAÇÕES",""
"","","","","","","","","","ARTICULAÇÃO ESCÁPULO-UMERAL E","SISTEMA MÚSCULO-ESQUELÉTICO E",""
"LUXAÇÕES CRÔNICAS INVETERADAS E RECIDIVANTES - TRATAMENTO CIRÚRGICO","","","","HCO","HSO","REF","","","","","PROCEDIMENTOS CIRÚRGICOS E INVASIVOS"
"","","","","","","","","","CINTURA ESCAPULAR","ARTICULAÇÕES",""
