"","RN","","","","","","","","","",""
"PROCEDIMENTO","VIGÊNCIA","OD","AMB","HCO","HSO","REF","PAC","DUT","SUBGRUPO","GRUPO","CAPÍTULO"
"","(alteração)","","","","","","","","","",""
"","","","","","","","","","ARTICULAÇÃO ESCÁPULO-UMERAL E","SISTEMA MÚSCULO-ESQUELÉTICO E",""
"OSTEOMIELITE AO NÍVEL DA CINTURA ESCAPULAR - TRATAMENTO CIRÚRGICO","","","","HCO","HSO","REF","","","","","PROCEDIMENTOS CIRÚRGICOS E INVASIVOS"
"","","","","","","","","","CINTURA ESCAPULAR","ARTICULAÇÕES",""
"","","","","","","","","","ARTICULAÇÃO ESCÁPULO-UMERAL E","SISTEMA MÚSCULO-ESQUELÉTICO E",""
"PSEUDARTROSES E/OU OSTEOTOMIAS DA CINTURA ESCAPULAR - TRATAMENTO CIRÚRGICO","","","","HCO","HSO","REF","","","","","PROCEDIMENTOS CIRÚRGICOS E INVASIVOS"
"","","","","","","","","","CINTURA ESCAPULAR","ARTICULAÇÕES",""
"","","","","","","","","","ARTICULAÇÃO ESCÁPULO-UMERAL E","SISTEMA MÚSCULO-ESQUELÉTICO E",""
"RESSECÇÃO PARCIAL OU TOTAL DE CLAVÍCULA","","","","HCO","HSO","REF","","","","","PROCEDIMENTOS CIRÚRGICOS E INVASIVOS"
"","","","","","","","","","CINTURA ESCAPULAR","ARTICULAÇÕES",""
"","","","","","","","","","ARTICULAÇÃO ESCÁPULO-UMERAL E","SISTEMA MÚSCULO-ESQUELÉTICO E",""
"REVISÃO CIRÚRGICA DE PRÓTESE DE OMBRO","","","","HCO","HSO","REF","","","","","PROCEDIMENTOS CIRÚRGICOS E INVASIVOS"
"","","","","","","","","","CINTURA ESCAPULAR","ARTICULAÇÕES",""
"","","","","","","","","","ARTICULAÇÃO ESCÁPULO-UMERAL E","SISTEMA MÚSCULO-ESQUELÉTICO E",""
"TRANSFERÊNCIAS MUSCULARES AO NÍVEL DO OMBRO","","","","HCO","HSO","REF","","","","","PROCEDIMENTOS CIRÚRGICOS E INVASIVOS"
"","","","","","","","","","CINTURA ESCAPULAR","ARTICULAÇÕES",""
"","","","","","","","","","","SISTEMA MÚSCULO-ESQUELÉTICO E",""
"ABAIXAMENTO MIOTENDINOSO NO ANTEBRAÇO","","","","HCO","HSO","REF","","","MEMBROS SUPERIORES","","PROCEDIMENTOS CIRÚRGICOS E INVASIVOS"
"","","","","","","","","","","ARTICULAÇÕES",""
"","","","","","","","","","","SISTEMA MÚSCULO-ESQUELÉTICO E",""
"ABSCESSOS DE DEDO (DRENAGEM) - TRATAMENTO CIRÚRGICO","","","AMB","HCO","HSO","REF","","","MEMBROS SUPERIORES","","PROCEDIMENTOS CIRÚRGICOS E INVASIVOS"
"","","","","","","","","","","ARTICULAÇÕES",""
"","","","","","","","","","","SISTEMA MÚSCULO-ESQUELÉTICO E",""
"AGENESIA DE RÁDIO (CENTRALIZAÇÃO DA ULNA NO CARPO)","","","","HCO","HSO","REF","","","MEMBROS SUPERIORES","","PROCEDIMENTOS CIRÚRGICOS E INVASIVOS"
"","","","","","","","","","","ARTICULAÇÕES",""
"","","","","","","","","","","SISTEMA MÚSCULO-ESQUELÉTICO E",""
"ALONGAMENTO DO RÁDIO/ULNA - TRATAMENTO CIRÚRGICO","","","","HCO","HSO","REF","","","MEMBROS SUPERIORES","","PROCEDIMENTOS CIRÚRGICOS E INVASIVOS"
"","","","","","","","","","","ARTICULAÇÕES",""
"","","","","","","","","","","SISTEMA MÚSCULO-ESQUELÉTICO E",""
"ALONGAMENTO DOS OSSOS DO ANTEBRAÇO COM FIXADOR EXTERNO DINÂMICO - TRATAMENTO CIRÚRGICO","","","","HCO","HSO","REF","","","MEMBROS SUPERIORES","","PROCEDIMENTOS CIRÚRGICOS E INVASIVOS"
"","","","","","","","","","","ARTICULAÇÕES",""
"","","","","","","","","","","SISTEMA MÚSCULO-ESQUELÉTICO E",""
"ALONGAMENTOS TENDINOSOS DE MÃO","","","","HCO","HSO","REF","","","MEMBROS SUPERIORES","","PROCEDIMENTOS CIRÚRGICOS E INVASIVOS"
"","","","","","","","","","","ARTICULAÇÕES",""
"","","","","","","","","","","SISTEMA MÚSCULO-ESQUELÉTICO E",""
"AMPUTAÇÃO AO NÍVEL DO ANTEBRAÇO - TRATAMENTO CIRÚRGICO","","","","HCO","HSO","REF","","","MEMBROS SUPERIORES","","PROCEDIMENTOS CIRÚRGICOS E INVASIVOS"
"","","","","","","","","","","ARTICULAÇÕES",""
"","","","","","","","","","","SISTEMA MÚSCULO-ESQUELÉTICO E",""
"AMPUTAÇÃO AO NÍVEL DO BRAÇO - TRATAMENTO CIRÚRGICO","","","","HCO","HSO","REF","","","MEMBROS SUPERIORES","","PROCEDIMENTOS CIRÚRGICOS E INVASIVOS"
"","","","","","","","","","","ARTICULAÇÕES",""
"","","","","","","","","","","SISTEMA MÚSCULO-ESQUELÉTICO E",""
"AMPUTAÇÃO AO NÍVEL DOS METACARPIANOS - TRATAMENTO CIRÚRGICO","","","","HCO","HSO","REF","","","MEMBROS SUPERIORES","","PROCEDIMENTOS CIRÚRGICOS E INVASIVOS"
"","","","","","","","","","","ARTICULAÇÕES",""
"","","","","","","","","","","SISTEMA MÚSCULO-ESQUELÉTICO E",""
"AMPUTAÇÃO DE DEDO (CADA) - TRATAMENTO CIRÚRGICO","","","","HCO","HSO","REF","","","MEMBROS SUPERIORES","","PROCEDIMENTOS CIRÚRGICOS E INVASIVOS"
"","","","","","","","","","","ARTICULAÇÕES",""
"","","","","","","","","","","SISTEMA MÚSCULO-ESQUELÉTICO E",""
"AMPUTAÇÃO TRANSMETACARPIANA COM TRANSPOSIÇÃO DE DEDO","","","","HCO","HSO","REF","","","MEMBROS SUPERIORES","","PROCEDIMENTOS CIRÚRGICOS E INVASIVOS"
"","","","","","","","","","","ARTICULAÇÕES",""
"","","","","","","","","","","SISTEMA MÚSCULO-ESQUELÉTICO E",""
"ARTRODESE - TRATAMENTO CIRÚRGICO","","","","HCO","HSO","REF","","","MEMBROS SUPERIORES","","PROCEDIMENTOS CIRÚRGICOS E INVASIVOS"
"","","","","","","","","","","ARTICULAÇÕES",""
"","","","","","","","","","","SISTEMA MÚSCULO-ESQUELÉTICO E",""
"ARTRODESE ENTRE OS OSSOS DO CARPO","","","","HCO","HSO","REF","","","MEMBROS SUPERIORES","","PROCEDIMENTOS CIRÚRGICOS E INVASIVOS"
"","","","","","","","","","","ARTICULAÇÕES",""
"","","","","","","","","","","SISTEMA MÚSCULO-ESQUELÉTICO E",""
"ARTRODESE INTERFALANGEANA / METACARPOFALANGEANA - TRATAMENTO CIRÚRGICO","","","","HCO","HSO","REF","","","MEMBROS SUPERIORES","","PROCEDIMENTOS CIRÚRGICOS E INVASIVOS"
"","","","","","","","","","","ARTICULAÇÕES",""
