"","RN","","","","","","","","","",""
"PROCEDIMENTO","VIGÊNCIA","OD","AMB","HCO","HSO","REF","PAC","DUT","SUBGRUPO","GRUPO","CAPÍTULO"
"","(alteração)","","","","","","","","","",""
"","","","","","","","","","","","PROCEDIMENTOS DIAGNÓSTICOS E"
"TESTE DE PH SALIVAR (ACIDEZ SALIVAR)","","OD","","","","","","","PROCEDIMENTOS","EXAMES ESPECÍFICOS",""
"","","","","","","","","","","","TERAPÊUTICOS"
"","","","","","","","","","","","PROCEDIMENTOS DIAGNÓSTICOS E"
"TESTE DE FLUXO SALIVAR","","OD","","","","","","","PROCEDIMENTOS","EXAMES ESPECÍFICOS",""
"","","","","","","","","","","","TERAPÊUTICOS"
"","","","","","","","","","","","PROCEDIMENTOS DIAGNÓSTICOS E"
"TESTE DO REFLEXO VERMELHO EM RECÉM NATO (TESTE DO OLHINHO)","","","AMB","HCO","HSO","REF","","","PROCEDIMENTOS","EXAMES ESPECÍFICOS",""
"","","","","","","","","","","","TERAPÊUTICOS"
"","","","","","","","","","","","PROCEDIMENTOS DIAGNÓSTICOS E"
"TESTES VESTIBULARES ( COM OU SEM PROVA CALÓRICA, COM OU SEM ELETRONISTAGMOGRAFIA)","","","AMB","HCO","HSO","REF","","","PROCEDIMENTOS","EXAMES ESPECÍFICOS",""
"","","","","","","","","","","","TERAPÊUTICOS"
"","","","","","","","","","","","PROCEDIMENTOS DIAGNÓSTICOS E"
"TESTES VESTIBULARES, COM VECTO-ELETRONISTAGMOGRAFIA, COM OU SEM PROVAS CALÓRICAS","","","AMB","HCO","HSO","REF","","","PROCEDIMENTOS","EXAMES ESPECÍFICOS",""
"","","","","","","","","","","","TERAPÊUTICOS"
"","","","","","","","","","","","PROCEDIMENTOS DIAGNÓSTICOS E"
"TONOMETRIA","","","AMB","HCO","HSO","REF","","","PROCEDIMENTOS","EXAMES ESPECÍFICOS",""
"","","","","","","","","","","","TERAPÊUTICOS"
"TRICOGRAMA PARA DERMATOLOGIA / MINERALOGRAMA PARA TOXICOLOGIA (EXCLUI MEDICINA","","","","","","","","","","","PROCEDIMENTOS DIAGNÓSTICOS E"
"","","","AMB","HCO","HSO","REF","","","PROCEDIMENTOS","EXAMES ESPECÍFICOS",""
"ORTOMOLECULAR)","","","","","","","","","","","TERAPÊUTICOS"
"","","","","","","","","","","","PROCEDIMENTOS DIAGNÓSTICOS E"
"URODINÂMICA COMPLETA","","","AMB","HCO","HSO","REF","","","PROCEDIMENTOS","EXAMES ESPECÍFICOS",""
"","","","","","","","","","","","TERAPÊUTICOS"
"","","","","","","","","","","","PROCEDIMENTOS DIAGNÓSTICOS E"
"UROFLUXOMETRIA","","","AMB","HCO","HSO","REF","","","PROCEDIMENTOS","EXAMES ESPECÍFICOS",""
"","","","","","","","","","","","TERAPÊUTICOS"
"","","","","","","","","","","","PROCEDIMENTOS DIAGNÓSTICOS E"
"VISÃO SUBNORMAL","","","AMB","HCO","HSO","REF","","","PROCEDIMENTOS","EXAMES ESPECÍFICOS",""
"","","","","","","","","","","","TERAPÊUTICOS"
