"","RN","","","","","","","","","",""
"PROCEDIMENTO","VIGÊNCIA","OD","AMB","HCO","HSO","REF","PAC","DUT","SUBGRUPO","GRUPO","CAPÍTULO"
"","(alteração)","","","","","","","","","",""
"HERNIORRAFIA COM OU SEM RESSECÇÃO INTESTINAL POR VIDEOLAPAROSCOPIA","","","","HCO","HSO","REF","","","ABDOME, PAREDE E CAVIDADE","SISTEMA DIGESTIVO E ANEXOS","PROCEDIMENTOS CIRÚRGICOS E INVASIVOS"
"HERNIORRAFIA CRURAL","","","","HCO","HSO","REF","","","ABDOME, PAREDE E CAVIDADE","SISTEMA DIGESTIVO E ANEXOS","PROCEDIMENTOS CIRÚRGICOS E INVASIVOS"
"HERNIORRAFIA CRURAL POR VIDEOLAPAROSCOPIA","","","","HCO","HSO","REF","","","ABDOME, PAREDE E CAVIDADE","SISTEMA DIGESTIVO E ANEXOS","PROCEDIMENTOS CIRÚRGICOS E INVASIVOS"
"HERNIORRAFIA EPIGÁSTRICA","","","","HCO","HSO","REF","","","ABDOME, PAREDE E CAVIDADE","SISTEMA DIGESTIVO E ANEXOS","PROCEDIMENTOS CIRÚRGICOS E INVASIVOS"
"HERNIORRAFIA INCISIONAL","","","","HCO","HSO","REF","","","ABDOME, PAREDE E CAVIDADE","SISTEMA DIGESTIVO E ANEXOS","PROCEDIMENTOS CIRÚRGICOS E INVASIVOS"
"HERNIORRAFIA INGUINAL","","","","HCO","HSO","REF","","","ABDOME, PAREDE E CAVIDADE","SISTEMA DIGESTIVO E ANEXOS","PROCEDIMENTOS CIRÚRGICOS E INVASIVOS"
"HERNIORRAFIA INGUINAL POR VIDEOLAPAROSCOPIA","","","","HCO","HSO","REF","","","ABDOME, PAREDE E CAVIDADE","SISTEMA DIGESTIVO E ANEXOS","PROCEDIMENTOS CIRÚRGICOS E INVASIVOS"
"HERNIORRAFIA INGUINAL NO RN OU LACTENTE","","","","HCO","HSO","REF","","","ABDOME, PAREDE E CAVIDADE","SISTEMA DIGESTIVO E ANEXOS","PROCEDIMENTOS CIRÚRGICOS E INVASIVOS"
"HERNIORRAFIA LOMBAR","","","","HCO","HSO","REF","","","ABDOME, PAREDE E CAVIDADE","SISTEMA DIGESTIVO E ANEXOS","PROCEDIMENTOS CIRÚRGICOS E INVASIVOS"
"HERNIORRAFIA RECIDIVANTE","","","","HCO","HSO","REF","","","ABDOME, PAREDE E CAVIDADE","SISTEMA DIGESTIVO E ANEXOS","PROCEDIMENTOS CIRÚRGICOS E INVASIVOS"
"HERNIORRAFIA RECIDIVANTE POR VIDEOLAPAROSCOPIA","","","","HCO","HSO","REF","","","ABDOME, PAREDE E CAVIDADE","SISTEMA DIGESTIVO E ANEXOS","PROCEDIMENTOS CIRÚRGICOS E INVASIVOS"
"HERNIORRAFIA UMBILICAL","","","","HCO","HSO","REF","","","ABDOME, PAREDE E CAVIDADE","SISTEMA DIGESTIVO E ANEXOS","PROCEDIMENTOS CIRÚRGICOS E INVASIVOS"
"LAPAROTOMIA EXPLORADORA PARA BIÓPSIA, DRENAGEM DE ABSCESSO OU LIBERAÇÃO DE BRIDAS EM","","","","","","","","","","",""
"","","","","HCO","HSO","REF","","","ABDOME, PAREDE E CAVIDADE","SISTEMA DIGESTIVO E ANEXOS","PROCEDIMENTOS CIRÚRGICOS E INVASIVOS"
"VIGÊNCIA DE OCLUSÃO","","","","","","","","","","",""
"NEUROBLASTOMA ABDOMINAL - EXÉRESE","","","","HCO","HSO","REF","","","ABDOME, PAREDE E CAVIDADE","SISTEMA DIGESTIVO E ANEXOS","PROCEDIMENTOS CIRÚRGICOS E INVASIVOS"
"ONFALOCELE/GASTROSQUISE - TRATAMENTO CIRÚRGICO","","","","HCO","HSO","REF","","","ABDOME, PAREDE E CAVIDADE","SISTEMA DIGESTIVO E ANEXOS","PROCEDIMENTOS CIRÚRGICOS E INVASIVOS"
"PARACENTESE ABDOMINAL","","","AMB","HCO","HSO","REF","","","ABDOME, PAREDE E CAVIDADE","SISTEMA DIGESTIVO E ANEXOS","PROCEDIMENTOS CIRÚRGICOS E INVASIVOS"
"PARACENTESE ABDOMINAL LAPAROSCÓPICA","","","","HCO","HSO","REF","","","ABDOME, PAREDE E CAVIDADE","SISTEMA DIGESTIVO E ANEXOS","PROCEDIMENTOS CIRÚRGICOS E INVASIVOS"
"RECONSTRUÇÃO DA PAREDE ABDOMINAL COM RETALHO MUSCULAR OU MIOCUTÂNEO","","","","HCO","HSO","REF","","","ABDOME, PAREDE E CAVIDADE","SISTEMA DIGESTIVO E ANEXOS","PROCEDIMENTOS CIRÚRGICOS E INVASIVOS"
"REPARAÇÃO DE OUTRAS HÉRNIAS (INCLUI HERNIORRAFIA MUSCULAR)","","","","HCO","HSO","REF","","","ABDOME, PAREDE E CAVIDADE","SISTEMA DIGESTIVO E ANEXOS","PROCEDIMENTOS CIRÚRGICOS E INVASIVOS"
