"","RN","","","","","","","","","",""
"PROCEDIMENTO","VIGÊNCIA","OD","AMB","HCO","HSO","REF","PAC","DUT","SUBGRUPO","GRUPO","CAPÍTULO"
"","(alteração)","","","","","","","","","",""
"LCR, MICROBIOLOGIA (COLORAÇÃO DE GRAM + CULTURA AERÓBICA, AGLUTINAÇÃO PELO LÁTEX PARA","","","","","","","","","","",""
"","","","","","","","","","LÍQUIDOS (CEFALORRAQUEANO (LÍQUOR),","","PROCEDIMENTOS DIAGNÓSTICOS E"
"BACTÉRIAS, E, A CRITÉRIO DO MÉDICO ASSISTENTE, PESQUISA E CULTURA DE MICOBACTÉRIAS E","","","AMB","HCO","HSO","REF","","","","PROCEDIMENTOS LABORATORIAIS",""
"","","","","","","","","","SEMINAL, AMNIÓTICO, SINOVIAL E OUTROS)","","TERAPÊUTICOS"
"CRYPTOCOCCUS)","","","","","","","","","","",""
"LCR, ROTINA (ASPECTO, COR, CONTAGEM GLOBAL E ESPECÍFICA DE LEUCÓCITOS E HEMÁCIAS, PROTEÍNA,","","","","","","","","","","",""
"GLICOSE, CLORO E, A CRITÉRIO DO MÉDICO ASSISTENTE: TESTES TREPONÊMICOS E NÃO-TREPONÊMICOS","","","","","","","","","LÍQUIDOS (CEFALORRAQUEANO (LÍQUOR),","","PROCEDIMENTOS DIAGNÓSTICOS E"
"","","","AMB","HCO","HSO","REF","","","","PROCEDIMENTOS LABORATORIAIS",""
"DA SÍFILIS, ELETROFORESE DE PROTEÍNAS COM CONCENTRAÇÃO, ÍNDICE DE IMUNOPRODUÇÃO DE IGG,","","","","","","","","","SEMINAL, AMNIÓTICO, SINOVIAL E OUTROS)","","TERAPÊUTICOS"
"LACTATO, LDH E ANTICORPOS PARA NEUROCISTICERCOSE)","","","","","","","","","","",""
"","","","","","","","","","LÍQUIDOS (CEFALORRAQUEANO (LÍQUOR),","","PROCEDIMENTOS DIAGNÓSTICOS E"
"LÍQUIDO AMNIÓTICO, CITOLOGIA; LÍQUIDO AMNIÓTICO, CREATININA.","","","AMB","HCO","HSO","REF","","","","PROCEDIMENTOS LABORATORIAIS",""
"","","","","","","","","","SEMINAL, AMNIÓTICO, SINOVIAL E OUTROS)","","TERAPÊUTICOS"
"","","","","","","","","","LÍQUIDOS (CEFALORRAQUEANO (LÍQUOR),","","PROCEDIMENTOS DIAGNÓSTICOS E"
"MATURIDADE PULMONAR FETAL - QUALQUER TÉCNICA","","","AMB","HCO","","REF","","","","PROCEDIMENTOS LABORATORIAIS",""
"","","","","","","","","","SEMINAL, AMNIÓTICO, SINOVIAL E OUTROS)","","TERAPÊUTICOS"
"","","","","","","","","","LÍQUIDOS (CEFALORRAQUEANO (LÍQUOR),","","PROCEDIMENTOS DIAGNÓSTICOS E"
"PESQUISA DE BANDAS OLIGOCLONAIS NO LÍQUOR POR ISOFOCALIZAÇÃO","","","AMB","HCO","HSO","REF","","","","PROCEDIMENTOS LABORATORIAIS",""
"","","","","","","","","","SEMINAL, AMNIÓTICO, SINOVIAL E OUTROS)","","TERAPÊUTICOS"
"","","","","","","","","","LÍQUIDOS (CEFALORRAQUEANO (LÍQUOR),","","PROCEDIMENTOS DIAGNÓSTICOS E"
"PROTEÍNA MIELINA BÁSICA, ANTICORPOS","","","AMB","HCO","HSO","REF","","","","PROCEDIMENTOS LABORATORIAIS",""
"","","","","","","","","","SEMINAL, AMNIÓTICO, SINOVIAL E OUTROS)","","TERAPÊUTICOS"
"","","","","","","","","","LÍQUIDOS (CEFALORRAQUEANO (LÍQUOR),","","PROCEDIMENTOS DIAGNÓSTICOS E"
"PUNÇÃO LOMBAR COM MANOMETRIA PARA COLETA DE LÍQUIDO CEFALORRAQUEANO","","","AMB","HCO","HSO","REF","","","","PROCEDIMENTOS LABORATORIAIS",""
"","","","","","","","","","SEMINAL, AMNIÓTICO, SINOVIAL E OUTROS)","","TERAPÊUTICOS"
"","","","","","","","","","LÍQUIDOS (CEFALORRAQUEANO (LÍQUOR),","","PROCEDIMENTOS DIAGNÓSTICOS E"
"RAGÓCITOS, PESQUISA","","","AMB","HCO","HSO","REF","","","","PROCEDIMENTOS LABORATORIAIS",""
"","","","","","","","","","SEMINAL, AMNIÓTICO, SINOVIAL E OUTROS)","","TERAPÊUTICOS"
"ROTINA LÍQUIDO SINOVIAL - CARACTERES FÍSICOS, CITOLOGIA, PROTEÍNAS, ÁCIDO ÚRICO, FATOR","","","","","","","","","LÍQUIDOS (CEFALORRAQUEANO (LÍQUOR),","","PROCEDIMENTOS DIAGNÓSTICOS E"
"","","","AMB","HCO","HSO","REF","","","","PROCEDIMENTOS LABORATORIAIS",""
"REUMATÓIDE, MICROBIOLOGIA (COLORAÇÃO DE GRAM + CULTURA AERÓBICA E ANAERÓBICA)","","","","","","","","","SEMINAL, AMNIÓTICO, SINOVIAL E OUTROS)","","TERAPÊUTICOS"
"","","","","","","","","","","","PROCEDIMENTOS DIAGNÓSTICOS E"
"ANTIBIOGRAMA (TESTE DE SENSIBILIDADE A ANTIBIÓTICOS E QUIMIOTERÁPICOS) PARA MICOBACTÉRIAS","","","AMB","HCO","HSO","REF","","","MICROBIOLOGIA","PROCEDIMENTOS LABORATORIAIS",""
"","","","","","","","","","","","TERAPÊUTICOS"
"ANTIBIOGRAMA (TESTE SENSIBILIDADE A ANTIBIÓTICOS E QUIMIOTERÁPICOS), PARA BACTÉRIAS","","","","","","","","","","","PROCEDIMENTOS DIAGNÓSTICOS E"
"","","","AMB","HCO","HSO","REF","","","MICROBIOLOGIA","PROCEDIMENTOS LABORATORIAIS",""
"ANAERÓBICAS E/OU AERÓBICAS","","","","","","","","","","","TERAPÊUTICOS"
"","","","","","","","","","","","PROCEDIMENTOS DIAGNÓSTICOS E"
"ANTIFUNGIGRAMA","","","AMB","HCO","HSO","REF","","","MICROBIOLOGIA","PROCEDIMENTOS LABORATORIAIS",""
"","","","","","","","","","","","TERAPÊUTICOS"
"","","","","","","","","","","","PROCEDIMENTOS DIAGNÓSTICOS E"
"B.A.A.R. (BACILO ÁLCOOL-ÁCIDO RESISTENTE), PESQUISA","","","AMB","HCO","HSO","REF","","","MICROBIOLOGIA","PROCEDIMENTOS LABORATORIAIS",""
"","","","","","","","","","","","TERAPÊUTICOS"
"","","","","","","","","","","","PROCEDIMENTOS DIAGNÓSTICOS E"
"BACILO DE HANSEN, PESQUISA PCR","","","AMB","HCO","HSO","REF","","","MICROBIOLOGIA","PROCEDIMENTOS LABORATORIAIS",""
"","","","","","","","","","","","TERAPÊUTICOS"
"","","","","","","","","","","","PROCEDIMENTOS DIAGNÓSTICOS E"
"BACTERIOSCOPIA, PELO MÉTODO DE GRAM OU SIMILAR","","","AMB","HCO","HSO","REF","","","MICROBIOLOGIA","PROCEDIMENTOS LABORATORIAIS",""
"","","","","","","","","","","","TERAPÊUTICOS"
"","","","","","","","","","","","PROCEDIMENTOS DIAGNÓSTICOS E"
"BORDETELLA PERTUSSIS, CULTURA","","","AMB","HCO","HSO","REF","","","MICROBIOLOGIA","PROCEDIMENTOS LABORATORIAIS",""
"","","","","","","","","","","","TERAPÊUTICOS"
"","","","","","","","","","","","PROCEDIMENTOS DIAGNÓSTICOS E"
"CHLAMYDIA, CULTURA","","","AMB","HCO","HSO","REF","","","MICROBIOLOGIA","PROCEDIMENTOS LABORATORIAIS",""
"","","","","","","","","","","","TERAPÊUTICOS"
"","","","","","","","","","","","PROCEDIMENTOS DIAGNÓSTICOS E"
"CRYPTOCOCCUS NEOFORMANS, PESQUISA","","","AMB","HCO","HSO","REF","","","MICROBIOLOGIA","PROCEDIMENTOS LABORATORIAIS",""
"","","","","","","","","","","","TERAPÊUTICOS"
"","","","","","","","","","","","PROCEDIMENTOS DIAGNÓSTICOS E"
"CRYPTOCOCCUS NEOFORMANS, PESQUISA DO ANTÍGENO","","","AMB","HCO","HSO","REF","","","MICROBIOLOGIA","PROCEDIMENTOS LABORATORIAIS",""
"","","","","","","","","","","","TERAPÊUTICOS"
