"","RN","","","","","","","","","",""
"PROCEDIMENTO","VIGÊNCIA","OD","AMB","HCO","HSO","REF","PAC","DUT","SUBGRUPO","GRUPO","CAPÍTULO"
"","(alteração)","","","","","","","","","",""
"","","","","","","","","","","PELE E TECIDO CELULAR SUBCUTÂNEO,",""
"EXÉRESE DE HIGROMA CÍSTICO","","","","HCO","HSO","REF","","","PROCEDIMENTOS","","PROCEDIMENTOS CIRÚRGICOS E INVASIVOS"
"","","","","","","","","","","MUCOSAS E ANEXOS",""
"","","","","","","","","","","PELE E TECIDO CELULAR SUBCUTÂNEO,",""
"EXÉRESE DE LESÃO COM AUTO-ENXERTIA","","","AMB","HCO","HSO","REF","","","PROCEDIMENTOS","","PROCEDIMENTOS CIRÚRGICOS E INVASIVOS"
"","","","","","","","","","","MUCOSAS E ANEXOS",""
"","","","","","","","","","","PELE E TECIDO CELULAR SUBCUTÂNEO,",""
"EXÉRESE DE LESÃO DE PELE E MUCOSAS","","","AMB","HCO","HSO","REF","","","PROCEDIMENTOS","","PROCEDIMENTOS CIRÚRGICOS E INVASIVOS"
"","","","","","","","","","","MUCOSAS E ANEXOS",""
"","","","","","","","","","","PELE E TECIDO CELULAR SUBCUTÂNEO,",""
"EXÉRESE DE TUMOR DE PARTES MOLES","","","AMB","HCO","HSO","REF","","","PROCEDIMENTOS","","PROCEDIMENTOS CIRÚRGICOS E INVASIVOS"
"","","","","","","","","","","MUCOSAS E ANEXOS",""
"","","","","","","","","","","PELE E TECIDO CELULAR SUBCUTÂNEO,",""
"EXÉRESE DE UNHA","","","AMB","HCO","HSO","REF","","","PROCEDIMENTOS","","PROCEDIMENTOS CIRÚRGICOS E INVASIVOS"
"","","","","","","","","","","MUCOSAS E ANEXOS",""
"","","","","","","","","","","PELE E TECIDO CELULAR SUBCUTÂNEO,",""
"EXÉRESE E SUTURA DE LESÕES COM OU SEM ROTAÇÃO DE RETALHOS","","","AMB","HCO","HSO","REF","","","PROCEDIMENTOS","","PROCEDIMENTOS CIRÚRGICOS E INVASIVOS"
"","","","","","","","","","","MUCOSAS E ANEXOS",""
"","","","","","","","","","","PELE E TECIDO CELULAR SUBCUTÂNEO,",""
"EXPANSÃO TISSULAR","","","","HCO","HSO","REF","","","PROCEDIMENTOS","","PROCEDIMENTOS CIRÚRGICOS E INVASIVOS"
"","","","","","","","","","","MUCOSAS E ANEXOS",""
"","","","","","","","","","","PELE E TECIDO CELULAR SUBCUTÂNEO,",""
"EXTENSOS FERIMENTOS, CICATRIZES OU TUMORES - EXCISÃO E RETALHOS CUTÂNEOS","","","","HCO","HSO","REF","","","PROCEDIMENTOS","","PROCEDIMENTOS CIRÚRGICOS E INVASIVOS"
"","","","","","","","","","","MUCOSAS E ANEXOS",""
"EXTENSOS FERIMENTOS, CICATRIZES OU TUMORES - EXÉRESE E EMPREGO DE RETALHOS CUTÂNEOS OU","","","","","","","","","","PELE E TECIDO CELULAR SUBCUTÂNEO,",""
"","","","","HCO","HSO","REF","","","PROCEDIMENTOS","","PROCEDIMENTOS CIRÚRGICOS E INVASIVOS"
"MUSCULARES CRUZADOS","","","","","","","","","","MUCOSAS E ANEXOS",""
"","","","","","","","","","","PELE E TECIDO CELULAR SUBCUTÂNEO,",""
"EXTENSOS FERIMENTOS, CICATRIZES OU TUMORES - EXÉRESE E RETALHOS CUTÂNEOS","","","","HCO","HSO","REF","","","PROCEDIMENTOS","","PROCEDIMENTOS CIRÚRGICOS E INVASIVOS"
"","","","","","","","","","","MUCOSAS E ANEXOS",""
"EXTENSOS FERIMENTOS, CICATRIZES OU TUMORES - EXÉRESE E ROTAÇÃO DE RETALHO FASCIOCUTÂNEO","","","","","","","","","","PELE E TECIDO CELULAR SUBCUTÂNEO,",""
"","","","","HCO","HSO","REF","","","PROCEDIMENTOS","","PROCEDIMENTOS CIRÚRGICOS E INVASIVOS"
"OU AXIAL","","","","","","","","","","MUCOSAS E ANEXOS",""
"","","","","","","","","","","PELE E TECIDO CELULAR SUBCUTÂNEO,",""
"EXTENSOS FERIMENTOS, CICATRIZES OU TUMORES - EXÉRESE E ROTAÇÃO DE RETALHOS MIOCUTÂNEOS","","","","HCO","HSO","REF","","","PROCEDIMENTOS","","PROCEDIMENTOS CIRÚRGICOS E INVASIVOS"
"","","","","","","","","","","MUCOSAS E ANEXOS",""
"","","","","","","","","","","PELE E TECIDO CELULAR SUBCUTÂNEO,",""
"EXTENSOS FERIMENTOS, CICATRIZES OU TUMORES - EXÉRESE E ROTAÇÃO DE RETALHOS MUSCULARES","","","","HCO","HSO","REF","","","PROCEDIMENTOS","","PROCEDIMENTOS CIRÚRGICOS E INVASIVOS"
"","","","","","","","","","","MUCOSAS E ANEXOS",""
"","","","","","","","","","","PELE E TECIDO CELULAR SUBCUTÂNEO,",""
"EXTENSOS FERIMENTOS, CICATRIZES, OU TUMORES - EXÉRESE E ENXERTO CUTÂNEO","","","","HCO","HSO","REF","","","PROCEDIMENTOS","","PROCEDIMENTOS CIRÚRGICOS E INVASIVOS"
"","","","","","","","","","","MUCOSAS E ANEXOS",""
"","","","","","","","","","","PELE E TECIDO CELULAR SUBCUTÂNEO,",""
"INCISÃO E DRENAGEM DE ABSCESSO, HEMATOMA, FLEGMÃO E/OU PANARÍCIO","","","AMB","HCO","HSO","REF","","","PROCEDIMENTOS","","PROCEDIMENTOS CIRÚRGICOS E INVASIVOS"
"","","","","","","","","","","MUCOSAS E ANEXOS",""
"","","","","","","","","","","PELE E TECIDO CELULAR SUBCUTÂNEO,",""
"INFILTRAÇÃO INTRALESIONAL, CICATRICIAL E HEMANGIOMAS","","","AMB","HCO","HSO","REF","","","PROCEDIMENTOS","","PROCEDIMENTOS CIRÚRGICOS E INVASIVOS"
"","","","","","","","","","","MUCOSAS E ANEXOS",""
"","","","","","","","","","","PELE E TECIDO CELULAR SUBCUTÂNEO,",""
"MATRICECTOMIA","","","AMB","HCO","HSO","REF","","","PROCEDIMENTOS","","PROCEDIMENTOS CIRÚRGICOS E INVASIVOS"
"","","","","","","","","","","MUCOSAS E ANEXOS",""
"","","","","","","","","","","PELE E TECIDO CELULAR SUBCUTÂNEO,",""
"LASERTERAPIA PARA O TRATAMENTO DA MUCOSITE ORAL/OROFARINGE (COM DIRETRIZ DE UTILIZAÇÃO)","","","AMB","HCO","HSO","REF","","51","PROCEDIMENTOS","","PROCEDIMENTOS CIRÚRGICOS E INVASIVOS"
"","","","","","","","","","","MUCOSAS E ANEXOS",""
"","","","","","","","","","","PELE E TECIDO CELULAR SUBCUTÂNEO,",""
"PLÁSTICA EM Z OU W","","","AMB","HCO","HSO","REF","","","PROCEDIMENTOS","","PROCEDIMENTOS CIRÚRGICOS E INVASIVOS"
"","","","","","","","","","","MUCOSAS E ANEXOS",""
