"","RN","","","","","","","","","",""
"PROCEDIMENTO","VIGÊNCIA","OD","AMB","HCO","HSO","REF","PAC","DUT","SUBGRUPO","GRUPO","CAPÍTULO"
"","(alteração)","","","","","","","","","",""
"","","","","","","","","","","SISTEMA MÚSCULO-ESQUELÉTICO E",""
"OSTEOTOMIA OU PSEUDARTROSE DO TARSO E MÉDIO PÉ - TRATAMENTO CIRÚRGICO","","","","HCO","HSO","REF","","","MEMBROS INFERIORES","","PROCEDIMENTOS CIRÚRGICOS E INVASIVOS"
"","","","","","","","","","","ARTICULAÇÕES",""
"","","","","","","","","","","SISTEMA MÚSCULO-ESQUELÉTICO E",""
"OSTEOTOMIA OU PSEUDARTROSE DOS METATARSOS/FALANGES - TRATAMENTO CIRÚRGICO","","","","HCO","HSO","REF","","","MEMBROS INFERIORES","","PROCEDIMENTOS CIRÚRGICOS E INVASIVOS"
"","","","","","","","","","","ARTICULAÇÕES",""
"","","","","","","","","","","SISTEMA MÚSCULO-ESQUELÉTICO E",""
"OSTEOTOMIAS AO NÍVEL DO JOELHO - TRATAMENTO CIRÚRGICO","","","","HCO","HSO","REF","","","MEMBROS INFERIORES","","PROCEDIMENTOS CIRÚRGICOS E INVASIVOS"
"","","","","","","","","","","ARTICULAÇÕES",""
"","","","","","","","","","","SISTEMA MÚSCULO-ESQUELÉTICO E",""
"OSTEOTOMIAS E/OU PSEUDARTROSES - TRATAMENTO CIRÚRGICO","","","","HCO","HSO","REF","","","MEMBROS INFERIORES","","PROCEDIMENTOS CIRÚRGICOS E INVASIVOS"
"","","","","","","","","","","ARTICULAÇÕES",""
"","","","","","","","","","","SISTEMA MÚSCULO-ESQUELÉTICO E",""
"REALINHAMENTOS DO APARELHO EXTENSOR EM JOELHO","","","","HCO","HSO","REF","","","MEMBROS INFERIORES","","PROCEDIMENTOS CIRÚRGICOS E INVASIVOS"
"","","","","","","","","","","ARTICULAÇÕES",""
"","","","","","","","","","","SISTEMA MÚSCULO-ESQUELÉTICO E",""
"RECONSTRUÇÕES LIGAMENTARES DO PIVOT CENTRAL DE JOELHO","","","","HCO","HSO","REF","","","MEMBROS INFERIORES","","PROCEDIMENTOS CIRÚRGICOS E INVASIVOS"
"","","","","","","","","","","ARTICULAÇÕES",""
"","","","","","","","","","","SISTEMA MÚSCULO-ESQUELÉTICO E",""
"RESSECÇÃO DE OSSO DO PÉ","","","","HCO","HSO","REF","","","MEMBROS INFERIORES","","PROCEDIMENTOS CIRÚRGICOS E INVASIVOS"
"","","","","","","","","","","ARTICULAÇÕES",""
"","","","","","","","","","","SISTEMA MÚSCULO-ESQUELÉTICO E",""
"REVISÕES DE ARTROPLASTIA TOTAL - TRATAMENTO CIRÚRGICO","","","","HCO","HSO","REF","","","MEMBROS INFERIORES","","PROCEDIMENTOS CIRÚRGICOS E INVASIVOS"
"","","","","","","","","","","ARTICULAÇÕES",""
"","","","","","","","","","","SISTEMA MÚSCULO-ESQUELÉTICO E",""
"REVISÕES DE REALINHAMENTOS DO APARELHO EXTENSOR EM JOELHO","","","","HCO","HSO","REF","","","MEMBROS INFERIORES","","PROCEDIMENTOS CIRÚRGICOS E INVASIVOS"
"","","","","","","","","","","ARTICULAÇÕES",""
"","","","","","","","","","","SISTEMA MÚSCULO-ESQUELÉTICO E",""
"REVISÕES DE RECONSTRUÇÕES INTRA-ARTICULARES DE JOELHO","","","","HCO","HSO","REF","","","MEMBROS INFERIORES","","PROCEDIMENTOS CIRÚRGICOS E INVASIVOS"
"","","","","","","","","","","ARTICULAÇÕES",""
"","","","","","","","","","","SISTEMA MÚSCULO-ESQUELÉTICO E",""
"ROTURA DO TENDÃO DE AQUILES - REDUÇÃO INCRUENTA","","","AMB","HCO","HSO","REF","","","MEMBROS INFERIORES","","PROCEDIMENTOS CIRÚRGICOS E INVASIVOS"
"","","","","","","","","","","ARTICULAÇÕES",""
"","","","","","","","","","","SISTEMA MÚSCULO-ESQUELÉTICO E",""
"ROTURA DO TENDÃO DE AQUILES - TRATAMENTO CIRÚRGICO","","","","HCO","HSO","REF","","","MEMBROS INFERIORES","","PROCEDIMENTOS CIRÚRGICOS E INVASIVOS"
"","","","","","","","","","","ARTICULAÇÕES",""
"","","","","","","","","","","SISTEMA MÚSCULO-ESQUELÉTICO E",""
"TOALETE CIRÚRGICA - CORREÇÃO DE JOELHO FLEXO","","","","HCO","HSO","REF","","","MEMBROS INFERIORES","","PROCEDIMENTOS CIRÚRGICOS E INVASIVOS"
"","","","","","","","","","","ARTICULAÇÕES",""
"","","","","","","","","","","SISTEMA MÚSCULO-ESQUELÉTICO E",""
"TRANSPLANTE AUTÓLOGO EM JOELHO","","","","HCO","HSO","REF","","","MEMBROS INFERIORES","","PROCEDIMENTOS CIRÚRGICOS E INVASIVOS"
"","","","","","","","","","","ARTICULAÇÕES",""
"","","","","","","","","","","SISTEMA MÚSCULO-ESQUELÉTICO E",""
"TRANSPOSIÇÃO DE FÍBULA/TÍBIA","","","","HCO","HSO","REF","","","MEMBROS INFERIORES","","PROCEDIMENTOS CIRÚRGICOS E INVASIVOS"
"","","","","","","","","","","ARTICULAÇÕES",""
"","","","","","","","","","","SISTEMA MÚSCULO-ESQUELÉTICO E",""
"TRATAMENTO CIRÚRGICO DA ARTRITE SÉPTICA","","","","HCO","HSO","REF","","","MEMBROS INFERIORES","","PROCEDIMENTOS CIRÚRGICOS E INVASIVOS"
"","","","","","","","","","","ARTICULAÇÕES",""
"","","","","","","","","","","SISTEMA MÚSCULO-ESQUELÉTICO E",""
"TRATAMENTO CIRÚRGICO DA OSTEOCONDRITE DE TORNOZELO","","","","HCO","HSO","REF","","","MEMBROS INFERIORES","","PROCEDIMENTOS CIRÚRGICOS E INVASIVOS"
"","","","","","","","","","","ARTICULAÇÕES",""
"","","","","","","","","","","SISTEMA MÚSCULO-ESQUELÉTICO E",""
"TRATAMENTO CIRÚRGICO DA OSTEOMIELITE","","","","HCO","HSO","REF","","","MEMBROS INFERIORES","","PROCEDIMENTOS CIRÚRGICOS E INVASIVOS"
"","","","","","","","","","","ARTICULAÇÕES",""
"","","","","","","","","","","SISTEMA MÚSCULO-ESQUELÉTICO E",""
"TRATAMENTO CIRÚRGICO DA SINDACTILIA SIMPLES, COMPLEXA OU MÚLTIPLA","","","","HCO","HSO","REF","","","MEMBROS INFERIORES","","PROCEDIMENTOS CIRÚRGICOS E INVASIVOS"
"","","","","","","","","","","ARTICULAÇÕES",""
