"","RN","","","","","","","","","","",""
"PROCEDIMENTO","VIGÊNCIA","OD","AMB","HCO","HSO","REF","PAC","DUT","","SUBGRUPO","GRUPO","CAPÍTULO"
"","(alteração)","","","","","","","","","","",""
"TRATAMENTO CIRÚRGICO DE FÍSTULA OROFACIAL","","","","HCO","HSO","REF","","","BOCA","","CABEÇA E PESCOÇO","PROCEDIMENTOS CIRÚRGICOS E INVASIVOS"
"TRATAMENTO CIRÚRGICO DAS FÍSTULAS BUCO NASAL (COM DIRETRIZ DE UTILIZAÇÃO)","","OD","AMB","HCO","HSO","REF","","98","BOCA","","CABEÇA E PESCOÇO","PROCEDIMENTOS CIRÚRGICOS E INVASIVOS"
"TRATAMENTO CIRÚRGICO DAS FÍSTULAS BUCO SINUSAL (COM DIRETRIZ DE UTILIZAÇÃO)","","OD","AMB","HCO","HSO","REF","","98","BOCA","","CABEÇA E PESCOÇO","PROCEDIMENTOS CIRÚRGICOS E INVASIVOS"
"EXÉRESE DE LIPOMA NA REGIÃO BUCO-MAXILO-FACIAL","","OD","AMB","HCO","HSO","REF","","","BOCA","","CABEÇA E PESCOÇO","PROCEDIMENTOS CIRÚRGICOS E INVASIVOS"
"TRATAMENTO CIRÚRGICO DE HIPERPLASIAS DE TECIDOS MOLES NA REGIÃO BUCO-MAXILO-FACIAL  (COM","","","","","","","","","","","",""
"","","OD","AMB","HCO","HSO","REF","","99","BOCA","","CABEÇA E PESCOÇO","PROCEDIMENTOS CIRÚRGICOS E INVASIVOS"
"DIRETRIZ DE UTILIZAÇÃO)","","","","","","","","","","","",""
"TRATAMENTO CIRÚRGICO DOS TUMORES BENIGNOS DE TECIDOS MOLES NA REGIÃO BUCO-MAXILO-FACIAL","","","","","","","","","","","",""
"","","OD","AMB","HCO","HSO","REF","","99","BOCA","","CABEÇA E PESCOÇO","PROCEDIMENTOS CIRÚRGICOS E INVASIVOS"
"(COM DIRETRIZ DE UTILIZAÇÃO)","","","","","","","","","","","",""
"TRATAMENTO DE ABSCESSO PERIODONTAL","","OD","","","","","","","BOCA","","CABEÇA E PESCOÇO","PROCEDIMENTOS CIRÚRGICOS E INVASIVOS"
"TRATAMENTO DE ALVEOLITE","","OD","","","","","","","BOCA","","CABEÇA E PESCOÇO","PROCEDIMENTOS CIRÚRGICOS E INVASIVOS"
"TRATAMENTO DE ODONTALGIA AGUDA","","OD","","","","","","","BOCA","","CABEÇA E PESCOÇO","PROCEDIMENTOS CIRÚRGICOS E INVASIVOS"
"TRATAMENTO DE PERFURAÇÃO (RADICULAR/CÂMARA PULPAR)","","OD","","","","","","","BOCA","","CABEÇA E PESCOÇO","PROCEDIMENTOS CIRÚRGICOS E INVASIVOS"
"TRATAMENTO ENDODÔNTICO DE DENTE COM RIZOGÊNESE INCOMPLETA","","OD","","","","","","","BOCA","","CABEÇA E PESCOÇO","PROCEDIMENTOS CIRÚRGICOS E INVASIVOS"
"TRATAMENTO ENDODÔNTICO EM DENTE DECÍDUO","","OD","","","","","","","BOCA","","CABEÇA E PESCOÇO","PROCEDIMENTOS CIRÚRGICOS E INVASIVOS"
"TRATAMENTO ENDODÔNTICO BIRRADICULAR EM DENTES PERMANENTES","","OD","","","","","","","BOCA","","CABEÇA E PESCOÇO","PROCEDIMENTOS CIRÚRGICOS E INVASIVOS"
"TRATAMENTO ENDODÔNTICO MULTIRRADICULAR EM DENTES PERMANENTES","","OD","","","","","","","BOCA","","CABEÇA E PESCOÇO","PROCEDIMENTOS CIRÚRGICOS E INVASIVOS"
"TRATAMENTO ENDODÔNTICO UNIRRADICULAR EM DENTES PERMANENTES","","OD","","","","","","","BOCA","","CABEÇA E PESCOÇO","PROCEDIMENTOS CIRÚRGICOS E INVASIVOS"
"TRATAMENTO RESTAURADOR ATRAUMÁTICO (COM DIRETRIZ DE UTILIZAÇÃO)","","OD","","","","","","100","BOCA","","CABEÇA E PESCOÇO","PROCEDIMENTOS CIRÚRGICOS E INVASIVOS"
"TUNELIZAÇÃO (COM DIRETRIZ DE UTILIZAÇÃO)","","OD","","","","","","101","BOCA","","CABEÇA E PESCOÇO","PROCEDIMENTOS CIRÚRGICOS E INVASIVOS"
"ULECTOMIA","","OD","","","","","","","BOCA","","CABEÇA E PESCOÇO","PROCEDIMENTOS CIRÚRGICOS E INVASIVOS"
"ULOTOMIA","","OD","","","","","","","BOCA","","CABEÇA E PESCOÇO","PROCEDIMENTOS CIRÚRGICOS E INVASIVOS"
