"","RN","","","","","","","","","",""
"PROCEDIMENTO","VIGÊNCIA","OD","AMB","HCO","HSO","REF","PAC","DUT","SUBGRUPO","GRUPO","CAPÍTULO"
"","(alteração)","","","","","","","","","",""
"ATRESIA DE VIAS BILIARES - TRATAMENTO CIRÚRGICO","","","","HCO","HSO","REF","","","FÍGADO E VIAS BILIARES","SISTEMA DIGESTIVO E ANEXOS","PROCEDIMENTOS CIRÚRGICOS E INVASIVOS"
"BIÓPSIA HEPÁTICA POR LAPAROTOMIA","","","","HCO","HSO","REF","","","FÍGADO E VIAS BILIARES","SISTEMA DIGESTIVO E ANEXOS","PROCEDIMENTOS CIRÚRGICOS E INVASIVOS"
"BIÓPSIA HEPÁTICA POR VIDEOLAPAROSCOPIA","","","AMB","HCO","HSO","REF","","","FÍGADO E VIAS BILIARES","SISTEMA DIGESTIVO E ANEXOS","PROCEDIMENTOS CIRÚRGICOS E INVASIVOS"
"BIÓPSIA HEPÁTICA TRANSPARIETAL","","","AMB","HCO","HSO","REF","","","FÍGADO E VIAS BILIARES","SISTEMA DIGESTIVO E ANEXOS","PROCEDIMENTOS CIRÚRGICOS E INVASIVOS"
"COLECISTECTOMIA COM FÍSTULA BILIODIGESTIVA","","","","HCO","HSO","REF","","","FÍGADO E VIAS BILIARES","SISTEMA DIGESTIVO E ANEXOS","PROCEDIMENTOS CIRÚRGICOS E INVASIVOS"
"COLECISTECTOMIA COM FÍSTULA BILIODIGESTIVA POR VIDEOLAPAROSCOPIA","","","","HCO","HSO","REF","","","FÍGADO E VIAS BILIARES","SISTEMA DIGESTIVO E ANEXOS","PROCEDIMENTOS CIRÚRGICOS E INVASIVOS"
"COLECISTECTOMIA COM OU SEM COLANGIOGRAFIA","","","","HCO","HSO","REF","","","FÍGADO E VIAS BILIARES","SISTEMA DIGESTIVO E ANEXOS","PROCEDIMENTOS CIRÚRGICOS E INVASIVOS"
"COLECISTECTOMIA COM OU SEM COLANGIOGRAFIA POR VIDEOLAPAROSCOPIA","","","","HCO","HSO","REF","","","FÍGADO E VIAS BILIARES","SISTEMA DIGESTIVO E ANEXOS","PROCEDIMENTOS CIRÚRGICOS E INVASIVOS"
"COLECISTOJEJUNOSTOMIA","","","","HCO","HSO","REF","","","FÍGADO E VIAS BILIARES","SISTEMA DIGESTIVO E ANEXOS","PROCEDIMENTOS CIRÚRGICOS E INVASIVOS"
"COLECISTOJEJUNOSTOMIA POR VIDEOLAPAROSCOPIA","","","","HCO","HSO","REF","","","FÍGADO E VIAS BILIARES","SISTEMA DIGESTIVO E ANEXOS","PROCEDIMENTOS CIRÚRGICOS E INVASIVOS"
"COLECISTOSTOMIA","","","","HCO","HSO","REF","","","FÍGADO E VIAS BILIARES","SISTEMA DIGESTIVO E ANEXOS","PROCEDIMENTOS CIRÚRGICOS E INVASIVOS"
"COLECISTOSTOMIA POR VIDEOLAPAROSCOPIA","","","","HCO","HSO","REF","","","FÍGADO E VIAS BILIARES","SISTEMA DIGESTIVO E ANEXOS","PROCEDIMENTOS CIRÚRGICOS E INVASIVOS"
"COLÉDOCO OU HEPÁTICO-JEJUNOSTOMIA","","","","HCO","HSO","REF","","","FÍGADO E VIAS BILIARES","SISTEMA DIGESTIVO E ANEXOS","PROCEDIMENTOS CIRÚRGICOS E INVASIVOS"
"COLÉDOCO OU HEPÁTICO-JEJUNOSTOMIA POR VIDEOLAPAROSCOPIA","","","","HCO","HSO","REF","","","FÍGADO E VIAS BILIARES","SISTEMA DIGESTIVO E ANEXOS","PROCEDIMENTOS CIRÚRGICOS E INVASIVOS"
"COLÉDOCO OU HEPATICOPLASTIA","","","","HCO","HSO","REF","","","FÍGADO E VIAS BILIARES","SISTEMA DIGESTIVO E ANEXOS","PROCEDIMENTOS CIRÚRGICOS E INVASIVOS"
"COLÉDOCO-DUODENOSTOMIA","","","","HCO","HSO","REF","","","FÍGADO E VIAS BILIARES","SISTEMA DIGESTIVO E ANEXOS","PROCEDIMENTOS CIRÚRGICOS E INVASIVOS"
"COLÉDOCO-DUODENOSTOMIA POR VIDEOLAPAROSCOPIA","","","","HCO","HSO","REF","","","FÍGADO E VIAS BILIARES","SISTEMA DIGESTIVO E ANEXOS","PROCEDIMENTOS CIRÚRGICOS E INVASIVOS"
"COLEDOCOTOMIA OU COLEDOCOSTOMIA COM OU SEM COLECISTECTOMIA","","","","HCO","HSO","REF","","","FÍGADO E VIAS BILIARES","SISTEMA DIGESTIVO E ANEXOS","PROCEDIMENTOS CIRÚRGICOS E INVASIVOS"
"COLEDOCOTOMIA OU COLEDOCOSTOMIA COM OU SEM COLECISTECTOMIA POR VIDEOLAPAROSCOPIA","","","","HCO","HSO","REF","","","FÍGADO E VIAS BILIARES","SISTEMA DIGESTIVO E ANEXOS","PROCEDIMENTOS CIRÚRGICOS E INVASIVOS"
