"","RN","","","","","","","","","",""
"PROCEDIMENTO","VIGÊNCIA","OD","AMB","HCO","HSO","REF","PAC","DUT","SUBGRUPO","GRUPO","CAPÍTULO"
"","(alteração)","","","","","","","","","",""
"","","","","","","","","","","","PROCEDIMENTOS DIAGNÓSTICOS E"
"PROTEÍNA S, FUNCIONAL","","","AMB","HCO","HSO","REF","","","HEMATOLOGIA LABORATORIAL","PROCEDIMENTOS LABORATORIAIS",""
"","","","","","","","","","","","TERAPÊUTICOS"
"","","","","","","","","","","","PROCEDIMENTOS DIAGNÓSTICOS E"
"PROTEÍNA S LIVRE, DOSAGEM","","","AMB","HCO","HSO","REF","","","HEMATOLOGIA LABORATORIAL","PROCEDIMENTOS LABORATORIAIS",""
"","","","","","","","","","","","TERAPÊUTICOS"
"","","","","","","","","","","","PROCEDIMENTOS DIAGNÓSTICOS E"
"PROVA DO LAÇO","","","AMB","HCO","HSO","REF","","","HEMATOLOGIA LABORATORIAL","PROCEDIMENTOS LABORATORIAIS",""
"","","","","","","","","","","","TERAPÊUTICOS"
"","","","","","","","","","","","PROCEDIMENTOS DIAGNÓSTICOS E"
"RESISTÊNCIA GLOBULAR","","","AMB","HCO","HSO","REF","","","HEMATOLOGIA LABORATORIAL","PROCEDIMENTOS LABORATORIAIS",""
"","","","","","","","","","","","TERAPÊUTICOS"
"","","","","","","","","","","","PROCEDIMENTOS DIAGNÓSTICOS E"
"RETRAÇÃO DO COÁGULO","","","AMB","HCO","HSO","REF","","","HEMATOLOGIA LABORATORIAL","PROCEDIMENTOS LABORATORIAIS",""
"","","","","","","","","","","","TERAPÊUTICOS"
"","","","","","","","","","","","PROCEDIMENTOS DIAGNÓSTICOS E"
"RISTOCETINA, CO-FATOR","","","AMB","HCO","HSO","REF","","","HEMATOLOGIA LABORATORIAL","PROCEDIMENTOS LABORATORIAIS",""
"","","","","","","","","","","","TERAPÊUTICOS"
"","","","","","","","","","","","PROCEDIMENTOS DIAGNÓSTICOS E"
"SULFO-HEMOGLOBINA","","","AMB","HCO","HSO","REF","","","HEMATOLOGIA LABORATORIAL","PROCEDIMENTOS LABORATORIAIS",""
"","","","","","","","","","","","TERAPÊUTICOS"
"","","","","","","","","","","","PROCEDIMENTOS DIAGNÓSTICOS E"
"TEMPO DE COAGULAÇÃO","","","AMB","HCO","HSO","REF","","","HEMATOLOGIA LABORATORIAL","PROCEDIMENTOS LABORATORIAIS",""
"","","","","","","","","","","","TERAPÊUTICOS"
"","","","","","","","","","","","PROCEDIMENTOS DIAGNÓSTICOS E"
"TEMPO DE LISE DE EUGLOBULINA","","","AMB","HCO","HSO","REF","","","HEMATOLOGIA LABORATORIAL","PROCEDIMENTOS LABORATORIAIS",""
"","","","","","","","","","","","TERAPÊUTICOS"
"","","","","","","","","","","","PROCEDIMENTOS DIAGNÓSTICOS E"
"TEMPO DE PROTROMBINA","","","AMB","HCO","HSO","REF","","","HEMATOLOGIA LABORATORIAL","PROCEDIMENTOS LABORATORIAIS",""
"","","","","","","","","","","","TERAPÊUTICOS"
"","","","","","","","","","","","PROCEDIMENTOS DIAGNÓSTICOS E"
"TEMPO DE SANGRAMENTO DE IVY","","","AMB","HCO","HSO","REF","","","HEMATOLOGIA LABORATORIAL","PROCEDIMENTOS LABORATORIAIS",""
"","","","","","","","","","","","TERAPÊUTICOS"
"","","","","","","","","","","","PROCEDIMENTOS DIAGNÓSTICOS E"
"TEMPO DE TROMBINA","","","AMB","HCO","HSO","REF","","","HEMATOLOGIA LABORATORIAL","PROCEDIMENTOS LABORATORIAIS",""
"","","","","","","","","","","","TERAPÊUTICOS"
"","","","","","","","","","","","PROCEDIMENTOS DIAGNÓSTICOS E"
"TEMPO DE TROMBOPLASTINA PARCIAL ATIVADA","","","AMB","HCO","HSO","REF","","","HEMATOLOGIA LABORATORIAL","PROCEDIMENTOS LABORATORIAIS",""
"","","","","","","","","","","","TERAPÊUTICOS"
"","","","","","","","","","","","PROCEDIMENTOS DIAGNÓSTICOS E"
"TESTE DE HAM (HEMÓLISE ÁCIDA)","","","AMB","HCO","HSO","REF","","","HEMATOLOGIA LABORATORIAL","PROCEDIMENTOS LABORATORIAIS",""
"","","","","","","","","","","","TERAPÊUTICOS"
"","","","","","","","","","","","PROCEDIMENTOS DIAGNÓSTICOS E"
"TROMBOELASTOGRAMA","","","AMB","HCO","HSO","REF","","","HEMATOLOGIA LABORATORIAL","PROCEDIMENTOS LABORATORIAIS",""
"","","","","","","","","","","","TERAPÊUTICOS"
"","","","","","","","","","","","PROCEDIMENTOS DIAGNÓSTICOS E"
"1,25-DIIDROXIVITAMINA D3","","","AMB","HCO","HSO","REF","","","ENDOCRINOLOGIA LABORATORIAL","PROCEDIMENTOS LABORATORIAIS",""
"","","","","","","","","","","","TERAPÊUTICOS"
"","","","","","","","","","","","PROCEDIMENTOS DIAGNÓSTICOS E"
"11-DESOXICORTICOSTERONA","","","AMB","HCO","HSO","REF","","","ENDOCRINOLOGIA LABORATORIAL","PROCEDIMENTOS LABORATORIAIS",""
"","","","","","","","","","","","TERAPÊUTICOS"
"","","","","","","","","","","","PROCEDIMENTOS DIAGNÓSTICOS E"
"17-ALFA-HIDROXIPROGESTERONA","","","AMB","HCO","HSO","REF","","","ENDOCRINOLOGIA LABORATORIAL","PROCEDIMENTOS LABORATORIAIS",""
"","","","","","","","","","","","TERAPÊUTICOS"
"","","","","","","","","","","","PROCEDIMENTOS DIAGNÓSTICOS E"
"17-CETOSTERÓIDES TOTAIS (17-CTS)","","","AMB","HCO","HSO","REF","","","ENDOCRINOLOGIA LABORATORIAL","PROCEDIMENTOS LABORATORIAIS",""
"","","","","","","","","","","","TERAPÊUTICOS"
