"","RN","","","","","","","","","",""
"PROCEDIMENTO","VIGÊNCIA","OD","AMB","HCO","HSO","REF","PAC","DUT","","SUBGRUPO","GRUPO
CAPÍTULO"
"","(alteração)","","","","","","","","","",""
"BIÓPSIA DE VAGINA","","","AMB","HCO","HSO","REF","","","VAGINA","","SISTEMA GENITAL E REPRODUTOR FEMININO PROCEDIMENTOS CIRÚRGICOS E INVASIVOS"
"CAUTERIZAÇÃO QUÍMICA, OU ELETROCAUTERIZAÇÃO, OU CRIOCAUTERIZAÇÃO DE LESÕES DA VAGINA","","","","HCO","HSO","REF","","","VAGINA","","SISTEMA GENITAL E REPRODUTOR FEMININO PROCEDIMENTOS CIRÚRGICOS E INVASIVOS"
"COLPECTOMIA","","","","HCO","HSO","REF","","","VAGINA","","SISTEMA GENITAL E REPRODUTOR FEMININO PROCEDIMENTOS CIRÚRGICOS E INVASIVOS"
"COLPOCLEISE (LEFORT)","","","","HCO","HSO","REF","","","VAGINA","","SISTEMA GENITAL E REPRODUTOR FEMININO PROCEDIMENTOS CIRÚRGICOS E INVASIVOS"
"COLPOPLASTIA","","","","HCO","HSO","REF","","","VAGINA","","SISTEMA GENITAL E REPRODUTOR FEMININO PROCEDIMENTOS CIRÚRGICOS E INVASIVOS"
"COLPORRAFIA OU COLPOPERINEOPLASTIA (INCLUINDO RESSECÇÃO DE SEPTO OU RESSUTURA DE PAREDE","","","","","","","","","","",""
"","","","","HCO","HSO","REF","","","VAGINA","","SISTEMA GENITAL E REPRODUTOR FEMININO PROCEDIMENTOS CIRÚRGICOS E INVASIVOS"
"VAGINAL)","","","","","","","","","","",""
"COLPOTOMIA OU CULDOCENTESE","","","AMB","HCO","HSO","REF","","","VAGINA","","SISTEMA GENITAL E REPRODUTOR FEMININO PROCEDIMENTOS CIRÚRGICOS E INVASIVOS"
"EXÉRESE DE CISTO VAGINAL","","","AMB","HCO","HSO","REF","","","VAGINA","","SISTEMA GENITAL E REPRODUTOR FEMININO PROCEDIMENTOS CIRÚRGICOS E INVASIVOS"
"EXTRAÇÃO DE CORPO ESTRANHO","","","","HCO","HSO","REF","","","VAGINA","","SISTEMA GENITAL E REPRODUTOR FEMININO PROCEDIMENTOS CIRÚRGICOS E INVASIVOS"
"FÍSTULA GINECOLÓGICA - TRATAMENTO CIRÚRGICO","","","","HCO","HSO","REF","","","VAGINA","","SISTEMA GENITAL E REPRODUTOR FEMININO PROCEDIMENTOS CIRÚRGICOS E INVASIVOS"
"HIMENOTOMIA","","","AMB","HCO","HSO","REF","","","VAGINA","","SISTEMA GENITAL E REPRODUTOR FEMININO PROCEDIMENTOS CIRÚRGICOS E INVASIVOS"
"NEOVAGINA (CÓLON, DELGADO, TUBO DE PELE)","","","","HCO","HSO","REF","","","VAGINA","","SISTEMA GENITAL E REPRODUTOR FEMININO PROCEDIMENTOS CIRÚRGICOS E INVASIVOS"
"BIÓPSIA DO COLO UTERINO","","","AMB","HCO","HSO","REF","","","ÚTERO","","SISTEMA GENITAL E REPRODUTOR FEMININO PROCEDIMENTOS CIRÚRGICOS E INVASIVOS"
"BIÓPSIA DO ENDOMÉTRIO","","","AMB","HCO","HSO","REF","","","ÚTERO","","SISTEMA GENITAL E REPRODUTOR FEMININO PROCEDIMENTOS CIRÚRGICOS E INVASIVOS"
"CAUTERIZAÇÃO QUÍMICA, OU ELETROCAUTERIZAÇÃO, OU CRIOCAUTERIZAÇÃO DE LESÕES DE COLO","","","","","","","","","","",""
"","","","AMB","HCO","HSO","REF","","","ÚTERO","","SISTEMA GENITAL E REPRODUTOR FEMININO PROCEDIMENTOS CIRÚRGICOS E INVASIVOS"
"UTERINO","","","","","","","","","","",""
"CURETAGEM GINECOLÓGICA SEMIÓTICA E/OU TERAPÊUTICA COM OU SEM DILATAÇÃO DE COLO UTERINO","","","","HCO","HSO","REF","","","ÚTERO","","SISTEMA GENITAL E REPRODUTOR FEMININO PROCEDIMENTOS CIRÚRGICOS E INVASIVOS"
"DILATAÇÃO DO COLO UTERINO","","","AMB","HCO","HSO","REF","","","ÚTERO","","SISTEMA GENITAL E REPRODUTOR FEMININO PROCEDIMENTOS CIRÚRGICOS E INVASIVOS"
"EXCISÃO DE PÓLIPO CERVICAL","","","AMB","HCO","HSO","REF","","","ÚTERO","","SISTEMA GENITAL E REPRODUTOR FEMININO PROCEDIMENTOS CIRÚRGICOS E INVASIVOS"
"HISTERECTOMIA SUBTOTAL (VIA ALTA OU BAIXA)","","","","HCO","HSO","REF","","","ÚTERO","","SISTEMA GENITAL E REPRODUTOR FEMININO PROCEDIMENTOS CIRÚRGICOS E INVASIVOS"
