"","RN","","","","","","","","","","","",""
"PROCEDIMENTO","","VIGÊNCIA","OD","AMB","HCO","HSO","REF","PAC","DUT","","SUBGRUPO","GRUPO","CAPÍTULO"
"","(alteração)","","","","","","","","","","","",""
"","","","","","","","","","","","","PROCEDIMENTOS CLÍNICOS AMBULATORIAIS","PROCEDIMENTOS CLÍNICOS AMBULATORIAIS"
"SESSÃO DE ACUPUNTURA","","","","AMB","","","REF","","","TERAPÊUTICA","","",""
"","","","","","","","","","","","","E HOSPITALARES","E HOSPITALARES"
"TERAPIA AVANÇADA PARA O TRATAMENTO DA ATROFIA MUSCULAR ESPINHAL (COM DIRETRIZ DE","","","","","","","","","","","","PROCEDIMENTOS CLÍNICOS AMBULATORIAIS","PROCEDIMENTOS CLÍNICOS AMBULATORIAIS"
"","571/2023","10/02/2023","","","HCO","HSO","REF","PAC","159","TERAPÊUTICA","","",""
"UTILIZAÇÃO)","","","","","","","","","","","","E HOSPITALARES","E HOSPITALARES"
"TERAPIA PARA DOENÇA DE FABRY CLÁSSICA (COM DIRETRIZ","581/2023","12/07/2023","","","","","","","","","","PROCEDIMENTOS CLÍNICOS AMBULATORIAIS","PROCEDIMENTOS CLÍNICOS AMBULATORIAIS"
"","","","","AMB","HCO","HSO","REF","PAC","161","TERAPÊUTICA","","",""
"DE UTILIZAÇÃO)","599/2024","05/03/2024","","","","","","","","","","E HOSPITALARES","E HOSPITALARES"
"TERAPIA COM ALFACERLIPONASE PARA LIPOFUSCINOSE CEROIDE NEURONAL TIPO 2 (CLN2) (COM DIRETRIZ","","","","","","","","","","","","PROCEDIMENTOS CLÍNICOS AMBULATORIAIS","PROCEDIMENTOS CLÍNICOS AMBULATORIAIS"
"","538/2022","22/10/2022","","","HCO","HSO","REF","PAC","153","TERAPÊUTICA","","",""
"DE UTILIZAÇÃO)","","","","","","","","","","","","E HOSPITALARES","E HOSPITALARES"
"TERAPIA IMUNOBIOLÓGICA ENDOVENOSA, INTRAMUSCULAR OU SUBCUTÂNEA (COM DIRETRIZ DE","","","","","","","","","","","","PROCEDIMENTOS CLÍNICOS AMBULATORIAIS","PROCEDIMENTOS CLÍNICOS AMBULATORIAIS"
"","","","","AMB","HCO","HSO","REF","PAC","65","TERAPÊUTICA","","",""
"UTILIZAÇÃO)","","","","","","","","","","","","E HOSPITALARES","E HOSPITALARES"
"","465/2021","01/04/2021","","","","","","","","","","PROCEDIMENTOS CLÍNICOS AMBULATORIAIS","PROCEDIMENTOS CLÍNICOS AMBULATORIAIS"
"TERAPIA IMUNOPROFILÁTICA PARA O VÍRUS SINCICIAL RESPIRATÓRIO (VSR) (COM DIRETRIZ DE UTILIZAÇÃO)","","","","AMB","HCO","HSO","REF","","124","TERAPÊUTICA","","",""
"","624/2024","03/02/2025","","","","","","","","","","E HOSPITALARES","E HOSPITALARES"
"","","","","","","","","","","","","PROCEDIMENTOS CLÍNICOS AMBULATORIAIS","PROCEDIMENTOS CLÍNICOS AMBULATORIAIS"
"TERAPIA INALATÓRIA (NEBULIZAÇÃO)","","","","AMB","HCO","HSO","REF","","","TERAPÊUTICA","","",""
"","","","","","","","","","","","","E HOSPITALARES","E HOSPITALARES"
"","","","","","","","","","","","","PROCEDIMENTOS CLÍNICOS AMBULATORIAIS","PROCEDIMENTOS CLÍNICOS AMBULATORIAIS"
"TERAPIA INTRAVENOSA COM ÁCIDO ZOLEDRÔNICO (COM DIRETRIZ DE UTILIZAÇÃO)","592/2023","18/12/2023","","AMB","HCO","HSO","REF","PAC","163","TERAPÊUTICA","","",""
"","","","","","","","","","","","","E HOSPITALARES","E HOSPITALARES"
"","","","","","","","","","","","","PROCEDIMENTOS CLÍNICOS AMBULATORIAIS","PROCEDIMENTOS CLÍNICOS AMBULATORIAIS"
"TERAPIA MEDICAMENTOSA INJETÁVEL AMBULATORIAL (COM DIRETRIZ DE UTILIZAÇÃO)","546/2022","03/10/2022","","AMB","HCO","HSO","REF","","158","TERAPÊUTICA","","",""
"","","","","","","","","","","","","E HOSPITALARES","E HOSPITALARES"
"","","","","","","","","","","","","PROCEDIMENTOS CLÍNICOS AMBULATORIAIS","PROCEDIMENTOS CLÍNICOS AMBULATORIAIS"
"TERAPIA ONCOLÓGICA - PLANEJAMENTO","","","","AMB","HCO","HSO","REF","PAC","","TERAPÊUTICA","","",""
"","","","","","","","","","","","","E HOSPITALARES","E HOSPITALARES"
"","","","","","","","","","","","","PROCEDIMENTOS CLÍNICOS AMBULATORIAIS","PROCEDIMENTOS CLÍNICOS AMBULATORIAIS"
"TERAPIA ONCOLÓGICA COM APLICAÇÃO DE MEDICAMENTOS POR VIA INTRACAVITÁRIA OU INTRATECAL","","","","","HCO","HSO","REF","PAC","","TERAPÊUTICA","","",""
"","","","","","","","","","","","","E HOSPITALARES","E HOSPITALARES"
"","","","","","","","","","","","","PROCEDIMENTOS CLÍNICOS AMBULATORIAIS","PROCEDIMENTOS CLÍNICOS AMBULATORIAIS"
"TERAPIA ONCOLÓGICA COM APLICAÇÃO INTRA-ARTERIAL OU INTRAVENOSA DE MEDICAMENTOS","","","","AMB","HCO","HSO","REF","PAC","","TERAPÊUTICA","","",""
"","","","","","","","","","","","","E HOSPITALARES","E HOSPITALARES"
"","","","","","","","","","","","","PROCEDIMENTOS CLÍNICOS AMBULATORIAIS","PROCEDIMENTOS CLÍNICOS AMBULATORIAIS"
"TERAPIA ONCOLÓGICA MEDICAMENTOSA PEROPERATÓRIA","","","","","HCO","HSO","REF","PAC","","TERAPÊUTICA","","",""
"","","","","","","","","","","","","E HOSPITALARES","E HOSPITALARES"
"","","","","","","","","","","","","PROCEDIMENTOS CLÍNICOS AMBULATORIAIS","PROCEDIMENTOS CLÍNICOS AMBULATORIAIS"
"TERAPIA POR PRESSÃO NEGATIVA (COM DIRETRIZ DE UTILIZAÇÃO)","","","","AMB","HCO","HSO","REF","","148","TERAPÊUTICA","","",""
"","","","","","","","","","","","","E HOSPITALARES","E HOSPITALARES"
"","","","","","","","","","","","","PELE E TECIDO CELULAR SUBCUTÂNEO,",""
"APÊNDICE PRÉ-AURICULAR - RESSECÇÃO","","","","AMB","HCO","HSO","REF","","","PROCEDIMENTOS","","","PROCEDIMENTOS CIRÚRGICOS E INVASIVOS"
"","","","","","","","","","","","","MUCOSAS E ANEXOS",""
"","","","","","","","","","","","","PROCEDIMENTOS CLÍNICOS AMBULATORIAIS","PROCEDIMENTOS CLÍNICOS AMBULATORIAIS"
"APLICAÇÃO DE CONTRACEPTIVO HORMONAL INJETÁVEL (COM DIRETRIZ DE UTILIZAÇÃO)","538/2022","22/10/2022","","AMB","","","REF","","154","PROCEDIMENTOS","","",""
"","","","","","","","","","","","","E HOSPITALARES","E HOSPITALARES"
"","","","","","","","","","","","","PROCEDIMENTOS CLÍNICOS AMBULATORIAIS","PROCEDIMENTOS CLÍNICOS AMBULATORIAIS"
"IMPLANTE SUBDÉRMICO HORMONAL PARA CONTRACEPÇÃO (COM DIRETRIZ DE UTILIZAÇÃO)","619/2024","02/01/2025","","AMB","","","REF","","170","PROCEDIMENTOS","","",""
"","","","","","","","","","","","","E HOSPITALARES","E HOSPITALARES"
"","","","","","","","","","","","","PELE E TECIDO CELULAR SUBCUTÂNEO,",""
"AUTONOMIZAÇÃO DE RETALHO","","","","","HCO","HSO","REF","","","PROCEDIMENTOS","","","PROCEDIMENTOS CIRÚRGICOS E INVASIVOS"
"","","","","","","","","","","","","MUCOSAS E ANEXOS",""
"","","","","","","","","","","","","PELE E TECIDO CELULAR SUBCUTÂNEO,",""
"BIÓPSIA DE FACE","","","","AMB","HCO","HSO","REF","","","PROCEDIMENTOS","","","PROCEDIMENTOS CIRÚRGICOS E INVASIVOS"
"","","","","","","","","","","","","MUCOSAS E ANEXOS",""
