"","RN","","","","","","","","","","",""
"PROCEDIMENTO","VIGÊNCIA","OD","AMB","HCO","HSO","REF","PAC","DUT","","SUBGRUPO","GRUPO","CAPÍTULO"
"","(alteração)","","","","","","","","","","",""
"REDUÇÃO INCRUENTA DE FRATURA ALVÉOLO DENTÁRIA","","OD","","","","","","","BOCA","","CABEÇA E PESCOÇO","PROCEDIMENTOS CIRÚRGICOS E INVASIVOS"
"REIMPLANTE DE DENTE AVULSIONADO COM CONTENÇÃO","","OD","","","","","","","BOCA","","CABEÇA E PESCOÇO","PROCEDIMENTOS CIRÚRGICOS E INVASIVOS"
"REMOÇÃO DE CORPO ESTRANHO INTRACANAL","","OD","","","","","","","BOCA","","CABEÇA E PESCOÇO","PROCEDIMENTOS CIRÚRGICOS E INVASIVOS"
"REMOÇÃO DE DENTES INCLUSOS / IMPACTADOS","","OD","","","","","","","BOCA","","CABEÇA E PESCOÇO","PROCEDIMENTOS CIRÚRGICOS E INVASIVOS"
"REMOÇÃO DE DENTES SEMI-INCLUSOS / IMPACTADOS","","OD","","","","","","","BOCA","","CABEÇA E PESCOÇO","PROCEDIMENTOS CIRÚRGICOS E INVASIVOS"
"REMOÇÃO DE DRENO EXTRA-ORAL","","OD","","","","","","","BOCA","","CABEÇA E PESCOÇO","PROCEDIMENTOS CIRÚRGICOS E INVASIVOS"
"REMOÇÃO DE DRENO INTRA-ORAL","","OD","","","","","","","BOCA","","CABEÇA E PESCOÇO","PROCEDIMENTOS CIRÚRGICOS E INVASIVOS"
"REMOÇÃO DOS FATORES DE RETENÇÃO DE BIOFILME DENTAL (PLACA BACTERIANA)","","OD","","","","","","","BOCA","","CABEÇA E PESCOÇO","PROCEDIMENTOS CIRÚRGICOS E INVASIVOS"
"REMOÇÃO DE NÚCLEO INTRACANAL","","OD","","","","","","","BOCA","","CABEÇA E PESCOÇO","PROCEDIMENTOS CIRÚRGICOS E INVASIVOS"
"REMOÇÃO DE PEÇA/TRABALHO PROTÉTICO","","OD","","","","","","","BOCA","","CABEÇA E PESCOÇO","PROCEDIMENTOS CIRÚRGICOS E INVASIVOS"
"RESTAURAÇÃO EM AMÁLGAMA","","OD","","","","","","","BOCA","","CABEÇA E PESCOÇO","PROCEDIMENTOS CIRÚRGICOS E INVASIVOS"
"RESTAURAÇÃO EM IONÔMERO DE VIDRO","","OD","","","","","","","BOCA","","CABEÇA E PESCOÇO","PROCEDIMENTOS CIRÚRGICOS E INVASIVOS"
"RESTAURAÇÃO EM RESINA FOTOPOLIMERIZÁVEL","","OD","","","","","","","BOCA","","CABEÇA E PESCOÇO","PROCEDIMENTOS CIRÚRGICOS E INVASIVOS"
"RESTAURAÇÃO TEMPORÁRIA / TRATAMENTO EXPECTANTE","","OD","","","","","","","BOCA","","CABEÇA E PESCOÇO","PROCEDIMENTOS CIRÚRGICOS E INVASIVOS"
"RETRATAMENTO ENDODÔNTICO BIRRADICULAR EM DENTES PERMANENTES","","OD","","","","","","","BOCA","","CABEÇA E PESCOÇO","PROCEDIMENTOS CIRÚRGICOS E INVASIVOS"
"RETRATAMENTO ENDODÔNTICO MULTIRRADICULAR EM DENTES PERMANENTES","","OD","","","","","","","BOCA","","CABEÇA E PESCOÇO","PROCEDIMENTOS CIRÚRGICOS E INVASIVOS"
"RETRATAMENTO ENDODÔNTICO UNIRRADICULAR EM DENTES PERMANENTES","","OD","","","","","","","BOCA","","CABEÇA E PESCOÇO","PROCEDIMENTOS CIRÚRGICOS E INVASIVOS"
"TRATAMENTO CIRÚRGICO DA MACROSTOMIA","","","","HCO","HSO","REF","","","BOCA","","CABEÇA E PESCOÇO","PROCEDIMENTOS CIRÚRGICOS E INVASIVOS"
"TRATAMENTO CIRÚRGICO DA MICROSTOMIA","","","","HCO","HSO","REF","","","BOCA","","CABEÇA E PESCOÇO","PROCEDIMENTOS CIRÚRGICOS E INVASIVOS"
