"","RN","","","","","","","","","",""
"PROCEDIMENTO","VIGÊNCIA","OD","AMB","HCO","HSO","REF","PAC","DUT","SUBGRUPO","GRUPO","CAPÍTULO"
"","(alteração)","","","","","","","","","",""
"","","","","","","","","","","","PROCEDIMENTOS DIAGNÓSTICOS E"
"TESTOSTERONA LIVRE","","","AMB","HCO","HSO","REF","","","ENDOCRINOLOGIA LABORATORIAL","PROCEDIMENTOS LABORATORIAIS",""
"","","","","","","","","","","","TERAPÊUTICOS"
"","","","","","","","","","","","PROCEDIMENTOS DIAGNÓSTICOS E"
"TESTOSTERONA TOTAL","","","AMB","HCO","HSO","REF","","","ENDOCRINOLOGIA LABORATORIAL","PROCEDIMENTOS LABORATORIAIS",""
"","","","","","","","","","","","TERAPÊUTICOS"
"","","","","","","","","","","","PROCEDIMENTOS DIAGNÓSTICOS E"
"TIREOGLOBULINA","","","AMB","HCO","HSO","REF","","","ENDOCRINOLOGIA LABORATORIAL","PROCEDIMENTOS LABORATORIAIS",""
"","","","","","","","","","","","TERAPÊUTICOS"
"","","","","","","","","","","","PROCEDIMENTOS DIAGNÓSTICOS E"
"TIROXINA (T4)","","","AMB","HCO","HSO","REF","","","ENDOCRINOLOGIA LABORATORIAL","PROCEDIMENTOS LABORATORIAIS",""
"","","","","","","","","","","","TERAPÊUTICOS"
"","","","","","","","","","","","PROCEDIMENTOS DIAGNÓSTICOS E"
"TRIIODOTIRONINA (T3)","","","AMB","HCO","HSO","REF","","","ENDOCRINOLOGIA LABORATORIAL","PROCEDIMENTOS LABORATORIAIS",""
"","","","","","","","","","","","TERAPÊUTICOS"
"","","","","","","","","","","","PROCEDIMENTOS DIAGNÓSTICOS E"
"ACETILCOLINA, ANTICORPOS BLOQUEADOR ANTI-RECEPTOR","","","AMB","HCO","HSO","REF","","","IMUNOLOGIA","PROCEDIMENTOS LABORATORIAIS",""
"","","","","","","","","","","","TERAPÊUTICOS"
"","","","","","","","","","","","PROCEDIMENTOS DIAGNÓSTICOS E"
"ACETILCOLINA, ANTICORPOS  LIGADOR ANTI-RECEPTOR","","","AMB","HCO","HSO","REF","","","IMUNOLOGIA","PROCEDIMENTOS LABORATORIAIS",""
"","","","","","","","","","","","TERAPÊUTICOS"
"","","","","","","","","","","","PROCEDIMENTOS DIAGNÓSTICOS E"
"ACETILCOLINA, ANTICORPOS MODULADOR ANTI-RECEPTOR","","","AMB","HCO","HSO","REF","","","IMUNOLOGIA","PROCEDIMENTOS LABORATORIAIS",""
"","","","","","","","","","","","TERAPÊUTICOS"
"","","","","","","","","","","","PROCEDIMENTOS DIAGNÓSTICOS E"
"ADENOVÍRUS, IGG","","","AMB","HCO","HSO","REF","","","IMUNOLOGIA","PROCEDIMENTOS LABORATORIAIS",""
"","","","","","","","","","","","TERAPÊUTICOS"
"","","","","","","","","","","","PROCEDIMENTOS DIAGNÓSTICOS E"
"ADENOVÍRUS, IGM","","","AMB","HCO","HSO","REF","","","IMUNOLOGIA","PROCEDIMENTOS LABORATORIAIS",""
"","","","","","","","","","","","TERAPÊUTICOS"
"","","","","","","","","","","","PROCEDIMENTOS DIAGNÓSTICOS E"
"AQUAPORINA 4 (AQP4) - PESQUISA E/OU DOSAGEM (COM DIRETRIZ DE UTILIZAÇÃO)","","","AMB","HCO","HSO","REF","","117","IMUNOLOGIA","PROCEDIMENTOS LABORATORIAIS",""
"","","","","","","","","","","","TERAPÊUTICOS"
"","","","","","","","","","","","PROCEDIMENTOS DIAGNÓSTICOS E"
"ANTICORPOS ANTI-INFLUENZA A, IGG - PESQUISA E/OU DOSAGEM","","","AMB","HCO","HSO","REF","","","IMUNOLOGIA","PROCEDIMENTOS LABORATORIAIS",""
"","","","","","","","","","","","TERAPÊUTICOS"
"","","","","","","","","","","","PROCEDIMENTOS DIAGNÓSTICOS E"
"ANTICORPOS ANTI-INFLUENZA A, IGM - PESQUISA E/OU DOSAGEM","","","AMB","HCO","HSO","REF","","","IMUNOLOGIA","PROCEDIMENTOS LABORATORIAIS",""
"","","","","","","","","","","","TERAPÊUTICOS"
"","","","","","","","","","","","PROCEDIMENTOS DIAGNÓSTICOS E"
"ANTICORPOS ANTI-INFLUENZA B, IGG - PESQUISA E/OU DOSAGEM","","","AMB","HCO","HSO","REF","","","IMUNOLOGIA","PROCEDIMENTOS LABORATORIAIS",""
"","","","","","","","","","","","TERAPÊUTICOS"
"","","","","","","","","","","","PROCEDIMENTOS DIAGNÓSTICOS E"
"ANTICORPOS ANTI-INFLUENZA B, IGM - PESQUISA E/OU DOSAGEM","","","AMB","HCO","HSO","REF","","","IMUNOLOGIA","PROCEDIMENTOS LABORATORIAIS",""
"","","","","","","","","","","","TERAPÊUTICOS"
"","","","","","","","","","","","PROCEDIMENTOS DIAGNÓSTICOS E"
"ANÁLISE DE MULTÍMEROS PARA PACIENTES COM DOENÇA DE VON WILLEBRAND","","","AMB","HCO","HSO","REF","PAC","","IMUNOLOGIA","PROCEDIMENTOS LABORATORIAIS",""
"","","","","","","","","","","","TERAPÊUTICOS"
"","","","","","","","","","","","PROCEDIMENTOS DIAGNÓSTICOS E"
"ANTI-ACTINA","","","AMB","HCO","HSO","REF","","","IMUNOLOGIA","PROCEDIMENTOS LABORATORIAIS",""
"","","","","","","","","","","","TERAPÊUTICOS"
"","","","","","","","","","","","PROCEDIMENTOS DIAGNÓSTICOS E"
"ANTICARDIOLIPINA - IGA / IGG / IGM","","","AMB","HCO","HSO","REF","","","IMUNOLOGIA","PROCEDIMENTOS LABORATORIAIS",""
"","","","","","","","","","","","TERAPÊUTICOS"
"","","","","","","","","","","","PROCEDIMENTOS DIAGNÓSTICOS E"
"ANTICENTRÔMERO","","","AMB","HCO","HSO","REF","","","IMUNOLOGIA","PROCEDIMENTOS LABORATORIAIS",""
"","","","","","","","","","","","TERAPÊUTICOS"
