"","RN","","","","","","","","","",""
"PROCEDIMENTO","VIGÊNCIA","OD","AMB","HCO","HSO","REF","PAC","DUT","SUBGRUPO","GRUPO","CAPÍTULO"
"","(alteração)","","","","","","","","","",""
"NEFRECTOMIA","","","","HCO","HSO","REF","","","RIM, BACINETE E SUPRA-RENAL","SISTEMA URINÁRIO","PROCEDIMENTOS CIRÚRGICOS E INVASIVOS"
"NEFRECTOMIA LAPAROSCÓPICA","","","","HCO","HSO","REF","","","RIM, BACINETE E SUPRA-RENAL","SISTEMA URINÁRIO","PROCEDIMENTOS CIRÚRGICOS E INVASIVOS"
"NEFRECTOMIA COM URETERECTOMIA","","","","HCO","HSO","REF","","","RIM, BACINETE E SUPRA-RENAL","SISTEMA URINÁRIO","PROCEDIMENTOS CIRÚRGICOS E INVASIVOS"
"NEFRO OU PIELOENTEROCISTOSTOMIA","","","","HCO","HSO","REF","","","RIM, BACINETE E SUPRA-RENAL","SISTEMA URINÁRIO","PROCEDIMENTOS CIRÚRGICOS E INVASIVOS"
"NEFROLITOTOMIA SIMPLES, ANATRÓFICA OU PERCUTÂNEA","","","","HCO","HSO","REF","","","RIM, BACINETE E SUPRA-RENAL","SISTEMA URINÁRIO","PROCEDIMENTOS CIRÚRGICOS E INVASIVOS"
"NEFROLITOTRIPSIA EXTRACORPÓREA","","","","HCO","HSO","REF","PAC","","RIM, BACINETE E SUPRA-RENAL","SISTEMA URINÁRIO","PROCEDIMENTOS CIRÚRGICOS E INVASIVOS"
"NEFROLITOTRIPSIA PERCUTÂNEA (PNEUMÁTICA OU PNEUMÁTICO-BALÍSTICA – MEC; ELETROHIDRÁULICA -","","","","","","","","","","",""
"","","","","HCO","HSO","REF","","","RIM, BACINETE E SUPRA-RENAL","SISTEMA URINÁRIO","PROCEDIMENTOS CIRÚRGICOS E INVASIVOS"
"E.H.; OU ULTRASSOM - U.S.)","","","","","","","","","","",""
"NEFROLITOTRIPSIA PERCUTÂNEA A LASER","","","","HCO","HSO","REF","PAC","","RIM, BACINETE E SUPRA-RENAL","SISTEMA URINÁRIO","PROCEDIMENTOS CIRÚRGICOS E INVASIVOS"
"NEFROPEXIA","","","","HCO","HSO","REF","","","RIM, BACINETE E SUPRA-RENAL","SISTEMA URINÁRIO","PROCEDIMENTOS CIRÚRGICOS E INVASIVOS"
"NEFROPEXIA LAPAROSCÓPICA","","","","HCO","HSO","REF","","","RIM, BACINETE E SUPRA-RENAL","SISTEMA URINÁRIO","PROCEDIMENTOS CIRÚRGICOS E INVASIVOS"
"NEFRORRAFIA","","","","HCO","HSO","REF","","","RIM, BACINETE E SUPRA-RENAL","SISTEMA URINÁRIO","PROCEDIMENTOS CIRÚRGICOS E INVASIVOS"
"NEFROSTOMIA","","","","HCO","HSO","REF","","","RIM, BACINETE E SUPRA-RENAL","SISTEMA URINÁRIO","PROCEDIMENTOS CIRÚRGICOS E INVASIVOS"
"NEFROSTOMIA PERCUTÂNEA","","","AMB","HCO","HSO","REF","PAC","","RIM, BACINETE E SUPRA-RENAL","SISTEMA URINÁRIO","PROCEDIMENTOS CIRÚRGICOS E INVASIVOS"
"NEFROURETERECTOMIA COM RESSECÇÃO VESICAL","","","","HCO","HSO","REF","","","RIM, BACINETE E SUPRA-RENAL","SISTEMA URINÁRIO","PROCEDIMENTOS CIRÚRGICOS E INVASIVOS"
"NEFROURETERECTOMIA COM RESSECÇÃO VESICAL LAPAROSCÓPICA","","","","HCO","HSO","REF","","","RIM, BACINETE E SUPRA-RENAL","SISTEMA URINÁRIO","PROCEDIMENTOS CIRÚRGICOS E INVASIVOS"
"PIELOLITOTOMIA","","","","HCO","HSO","REF","","","RIM, BACINETE E SUPRA-RENAL","SISTEMA URINÁRIO","PROCEDIMENTOS CIRÚRGICOS E INVASIVOS"
"PIELOLITOTOMIA LAPAROSCÓPICA","","","","HCO","HSO","REF","","","RIM, BACINETE E SUPRA-RENAL","SISTEMA URINÁRIO","PROCEDIMENTOS CIRÚRGICOS E INVASIVOS"
"PIELOLITOTOMIA COM NEFROLITOTOMIA SIMPLES OU ANATRÓFICA","","","","HCO","HSO","REF","","","RIM, BACINETE E SUPRA-RENAL","SISTEMA URINÁRIO","PROCEDIMENTOS CIRÚRGICOS E INVASIVOS"
"PIELOPLASTIA","","","","HCO","HSO","REF","","","RIM, BACINETE E SUPRA-RENAL","SISTEMA URINÁRIO","PROCEDIMENTOS CIRÚRGICOS E INVASIVOS"
