"","RN","","","","","","","","","","",""
"PROCEDIMENTO","VIGÊNCIA","OD","AMB","HCO","HSO","REF","PAC","DUT","","SUBGRUPO","GRUPO","CAPÍTULO"
"","(alteração)","","","","","","","","","","",""
"","","","","","","","","","","","","PROCEDIMENTOS DIAGNÓSTICOS E"
"TRATAMENTO DE HIPERTIREOIDISMO-BÓCIO NODULAR TÓXICO (PLUMMER)","","","AMB","HCO","HSO","REF","PAC","","TERAPIA - IN VIVO","","MEDICINA NUCLEAR",""
"","","","","","","","","","","","","TERAPÊUTICOS"
"","","","","","","","","","","","","PROCEDIMENTOS DIAGNÓSTICOS E"
"TRATAMENTO DE TUMORES NEUROENDÓCRINOS","","","AMB","HCO","HSO","REF","PAC","","TERAPIA - IN VIVO","","MEDICINA NUCLEAR",""
"","","","","","","","","","","","","TERAPÊUTICOS"
"","","","","","","","","","","","","PROCEDIMENTOS DIAGNÓSTICOS E"
"IMUNOCINTILOGRAFIA (ANTICORPOS MONOCLONAIS)","","","AMB","HCO","HSO","REF","PAC","","OUTROS - IN VIVO","","MEDICINA NUCLEAR",""
"","","","","","","","","","","","","TERAPÊUTICOS"
"","","","","","","","","","","","","PROCEDIMENTOS DIAGNÓSTICOS E"
"AMPLIAÇÃO OU MAGNIFICAÇÃO DE LESÃO MAMÁRIA","","","AMB","HCO","HSO","REF","","","RADIOGRAFIAS","","MÉTODOS DIAGNÓSTICOS POR IMAGEM",""
"","","","","","","","","","","","","TERAPÊUTICOS"
"","","","","","","","","","","","","PROCEDIMENTOS DIAGNÓSTICOS E"
"ANGIOGRAFIA POR CATETERISMO NÃO SELETIVO, SELETIVO OU SUPERSELETIVO","","","AMB","HCO","HSO","REF","PAC","","RADIOGRAFIAS","","MÉTODOS DIAGNÓSTICOS POR IMAGEM",""
"","","","","","","","","","","","","TERAPÊUTICOS"
"","","","","","","","","","","","","PROCEDIMENTOS DIAGNÓSTICOS E"
"ANGIOGRAFIA POR PUNÇÃO","","","AMB","HCO","HSO","REF","PAC","","RADIOGRAFIAS","","MÉTODOS DIAGNÓSTICOS POR IMAGEM",""
"","","","","","","","","","","","","TERAPÊUTICOS"
"","","","","","","","","","","","","PROCEDIMENTOS DIAGNÓSTICOS E"
"ANGIOGRAFIA TRANSOPERATÓRIA DE POSICIONAMENTO","","","","HCO","HSO","REF","","","RADIOGRAFIAS","","MÉTODOS DIAGNÓSTICOS POR IMAGEM",""
"","","","","","","","","","","","","TERAPÊUTICOS"
"","","","","","","","","","","","","PROCEDIMENTOS DIAGNÓSTICOS E"
"AORTOGRAFIA ABDOMINAL POR PUNÇÃO TRANSLOMBAR","","","","HCO","HSO","REF","PAC","","RADIOGRAFIAS","","MÉTODOS DIAGNÓSTICOS POR IMAGEM",""
"","","","","","","","","","","","","TERAPÊUTICOS"
"","","","","","","","","","","","","PROCEDIMENTOS DIAGNÓSTICOS E"
"ARTROGRAFIA OU PNEUMOARTROGRAFIA","","","AMB","HCO","HSO","REF","","","RADIOGRAFIAS","","MÉTODOS DIAGNÓSTICOS POR IMAGEM",""
"","","","","","","","","","","","","TERAPÊUTICOS"
"AVALIAÇÃO HEMODINÂMICA POR CATETERISMO (AFERIMENTO DE PRESSÃO OU FLUXO ARTERIAL OU","","","","","","","","","","","","PROCEDIMENTOS DIAGNÓSTICOS E"
"","","","AMB","HCO","HSO","REF","","","RADIOGRAFIAS","","MÉTODOS DIAGNÓSTICOS POR IMAGEM",""
"VENOSO)","","","","","","","","","","","","TERAPÊUTICOS"
"","","","","","","","","","","","","PROCEDIMENTOS DIAGNÓSTICOS E"
"CAVERNOSOGRAFIA","","","AMB","HCO","HSO","REF","PAC","","RADIOGRAFIAS","","MÉTODOS DIAGNÓSTICOS POR IMAGEM",""
"","","","","","","","","","","","","TERAPÊUTICOS"
"","","","","","","","","","","","","PROCEDIMENTOS DIAGNÓSTICOS E"
"CLISTER OU ENEMA OPACO (DUPLO CONTRASTE)","","","AMB","HCO","HSO","REF","","","RADIOGRAFIAS","","MÉTODOS DIAGNÓSTICOS POR IMAGEM",""
"","","","","","","","","","","","","TERAPÊUTICOS"
"","","","","","","","","","","","","PROCEDIMENTOS DIAGNÓSTICOS E"
"COLANGIOGRAFIA INTRA-OPERATÓRIA","","","AMB","HCO","HSO","REF","","","RADIOGRAFIAS","","MÉTODOS DIAGNÓSTICOS POR IMAGEM",""
"","","","","","","","","","","","","TERAPÊUTICOS"
"","","","","","","","","","","","","PROCEDIMENTOS DIAGNÓSTICOS E"
"COLANGIOGRAFIA PÓS-OPERATÓRIA (PELO DRENO)","","","AMB","HCO","HSO","REF","","","RADIOGRAFIAS","","MÉTODOS DIAGNÓSTICOS POR IMAGEM",""
"","","","","","","","","","","","","TERAPÊUTICOS"
"","","","","","","","","","","","","PROCEDIMENTOS DIAGNÓSTICOS E"
"COLANGIOGRAFIA TRANSCUTÂNEA","","","AMB","HCO","HSO","REF","","","RADIOGRAFIAS","","MÉTODOS DIAGNÓSTICOS POR IMAGEM",""
"","","","","","","","","","","","","TERAPÊUTICOS"
"","","","","","","","","","","","","PROCEDIMENTOS DIAGNÓSTICOS E"
"COLANGIOPANCREATOGRAFIA RETRÓGRADA","","","AMB","HCO","HSO","REF","PAC","","RADIOGRAFIAS","","MÉTODOS DIAGNÓSTICOS POR IMAGEM",""
"","","","","","","","","","","","","TERAPÊUTICOS"
"","","","","","","","","","","","","PROCEDIMENTOS DIAGNÓSTICOS E"
"DACRIOCISTOGRAFIA","","","AMB","HCO","HSO","REF","","","RADIOGRAFIAS","","MÉTODOS DIAGNÓSTICOS POR IMAGEM",""
"","","","","","","","","","","","","TERAPÊUTICOS"
"","","","","","","","","","","","","PROCEDIMENTOS DIAGNÓSTICOS E"
"DEFECOGRAMA","","","AMB","HCO","HSO","REF","","","RADIOGRAFIAS","","MÉTODOS DIAGNÓSTICOS POR IMAGEM",""
"","","","","","","","","","","","","TERAPÊUTICOS"
"","","","","","","","","","","","","PROCEDIMENTOS DIAGNÓSTICOS E"
"DEGLUTOGRAMA OU VIDEODEGLUTOGRAMA","","","AMB","HCO","HSO","REF","","","RADIOGRAFIAS","","MÉTODOS DIAGNÓSTICOS POR IMAGEM",""
"","","","","","","","","","","","","TERAPÊUTICOS"
