"","RN","","","","","","","","","","",""
"PROCEDIMENTO","VIGÊNCIA","OD","AMB","HCO","HSO","REF","PAC","DUT","","SUBGRUPO","GRUPO","CAPÍTULO"
"","(alteração)","","","","","","","","","","",""
"","","","","","","","","","","","","PROCEDIMENTOS DIAGNÓSTICOS E"
"RADIOGRAFIA DE CLAVÍCULA","","","AMB","HCO","HSO","REF","","","RADIOGRAFIAS","","MÉTODOS DIAGNÓSTICOS POR IMAGEM",""
"","","","","","","","","","","","","TERAPÊUTICOS"
"","","","","","","","","","","","","PROCEDIMENTOS DIAGNÓSTICOS E"
"RADIOGRAFIA DE COLUNA CERVICAL","","","AMB","HCO","HSO","REF","","","RADIOGRAFIAS","","MÉTODOS DIAGNÓSTICOS POR IMAGEM",""
"","","","","","","","","","","","","TERAPÊUTICOS"
"","","","","","","","","","","","","PROCEDIMENTOS DIAGNÓSTICOS E"
"RADIOGRAFIA DE COLUNA DORSAL","","","AMB","HCO","HSO","REF","","","RADIOGRAFIAS","","MÉTODOS DIAGNÓSTICOS POR IMAGEM",""
"","","","","","","","","","","","","TERAPÊUTICOS"
"","","","","","","","","","","","","PROCEDIMENTOS DIAGNÓSTICOS E"
"RADIOGRAFIA DE COLUNA DORSO-LOMBAR","","","AMB","HCO","HSO","REF","","","RADIOGRAFIAS","","MÉTODOS DIAGNÓSTICOS POR IMAGEM",""
"","","","","","","","","","","","","TERAPÊUTICOS"
"","","","","","","","","","","","","PROCEDIMENTOS DIAGNÓSTICOS E"
"RADIOGRAFIA DE COLUNA LOMBO-SACRA","","","AMB","HCO","HSO","REF","","","RADIOGRAFIAS","","MÉTODOS DIAGNÓSTICOS POR IMAGEM",""
"","","","","","","","","","","","","TERAPÊUTICOS"
"","","","","","","","","","","","","PROCEDIMENTOS DIAGNÓSTICOS E"
"RADIOGRAFIA DE COLUNA TOTAL (TELESPONDILOGRAFIA)","","","AMB","HCO","HSO","REF","","","RADIOGRAFIAS","","MÉTODOS DIAGNÓSTICOS POR IMAGEM",""
"","","","","","","","","","","","","TERAPÊUTICOS"
"","","","","","","","","","","","","PROCEDIMENTOS DIAGNÓSTICOS E"
"RADIOGRAFIA DE CORAÇÃO E VASOS DA BASE","","","AMB","HCO","HSO","REF","","","RADIOGRAFIAS","","MÉTODOS DIAGNÓSTICOS POR IMAGEM",""
"","","","","","","","","","","","","TERAPÊUTICOS"
"","","","","","","","","","","","","PROCEDIMENTOS DIAGNÓSTICOS E"
"RADIOGRAFIA DE COSTELAS","","","AMB","HCO","HSO","REF","","","RADIOGRAFIAS","","MÉTODOS DIAGNÓSTICOS POR IMAGEM",""
"","","","","","","","","","","","","TERAPÊUTICOS"
"","","","","","","","","","","","","PROCEDIMENTOS DIAGNÓSTICOS E"
"RADIOGRAFIA DE COTOVELO","","","AMB","HCO","HSO","REF","","","RADIOGRAFIAS","","MÉTODOS DIAGNÓSTICOS POR IMAGEM",""
"","","","","","","","","","","","","TERAPÊUTICOS"
"","","","","","","","","","","","","PROCEDIMENTOS DIAGNÓSTICOS E"
"RADIOGRAFIA DE COXA","","","AMB","HCO","HSO","REF","","","RADIOGRAFIAS","","MÉTODOS DIAGNÓSTICOS POR IMAGEM",""
"","","","","","","","","","","","","TERAPÊUTICOS"
"","","","","","","","","","","","","PROCEDIMENTOS DIAGNÓSTICOS E"
"RADIOGRAFIA DE CRÂNIO","","","AMB","HCO","HSO","REF","","","RADIOGRAFIAS","","MÉTODOS DIAGNÓSTICOS POR IMAGEM",""
"","","","","","","","","","","","","TERAPÊUTICOS"
"","","","","","","","","","","","","PROCEDIMENTOS DIAGNÓSTICOS E"
"RADIOGRAFIA DE ESCÁPULA","","","AMB","HCO","HSO","REF","","","RADIOGRAFIAS","","MÉTODOS DIAGNÓSTICOS POR IMAGEM",""
"","","","","","","","","","","","","TERAPÊUTICOS"
"","","","","","","","","","","","","PROCEDIMENTOS DIAGNÓSTICOS E"
"RADIOGRAFIA DE ESÔFAGO","","","AMB","HCO","HSO","REF","","","RADIOGRAFIAS","","MÉTODOS DIAGNÓSTICOS POR IMAGEM",""
"","","","","","","","","","","","","TERAPÊUTICOS"
"","","","","","","","","","","","","PROCEDIMENTOS DIAGNÓSTICOS E"
"RADIOGRAFIA DE ESÔFAGO - HIATO - ESTÔMAGO E DUODENO","","","AMB","HCO","HSO","REF","","","RADIOGRAFIAS","","MÉTODOS DIAGNÓSTICOS POR IMAGEM",""
"","","","","","","","","","","","","TERAPÊUTICOS"
"","","","","","","","","","","","","PROCEDIMENTOS DIAGNÓSTICOS E"
"RADIOGRAFIA DE ESTERNO","","","AMB","HCO","HSO","REF","","","RADIOGRAFIAS","","MÉTODOS DIAGNÓSTICOS POR IMAGEM",""
"","","","","","","","","","","","","TERAPÊUTICOS"
"","","","","","","","","","","","","PROCEDIMENTOS DIAGNÓSTICOS E"
"RADIOGRAFIA DE ESTÔMAGO E DUODENO","","","AMB","HCO","HSO","REF","","","RADIOGRAFIAS","","MÉTODOS DIAGNÓSTICOS POR IMAGEM",""
"","","","","","","","","","","","","TERAPÊUTICOS"
"","","","","","","","","","","","","PROCEDIMENTOS DIAGNÓSTICOS E"
"RADIOGRAFIA DE JOELHO","","","AMB","HCO","HSO","REF","","","RADIOGRAFIAS","","MÉTODOS DIAGNÓSTICOS POR IMAGEM",""
"","","","","","","","","","","","","TERAPÊUTICOS"
"","","","","","","","","","","","","PROCEDIMENTOS DIAGNÓSTICOS E"
"RADIOGRAFIA DE LARINGE OU HIPOFARINGE OU PESCOÇO (PARTES MOLES)","","","AMB","HCO","HSO","REF","","","RADIOGRAFIAS","","MÉTODOS DIAGNÓSTICOS POR IMAGEM",""
"","","","","","","","","","","","","TERAPÊUTICOS"
"","","","","","","","","","","","","PROCEDIMENTOS DIAGNÓSTICOS E"
"RADIOGRAFIA DE MANDÍBULA/MAXILA","","","AMB","HCO","HSO","REF","","","RADIOGRAFIAS","","MÉTODOS DIAGNÓSTICOS POR IMAGEM",""
"","","","","","","","","","","","","TERAPÊUTICOS"
