"","RN","","","","","","","","","",""
"PROCEDIMENTO","VIGÊNCIA","OD","AMB","HCO","HSO","REF","PAC","DUT","SUBGRUPO","GRUPO","CAPÍTULO"
"","(alteração)","","","","","","","","","",""
"","","","","","","","","","ENDOSCOPIA DIAGNÓSTICA OU","","PROCEDIMENTOS DIAGNÓSTICOS E"
"COLOCAÇÃO DE CÂNULA SOB ORIENTAÇÃO ENDOSCÓPICA","","","AMB","HCO","HSO","REF","","","","ENDOSCÓPICOS",""
"","","","","","","","","","INTERVENCIONISTA","","TERAPÊUTICOS"
"","","","","","","","","","ENDOSCOPIA DIAGNÓSTICA OU","","PROCEDIMENTOS DIAGNÓSTICOS E"
"COLOCAÇÃO DE CATETER PARA BRAQUITERAPIA ENDOBRÔNQUICA","","","","HCO","HSO","REF","PAC","","","ENDOSCÓPICOS",""
"","","","","","","","","","INTERVENCIONISTA","","TERAPÊUTICOS"
"","","","","","","","","","ENDOSCOPIA DIAGNÓSTICA OU","","PROCEDIMENTOS DIAGNÓSTICOS E"
"COLOCAÇÃO DE PRÓTESE COLEDOCIANA POR VIA ENDOSCÓPICA","","","","HCO","HSO","REF","","","","ENDOSCÓPICOS",""
"","","","","","","","","","INTERVENCIONISTA","","TERAPÊUTICOS"
"","","","","","","","","","ENDOSCOPIA DIAGNÓSTICA OU","","PROCEDIMENTOS DIAGNÓSTICOS E"
"COLOCAÇÃO DE PRÓTESE TRAQUEAL OU BRÔNQUICA","","","","HCO","HSO","REF","","","","ENDOSCÓPICOS",""
"","","","","","","","","","INTERVENCIONISTA","","TERAPÊUTICOS"
"","","","","","","","","","ENDOSCOPIA DIAGNÓSTICA OU","","PROCEDIMENTOS DIAGNÓSTICOS E"
"COLONOSCOPIA COM BIÓPSIA E/OU CITOLOGIA COM OU SEM DILATAÇÃO SEGMENTAR OU ESTENOSTOMIA","","","AMB","HCO","HSO","REF","","","","ENDOSCÓPICOS",""
"","","","","","","","","","INTERVENCIONISTA","","TERAPÊUTICOS"
"","","","","","","","","","ENDOSCOPIA DIAGNÓSTICA OU","","PROCEDIMENTOS DIAGNÓSTICOS E"
"DESCOMPRESSÃO COLÔNICA POR COLONOSCOPIA","","","AMB","HCO","HSO","REF","","","","ENDOSCÓPICOS",""
"","","","","","","","","","INTERVENCIONISTA","","TERAPÊUTICOS"
"","","","","","","","","","ENDOSCOPIA DIAGNÓSTICA OU","","PROCEDIMENTOS DIAGNÓSTICOS E"
"DESOBSTRUÇÃO BRÔNQUICA COM LASER OU ELETROCAUTÉRIO","","","","HCO","HSO","REF","","","","ENDOSCÓPICOS",""
"","","","","","","","","","INTERVENCIONISTA","","TERAPÊUTICOS"
"","","","","","","","","","ENDOSCOPIA DIAGNÓSTICA OU","","PROCEDIMENTOS DIAGNÓSTICOS E"
"DESOBSTRUÇÃO BRÔNQUICA POR BRONCOASPIRAÇÃO","","","","HCO","HSO","REF","","","","ENDOSCÓPICOS",""
"","","","","","","","","","INTERVENCIONISTA","","TERAPÊUTICOS"
"","","","","","","","","","ENDOSCOPIA DIAGNÓSTICA OU","","PROCEDIMENTOS DIAGNÓSTICOS E"
"DILATAÇÃO DE ESTENOSE BRÔNQUICA","","","","HCO","HSO","REF","","","","ENDOSCÓPICOS",""
"","","","","","","","","","INTERVENCIONISTA","","TERAPÊUTICOS"
"","","","","","","","","","ENDOSCOPIA DIAGNÓSTICA OU","","PROCEDIMENTOS DIAGNÓSTICOS E"
"DILATAÇÃO INSTRUMENTAL DO ESÔFAGO, ESTÔMAGO OU DUODENO","","","AMB","HCO","HSO","REF","","","","ENDOSCÓPICOS",""
"","","","","","","","","","INTERVENCIONISTA","","TERAPÊUTICOS"
"","","","","","","","","","ENDOSCOPIA DIAGNÓSTICA OU","","PROCEDIMENTOS DIAGNÓSTICOS E"
"DILATAÇÃO INSTRUMENTAL E INJEÇÃO DE SUBSTÂNCIA MEDICAMENTOSA POR ENDOSCOPIA","","","AMB","HCO","HSO","REF","","","","ENDOSCÓPICOS",""
"","","","","","","","","","INTERVENCIONISTA","","TERAPÊUTICOS"
"","","","","","","","","","ENDOSCOPIA DIAGNÓSTICA OU","","PROCEDIMENTOS DIAGNÓSTICOS E"
"DILATAÇÃO PARA TRATAMENTO DE ESTENOSE LARINGO-TRAQUEAL","","","","HCO","HSO","REF","","","","ENDOSCÓPICOS",""
"","","","","","","","","","INTERVENCIONISTA","","TERAPÊUTICOS"
"","","","","","","","","","ENDOSCOPIA DIAGNÓSTICA OU","","PROCEDIMENTOS DIAGNÓSTICOS E"
"DIVERTICULOTOMIA","","","","HCO","HSO","REF","","","","ENDOSCÓPICOS",""
"","","","","","","","","","INTERVENCIONISTA","","TERAPÊUTICOS"
"","","","","","","","","","ENDOSCOPIA DIAGNÓSTICA OU","","PROCEDIMENTOS DIAGNÓSTICOS E"
"DRENAGEM CAVITÁRIA POR LAPAROSCOPIA","","","","HCO","HSO","REF","","","","ENDOSCÓPICOS",""
"","","","","","","","","","INTERVENCIONISTA","","TERAPÊUTICOS"
"","","","","","","","","","ENDOSCOPIA DIAGNÓSTICA OU","","PROCEDIMENTOS DIAGNÓSTICOS E"
"ECOBRONCOSCOPIA COM PUNÇÃO ASPIRATIVA COM AGULHA FINA (COM DIRETRIZ DE UTILIZAÇÃO)","607/2024
21/06/2024","","","HCO","HSO","REF","PAC","165","","ENDOSCÓPICOS",""
"","","","","","","","","","INTERVENCIONISTA","","TERAPÊUTICOS"
"","","","","","","","","","ENDOSCOPIA DIAGNÓSTICA OU","","PROCEDIMENTOS DIAGNÓSTICOS E"
"ECOENDOSCOPIA (ULTRASSOM ENDOSCÓPICO) COM OU SEM PUNÇÃO POR AGULHA","","","AMB","HCO","HSO","REF","","","","ENDOSCÓPICOS",""
"","","","","","","","","","INTERVENCIONISTA","","TERAPÊUTICOS"
"","","","","","","","","","ENDOSCOPIA DIAGNÓSTICA OU","","PROCEDIMENTOS DIAGNÓSTICOS E"
"ENDOSCOPIA COM PAPILOTOMIA","","","AMB","HCO","HSO","REF","","","","ENDOSCÓPICOS",""
"","","","","","","","","","INTERVENCIONISTA","","TERAPÊUTICOS"
"","","","","","","","","","ENDOSCOPIA DIAGNÓSTICA OU","","PROCEDIMENTOS DIAGNÓSTICOS E"
"ENDOSCOPIA DIGESTIVA ALTA","","","AMB","HCO","HSO","REF","","","","ENDOSCÓPICOS",""
"","","","","","","","","","INTERVENCIONISTA","","TERAPÊUTICOS"
"","","","","","","","","","ENDOSCOPIA DIAGNÓSTICA OU","","PROCEDIMENTOS DIAGNÓSTICOS E"
"ENDOSCOPIA DIGESTIVA ALTA COM BIÓPSIA E/OU CITOLOGIA","","","AMB","HCO","HSO","REF","","","","ENDOSCÓPICOS",""
"","","","","","","","","","INTERVENCIONISTA","","TERAPÊUTICOS"
