"","RN","","","","","","","","","","",""
"PROCEDIMENTO","VIGÊNCIA","OD","AMB","HCO","HSO","REF","PAC","DUT","","SUBGRUPO","GRUPO","CAPÍTULO"
"","(alteração)","","","","","","","","","","",""
"CÁLCULO VESICAL - EXTRAÇÃO ENDOSCÓPICA","","","AMB","HCO","HSO","REF","","","BEXIGA","","SISTEMA URINÁRIO","PROCEDIMENTOS CIRÚRGICOS E INVASIVOS"
"CISTECTOMIA","","","","HCO","HSO","REF","","","BEXIGA","","SISTEMA URINÁRIO","PROCEDIMENTOS CIRÚRGICOS E INVASIVOS"
"CISTECTOMIA LAPAROSCÓPICA (INCLUI PRÓSTATA OU ÚTERO)","","","","HCO","HSO","REF","","","BEXIGA","","SISTEMA URINÁRIO","PROCEDIMENTOS CIRÚRGICOS E INVASIVOS"
"CISTOLITOTOMIA","","","","HCO","HSO","REF","","","BEXIGA","","SISTEMA URINÁRIO","PROCEDIMENTOS CIRÚRGICOS E INVASIVOS"
"CISTOLITOTRIPSIA A LASER","","","","HCO","HSO","REF","PAC","","BEXIGA","","SISTEMA URINÁRIO","PROCEDIMENTOS CIRÚRGICOS E INVASIVOS"
"CISTOLITOTRIPSIA EXTRACORPÓREA","","","","HCO","HSO","REF","PAC","","BEXIGA","","SISTEMA URINÁRIO","PROCEDIMENTOS CIRÚRGICOS E INVASIVOS"
"CISTOLITOTRIPSIA PERCUTÂNEA (U.S., E.H., E.C.)","","","","HCO","HSO","REF","","","BEXIGA","","SISTEMA URINÁRIO","PROCEDIMENTOS CIRÚRGICOS E INVASIVOS"
"CISTOLITOTRIPSIA TRANSURETRAL (U.S., E.H., E.C.)","","","","HCO","HSO","REF","","","BEXIGA","","SISTEMA URINÁRIO","PROCEDIMENTOS CIRÚRGICOS E INVASIVOS"
"CISTOPLASTIA REDUTORA","","","","HCO","HSO","REF","","","BEXIGA","","SISTEMA URINÁRIO","PROCEDIMENTOS CIRÚRGICOS E INVASIVOS"
"CISTORRAFIA","","","","HCO","HSO","REF","","","BEXIGA","","SISTEMA URINÁRIO","PROCEDIMENTOS CIRÚRGICOS E INVASIVOS"
"CISTOSTOMIA CIRÚRGICA","","","","HCO","HSO","REF","","","BEXIGA","","SISTEMA URINÁRIO","PROCEDIMENTOS CIRÚRGICOS E INVASIVOS"
"CISTOSTOMIA COM PROCEDIMENTO ENDOSCÓPICO","","","AMB","HCO","HSO","REF","","","BEXIGA","","SISTEMA URINÁRIO","PROCEDIMENTOS CIRÚRGICOS E INVASIVOS"
"CISTOSTOMIA POR PUNÇÃO COM TROCATER","","","AMB","HCO","HSO","REF","","","BEXIGA","","SISTEMA URINÁRIO","PROCEDIMENTOS CIRÚRGICOS E INVASIVOS"
"COLO DE DIVERTÍCULO - RESSECÇÃO ENDOSCÓPICA","","","","HCO","HSO","REF","","","BEXIGA","","SISTEMA URINÁRIO","PROCEDIMENTOS CIRÚRGICOS E INVASIVOS"
"COLO VESICAL - RESSECÇÃO ENDOSCÓPICA","","","","HCO","HSO","REF","","","BEXIGA","","SISTEMA URINÁRIO","PROCEDIMENTOS CIRÚRGICOS E INVASIVOS"
"CORPO ESTRANHO - EXTRAÇÃO CIRÚRGICA","","","","HCO","HSO","REF","","","BEXIGA","","SISTEMA URINÁRIO","PROCEDIMENTOS CIRÚRGICOS E INVASIVOS"
"CORPO ESTRANHO - EXTRAÇÃO ENDOSCÓPICA","","","AMB","HCO","HSO","REF","","","BEXIGA","","SISTEMA URINÁRIO","PROCEDIMENTOS CIRÚRGICOS E INVASIVOS"
"DIVERTICULECTOMIA VESICAL","","","","HCO","HSO","REF","","","BEXIGA","","SISTEMA URINÁRIO","PROCEDIMENTOS CIRÚRGICOS E INVASIVOS"
"ENTEROCISTOPLASTIA (AMPLIAÇÃO VESICAL)","","","","HCO","HSO","REF","","","BEXIGA","","SISTEMA URINÁRIO","PROCEDIMENTOS CIRÚRGICOS E INVASIVOS"
