"","RN","","","","","","","","","",""
"PROCEDIMENTO","VIGÊNCIA","OD","AMB","HCO","HSO","REF","PAC","DUT","SUBGRUPO","GRUPO","CAPÍTULO"
"","(alteração)","","","","","","","","","",""
"","","","","","","","","","BIOQUÍMICA (SANGUE, URINA E OUTROS","","PROCEDIMENTOS DIAGNÓSTICOS E"
"PROVA IMUNOALÉRGICAS PARA FUNGOS (POR ANTÍGENOS)","","","AMB","HCO","HSO","REF","","","","PROCEDIMENTOS LABORATORIAIS",""
"","","","","","","","","","MATERIAIS)","","TERAPÊUTICOS"
"","","","","","","","","","BIOQUÍMICA (SANGUE, URINA E OUTROS","","PROCEDIMENTOS DIAGNÓSTICOS E"
"SACAROSE, TESTE DE TOLERÂNCIA","","","AMB","HCO","HSO","REF","","","","PROCEDIMENTOS LABORATORIAIS",""
"","","","","","","","","","MATERIAIS)","","TERAPÊUTICOS"
"","","","","","","","","","BIOQUÍMICA (SANGUE, URINA E OUTROS","","PROCEDIMENTOS DIAGNÓSTICOS E"
"SÓDIO","","","AMB","HCO","HSO","REF","","","","PROCEDIMENTOS LABORATORIAIS",""
"","","","","","","","","","MATERIAIS)","","TERAPÊUTICOS"
"","","","","","","","","","BIOQUÍMICA (SANGUE, URINA E OUTROS","","PROCEDIMENTOS DIAGNÓSTICOS E"
"SUCCINIL ACETONA (COM DIRETRIZ DE UTILIZAÇÃO)","","","AMB","HCO","HSO","REF","PAC","63","","PROCEDIMENTOS LABORATORIAIS",""
"","","","","","","","","","MATERIAIS)","","TERAPÊUTICOS"
"","","","","","","","","","BIOQUÍMICA (SANGUE, URINA E OUTROS","","PROCEDIMENTOS DIAGNÓSTICOS E"
"SULFATOS ORGÂNICOS OU INORGÂNICOS","","","AMB","HCO","HSO","REF","","","","PROCEDIMENTOS LABORATORIAIS",""
"","","","","","","","","","MATERIAIS)","","TERAPÊUTICOS"
"","","","","","","","","","BIOQUÍMICA (SANGUE, URINA E OUTROS","","PROCEDIMENTOS DIAGNÓSTICOS E"
"TESTE DE TOLERÂNCIA A INSULINA OU HIPOGLICEMIANTES ORAIS","","","AMB","HCO","HSO","REF","","","","PROCEDIMENTOS LABORATORIAIS",""
"","","","","","","","","","MATERIAIS)","","TERAPÊUTICOS"
"","","","","","","","","","BIOQUÍMICA (SANGUE, URINA E OUTROS","","PROCEDIMENTOS DIAGNÓSTICOS E"
"TESTE ORAL DE TOLERÂNCIA À GLICOSE","","","AMB","HCO","HSO","REF","","","","PROCEDIMENTOS LABORATORIAIS",""
"","","","","","","","","","MATERIAIS)","","TERAPÊUTICOS"
"","","","","","","","","","BIOQUÍMICA (SANGUE, URINA E OUTROS","","PROCEDIMENTOS DIAGNÓSTICOS E"
"TIROSINA","","","AMB","HCO","HSO","REF","","","","PROCEDIMENTOS LABORATORIAIS",""
"","","","","","","","","","MATERIAIS)","","TERAPÊUTICOS"
"","","","","","","","","","BIOQUÍMICA (SANGUE, URINA E OUTROS","","PROCEDIMENTOS DIAGNÓSTICOS E"
"TRANSAMINASE OXALACÉTICA (ASPARTATO AMINOTRANSFERASE)","","","AMB","HCO","HSO","REF","","","","PROCEDIMENTOS LABORATORIAIS",""
"","","","","","","","","","MATERIAIS)","","TERAPÊUTICOS"
"","","","","","","","","","BIOQUÍMICA (SANGUE, URINA E OUTROS","","PROCEDIMENTOS DIAGNÓSTICOS E"
"TRANSAMINASE PIRÚVICA (ALANINA AMINOTRANSFERASE)","","","AMB","HCO","HSO","REF","","","","PROCEDIMENTOS LABORATORIAIS",""
"","","","","","","","","","MATERIAIS)","","TERAPÊUTICOS"
"","","","","","","","","","BIOQUÍMICA (SANGUE, URINA E OUTROS","","PROCEDIMENTOS DIAGNÓSTICOS E"
"TRANSFERRINA","","","AMB","HCO","HSO","REF","","","","PROCEDIMENTOS LABORATORIAIS",""
"","","","","","","","","","MATERIAIS)","","TERAPÊUTICOS"
"","","","","","","","","","BIOQUÍMICA (SANGUE, URINA E OUTROS","","PROCEDIMENTOS DIAGNÓSTICOS E"
"TRIGLICERÍDEOS","","","AMB","HCO","HSO","REF","","","","PROCEDIMENTOS LABORATORIAIS",""
"","","","","","","","","","MATERIAIS)","","TERAPÊUTICOS"
"","","","","","","","","","BIOQUÍMICA (SANGUE, URINA E OUTROS","","PROCEDIMENTOS DIAGNÓSTICOS E"
"TRIPSINA IMUNO REATIVA (IRT)","","","AMB","HCO","HSO","REF","","","","PROCEDIMENTOS LABORATORIAIS",""
"","","","","","","","","","MATERIAIS)","","TERAPÊUTICOS"
"","","","","","","","","","BIOQUÍMICA (SANGUE, URINA E OUTROS","","PROCEDIMENTOS DIAGNÓSTICOS E"
"TROPONINA","","","AMB","HCO","HSO","REF","","","","PROCEDIMENTOS LABORATORIAIS",""
"","","","","","","","","","MATERIAIS)","","TERAPÊUTICOS"
"","","","","","","","","","BIOQUÍMICA (SANGUE, URINA E OUTROS","","PROCEDIMENTOS DIAGNÓSTICOS E"
"URÉIA","","","AMB","HCO","HSO","REF","","","","PROCEDIMENTOS LABORATORIAIS",""
"","","","","","","","","","MATERIAIS)","","TERAPÊUTICOS"
"","","","","","","","","","BIOQUÍMICA (SANGUE, URINA E OUTROS","","PROCEDIMENTOS DIAGNÓSTICOS E"
"UROBILINOGÊNIO","","","AMB","HCO","HSO","REF","","","","PROCEDIMENTOS LABORATORIAIS",""
"","","","","","","","","","MATERIAIS)","","TERAPÊUTICOS"
"","","","","","","","","","BIOQUÍMICA (SANGUE, URINA E OUTROS","","PROCEDIMENTOS DIAGNÓSTICOS E"
"VITAMINA A","","","AMB","HCO","HSO","REF","","","","PROCEDIMENTOS LABORATORIAIS",""
"","","","","","","","","","MATERIAIS)","","TERAPÊUTICOS"
"","","","","","","","","","BIOQUÍMICA (SANGUE, URINA E OUTROS","","PROCEDIMENTOS DIAGNÓSTICOS E"
"VITAMINA B12","","","AMB","HCO","HSO","REF","","","","PROCEDIMENTOS LABORATORIAIS",""
"","","","","","","","","","MATERIAIS)","","TERAPÊUTICOS"
"","","","","","","","","","BIOQUÍMICA (SANGUE, URINA E OUTROS","","PROCEDIMENTOS DIAGNÓSTICOS E"
"VITAMINA D3 COLECALCIFEROL (25-OH-D3)","","","AMB","HCO","HSO","REF","","","","PROCEDIMENTOS LABORATORIAIS",""
"","","","","","","","","","MATERIAIS)","","TERAPÊUTICOS"
