"","RN","","","","","","","","","",""
"PROCEDIMENTO","VIGÊNCIA","OD","AMB","HCO","HSO","REF","PAC","DUT","SUBGRUPO","GRUPO","CAPÍTULO"
"","(alteração)","","","","","","","","","",""
"","","","","","","","","","HEMODINÂMICA - CARDIOLOGIA","",""
"AVALIAÇÃO FISIOLÓGICA DA GRAVIDADE DE OBSTRUÇÕES (CATETER OU GUIA)","","","","HCO","HSO","REF","PAC","","INTERVENCIONISTA (PROCEDIMENTOS","SISTEMA CÁRDIO-CIRCULATÓRIO","PROCEDIMENTOS CIRÚRGICOS E INVASIVOS"
"","","","","","","","","","DIAGNÓSTICOS/TERAPÊUTICOS)","",""
"","","","","","","","","","HEMODINÂMICA - CARDIOLOGIA","",""
"BIÓPSIA ENDOMIOCÁRDICA","","","","HCO","HSO","REF","PAC","","INTERVENCIONISTA (PROCEDIMENTOS","SISTEMA CÁRDIO-CIRCULATÓRIO","PROCEDIMENTOS CIRÚRGICOS E INVASIVOS"
"","","","","","","","","","DIAGNÓSTICOS/TERAPÊUTICOS)","",""
"","","","","","","","","","HEMODINÂMICA - CARDIOLOGIA","",""
"CATETERISMO CARDÍACO COM CINEANGIOCORONARIOGRAFIA, VENTRICULOGRAFIA E ESTUDO","","","","","","","","","","",""
"","","","","HCO","HSO","REF","PAC","","INTERVENCIONISTA (PROCEDIMENTOS","SISTEMA CÁRDIO-CIRCULATÓRIO","PROCEDIMENTOS CIRÚRGICOS E INVASIVOS"
"ANGIOGRÁFICO OU CINEANGIOGRÁFICO DA AORTA E/OU RAMOS TÓRACO-ABDOMINAIS E/OU MEMBROS","","","","","","","","","","",""
"","","","","","","","","","DIAGNÓSTICOS/TERAPÊUTICOS)","",""
"","","","","","","","","","HEMODINÂMICA - CARDIOLOGIA","",""
"CATETERISMO CARDÍACO D E/OU E COM OU SEM CINECORONARIOGRAFIA / CINEANGIOGRAFIA COM","","","","","","","","","","",""
"","","","","HCO","HSO","REF","PAC","","INTERVENCIONISTA (PROCEDIMENTOS","SISTEMA CÁRDIO-CIRCULATÓRIO","PROCEDIMENTOS CIRÚRGICOS E INVASIVOS"
"AVALIAÇÃO DE REATIVIDADE VASCULAR PULMONAR OU TESTE DE SOBRECARGA HEMODINÂNICA","","","","","","","","","","",""
"","","","","","","","","","DIAGNÓSTICOS/TERAPÊUTICOS)","",""
"","","","","","","","","","HEMODINÂMICA - CARDIOLOGIA","",""
"CATETERISMO CARDÍACO D E/OU E COM ESTUDO CINEANGIOGRÁFICO E DE REVASCULARIZAÇÃO CIRÚRGICA","","","","","","","","","","",""
"","","","","HCO","HSO","REF","PAC","","INTERVENCIONISTA (PROCEDIMENTOS","SISTEMA CÁRDIO-CIRCULATÓRIO","PROCEDIMENTOS CIRÚRGICOS E INVASIVOS"
"DO MIOCÁRDIO","","","","","","","","","","",""
"","","","","","","","","","DIAGNÓSTICOS/TERAPÊUTICOS)","",""
"","","","","","","","","","HEMODINÂMICA - CARDIOLOGIA","",""
"CATETERISMO CARDÍACO DIREITO COM ESTUDO ANGIOGRÁFICO DA ARTÉRIA PULMONAR","","","","HCO","HSO","REF","PAC","","INTERVENCIONISTA (PROCEDIMENTOS","SISTEMA CÁRDIO-CIRCULATÓRIO","PROCEDIMENTOS CIRÚRGICOS E INVASIVOS"
"","","","","","","","","","DIAGNÓSTICOS/TERAPÊUTICOS)","",""
"","","","","","","","","","HEMODINÂMICA - CARDIOLOGIA","",""
"CATETERIZAÇÃO CARDÍACA E POR VIA TRANSEPTAL","","","","HCO","HSO","REF","PAC","","INTERVENCIONISTA (PROCEDIMENTOS","SISTEMA CÁRDIO-CIRCULATÓRIO","PROCEDIMENTOS CIRÚRGICOS E INVASIVOS"
"","","","","","","","","","DIAGNÓSTICOS/TERAPÊUTICOS)","",""
"","","","","","","","","","HEMODINÂMICA - CARDIOLOGIA","",""
"EMBOLOTERAPIA","","","","HCO","HSO","REF","PAC","","INTERVENCIONISTA (PROCEDIMENTOS","SISTEMA CÁRDIO-CIRCULATÓRIO","PROCEDIMENTOS CIRÚRGICOS E INVASIVOS"
"","","","","","","","","","DIAGNÓSTICOS/TERAPÊUTICOS)","",""
"","","","","","","","","","HEMODINÂMICA - CARDIOLOGIA","",""
"ESTUDO ELETROFISIOLÓGICO CARDÍACO COM OU SEM AÇÃO FARMACOLÓGICA","","","AMB","HCO","HSO","REF","PAC","","INTERVENCIONISTA (PROCEDIMENTOS","SISTEMA CÁRDIO-CIRCULATÓRIO","PROCEDIMENTOS CIRÚRGICOS E INVASIVOS"
"","","","","","","","","","DIAGNÓSTICOS/TERAPÊUTICOS)","",""
"","","","","","","","","","HEMODINÂMICA - CARDIOLOGIA","",""
"FECHAMENTO DO APÊNDICE ATRIAL ESQUERDO (PERCUTÂNEO) - COM DIRETRIZ DE UTILIZAÇÃO","606/2024
01/07/2024","","","HCO","HSO","REF","PAC","166","INTERVENCIONISTA (PROCEDIMENTOS","SISTEMA CÁRDIO-CIRCULATÓRIO","PROCEDIMENTOS CIRÚRGICOS E INVASIVOS"
"","","","","","","","","","DIAGNÓSTICOS/TERAPÊUTICOS)","",""
"","","","","","","","","","HEMODINÂMICA - CARDIOLOGIA","",""
"MAPEAMENTO ELETROFISIOLÓGICO CARDÍACO CONVENCIONAL","","","AMB","HCO","HSO","REF","PAC","","INTERVENCIONISTA (PROCEDIMENTOS","SISTEMA CÁRDIO-CIRCULATÓRIO","PROCEDIMENTOS CIRÚRGICOS E INVASIVOS"
"","","","","","","","","","DIAGNÓSTICOS/TERAPÊUTICOS)","",""
"","","","","","","","","","HEMODINÂMICA - CARDIOLOGIA","",""
"MAPEAMENTO ELETROANATÔMICO CARDÍACO TRIDIMENSIONAL (COM DIRETRIZ DE UTILIZAÇÃO)","","","AMB","HCO","HSO","REF","PAC","53","INTERVENCIONISTA (PROCEDIMENTOS","SISTEMA CÁRDIO-CIRCULATÓRIO","PROCEDIMENTOS CIRÚRGICOS E INVASIVOS"
"","","","","","","","","","DIAGNÓSTICOS/TERAPÊUTICOS)","",""
"","","","","","","","","","HEMODINÂMICA - CARDIOLOGIA","",""
"ESTUDO HEMODINÂMICO DAS CARDIOPATIAS CONGÊNITAS EM CRIANÇAS","","","","HCO","HSO","REF","PAC","","INTERVENCIONISTA (PROCEDIMENTOS","SISTEMA CÁRDIO-CIRCULATÓRIO","PROCEDIMENTOS CIRÚRGICOS E INVASIVOS"
"","","","","","","","","","DIAGNÓSTICOS/TERAPÊUTICOS)","",""
"","","","","","","","","","HEMODINÂMICA - CARDIOLOGIA","",""
"ESTUDO ULTRASSONOGRÁFICO INTRAVASCULAR","","","","HCO","HSO","REF","PAC","","INTERVENCIONISTA (PROCEDIMENTOS","SISTEMA CÁRDIO-CIRCULATÓRIO","PROCEDIMENTOS CIRÚRGICOS E INVASIVOS"
"","","","","","","","","","DIAGNÓSTICOS/TERAPÊUTICOS)","",""
"","","","","","","","","","HEMODINÂMICA - CARDIOLOGIA","",""
"IMPLANTE DE MARCA-PASSO PROVISÓRIO OU COLOCAÇÃO DE CATETER INTRACAVITÁRIO PARA","","","","","","","","","","",""
"","","","","HCO","HSO","REF","PAC","","INTERVENCIONISTA (PROCEDIMENTOS","SISTEMA CÁRDIO-CIRCULATÓRIO","PROCEDIMENTOS CIRÚRGICOS E INVASIVOS"
"MONITORIZAÇÃO HEMODINÂMICA","","","","","","","","","","",""
"","","","","","","","","","DIAGNÓSTICOS/TERAPÊUTICOS)","",""
"","","","","","","","","","HEMODINÂMICA - CARDIOLOGIA","",""
"IMPLANTE DE PRÓTESE INTRAVASCULAR NA AORTA/PULMONAR OU RAMOS COM OU SEM ANGIOPLASTIA","","","","HCO","HSO","REF","PAC","","INTERVENCIONISTA (PROCEDIMENTOS","SISTEMA CÁRDIO-CIRCULATÓRIO","PROCEDIMENTOS CIRÚRGICOS E INVASIVOS"
"","","","","","","","","","DIAGNÓSTICOS/TERAPÊUTICOS)","",""
"","","","","","","","","","HEMODINÂMICA - CARDIOLOGIA","",""
"IMPLANTE DE STENT CORONÁRIO COM OU SEM ANGIOPLASTIA POR BALÃO CONCOMITANTE","","","","HCO","HSO","REF","PAC","","INTERVENCIONISTA (PROCEDIMENTOS","SISTEMA CÁRDIO-CIRCULATÓRIO","PROCEDIMENTOS CIRÚRGICOS E INVASIVOS"
"","","","","","","","","","DIAGNÓSTICOS/TERAPÊUTICOS)","",""
"","","","","","","","","","HEMODINÂMICA - CARDIOLOGIA","",""
"INFUSÃO SELETIVA INTRAVASCULAR DE ENZIMAS TROMBOLÍTICAS","","","","HCO","HSO","REF","PAC","","INTERVENCIONISTA (PROCEDIMENTOS","SISTEMA CÁRDIO-CIRCULATÓRIO","PROCEDIMENTOS CIRÚRGICOS E INVASIVOS"
"","","","","","","","","","DIAGNÓSTICOS/TERAPÊUTICOS)","",""
"","","","","","","","","","HEMODINÂMICA - CARDIOLOGIA","",""
"IMPLANTE TRANSCATETER DE PRÓTESE VALVAR AÓRTICA (TAVI) - COM DIRETRIZ DE UTILIZAÇÃO","","","","HCO","HSO","REF","PAC","143","INTERVENCIONISTA (PROCEDIMENTOS","SISTEMA CÁRDIO-CIRCULATÓRIO","PROCEDIMENTOS CIRÚRGICOS E INVASIVOS"
"","","","","","","","","","DIAGNÓSTICOS/TERAPÊUTICOS)","",""
