"","RN","","","","","","","","","",""
"PROCEDIMENTO","VIGÊNCIA","OD","AMB","HCO","HSO","REF","PAC","DUT","SUBGRUPO","GRUPO","CAPÍTULO"
"","(alteração)","","","","","","","","","",""
"PROCESSAMENTO DE CÉLULAS PROGENITORAS DA MEDULA ÓSSEA","","","","HCO","HSO","REF","PAC","MEDULA ÓSSEA","","TRANSPLANTES DE ÓRGÃOS OU TECIDOS","PROCEDIMENTOS CIRÚRGICOS E INVASIVOS"
"QUANTIFICAÇÃO DE CÉLULAS CD34 POSITIVAS","","","","HCO","HSO","REF","PAC","MEDULA ÓSSEA","","TRANSPLANTES DE ÓRGÃOS OU TECIDOS","PROCEDIMENTOS CIRÚRGICOS E INVASIVOS"
"TRANSPLANTE ALOGÊNICO DE MEDULA ÓSSEA (COM DIRETRIZ DE UTILIZAÇÃO)","","","","HCO","HSO","REF","PAC","70
MEDULA ÓSSEA","","TRANSPLANTES DE ÓRGÃOS OU TECIDOS","PROCEDIMENTOS CIRÚRGICOS E INVASIVOS"
"TRANSPLANTE AUTÓLOGO DE MEDULA ÓSSEA (COM DIRETRIZ DE UTILIZAÇÃO)","","","","HCO","HSO","REF","PAC","71
MEDULA ÓSSEA","","TRANSPLANTES DE ÓRGÃOS OU TECIDOS","PROCEDIMENTOS CIRÚRGICOS E INVASIVOS"
"","","","","","","","","","BLOQUEIOS ANESTÉSICOS DE NERVOS E","",""
"ANALGESIA POR CATETER PERIDURAL","","","AMB","HCO","HSO","REF","","","","OUTROS PROCEDIMENTOS INVASIVOS","PROCEDIMENTOS CIRÚRGICOS E INVASIVOS"
"","","","","","","","","","ESTÍMULOS NEUROVASCULARES","",""
"","","","","","","","","","BLOQUEIOS ANESTÉSICOS DE NERVOS E","",""
"ANESTESIA GERAL OU CONDUTIVA PARA REALIZAÇÃO DE BLOQUEIO NEUROLÍTICO","","","","HCO","HSO","REF","PAC","","","OUTROS PROCEDIMENTOS INVASIVOS","PROCEDIMENTOS CIRÚRGICOS E INVASIVOS"
"","","","","","","","","","ESTÍMULOS NEUROVASCULARES","",""
"","","","","","","","","","BLOQUEIOS ANESTÉSICOS DE NERVOS E","",""
"BLOQUEIO ANESTÉSICO DE NERVOS CRANIANOS","","","","HCO","HSO","REF","PAC","","","OUTROS PROCEDIMENTOS INVASIVOS","PROCEDIMENTOS CIRÚRGICOS E INVASIVOS"
"","","","","","","","","","ESTÍMULOS NEUROVASCULARES","",""
"","","","","","","","","","BLOQUEIOS ANESTÉSICOS DE NERVOS E","",""
"BLOQUEIO ANESTÉSICO DE PLEXO CELÍACO","","","","HCO","HSO","REF","PAC","","","OUTROS PROCEDIMENTOS INVASIVOS","PROCEDIMENTOS CIRÚRGICOS E INVASIVOS"
"","","","","","","","","","ESTÍMULOS NEUROVASCULARES","",""
"","","","","","","","","","BLOQUEIOS ANESTÉSICOS DE NERVOS E","",""
"BLOQUEIO ANESTÉSICO SIMPÁTICO","","","","HCO","HSO","REF","","","","OUTROS PROCEDIMENTOS INVASIVOS","PROCEDIMENTOS CIRÚRGICOS E INVASIVOS"
"","","","","","","","","","ESTÍMULOS NEUROVASCULARES","",""
"","","","","","","","","","BLOQUEIOS ANESTÉSICOS DE NERVOS E","",""
"BLOQUEIO DE ARTICULAÇÃO TÊMPORO-MANDIBULAR","","","","HCO","HSO","REF","","","","OUTROS PROCEDIMENTOS INVASIVOS","PROCEDIMENTOS CIRÚRGICOS E INVASIVOS"
"","","","","","","","","","ESTÍMULOS NEUROVASCULARES","",""
"","","","","","","","","","BLOQUEIOS ANESTÉSICOS DE NERVOS E","",""
"BLOQUEIO DE GÂNGLIO ESTRELADO COM ANESTÉSICO LOCAL","","","","HCO","HSO","REF","","","","OUTROS PROCEDIMENTOS INVASIVOS","PROCEDIMENTOS CIRÚRGICOS E INVASIVOS"
"","","","","","","","","","ESTÍMULOS NEUROVASCULARES","",""
"","","","","","","","","","BLOQUEIOS ANESTÉSICOS DE NERVOS E","",""
"BLOQUEIO DE GÂNGLIO ESTRELADO COM NEUROLÍTICO","","","","HCO","HSO","REF","","","","OUTROS PROCEDIMENTOS INVASIVOS","PROCEDIMENTOS CIRÚRGICOS E INVASIVOS"
"","","","","","","","","","ESTÍMULOS NEUROVASCULARES","",""
"","","","","","","","","","BLOQUEIOS ANESTÉSICOS DE NERVOS E","",""
"BLOQUEIO DE NERVO PERIFÉRICO","","","AMB","HCO","HSO","REF","","","","OUTROS PROCEDIMENTOS INVASIVOS","PROCEDIMENTOS CIRÚRGICOS E INVASIVOS"
"","","","","","","","","","ESTÍMULOS NEUROVASCULARES","",""
"BLOQUEIO ANESTÉSICO DE PLEXOS NERVOSOS (LOMBOSSACRO, BRAQUIAL, CERVICAL) PARA TRATAMENTO","","","","","","","","","BLOQUEIOS ANESTÉSICOS DE NERVOS E","",""
"","","","AMB","HCO","HSO","REF","","","","OUTROS PROCEDIMENTOS INVASIVOS","PROCEDIMENTOS CIRÚRGICOS E INVASIVOS"
"DE DOR","","","","","","","","","ESTÍMULOS NEUROVASCULARES","",""
"","","","","","","","","","BLOQUEIOS ANESTÉSICOS DE NERVOS E","",""
"BLOQUEIO FACETÁRIO PARA-ESPINHOSO","","","AMB","HCO","HSO","REF","","","","OUTROS PROCEDIMENTOS INVASIVOS","PROCEDIMENTOS CIRÚRGICOS E INVASIVOS"
"","","","","","","","","","ESTÍMULOS NEUROVASCULARES","",""
"","","","","","","","","","BLOQUEIOS ANESTÉSICOS DE NERVOS E","",""
"BLOQUEIO NEUROLÍTICO DE NERVOS CRANIANOS OU CÉRVICO-TORÁCICO","","","","HCO","HSO","REF","PAC","","","OUTROS PROCEDIMENTOS INVASIVOS","PROCEDIMENTOS CIRÚRGICOS E INVASIVOS"
"","","","","","","","","","ESTÍMULOS NEUROVASCULARES","",""
"","","","","","","","","","BLOQUEIOS ANESTÉSICOS DE NERVOS E","",""
"BLOQUEIO NEUROLÍTICO DO PLEXO CELÍACO, SIMPÁTICO LOMBAR OU TORÁCICO","","","","HCO","HSO","REF","PAC","","","OUTROS PROCEDIMENTOS INVASIVOS","PROCEDIMENTOS CIRÚRGICOS E INVASIVOS"
"","","","","","","","","","ESTÍMULOS NEUROVASCULARES","",""
"","","","","","","","","","BLOQUEIOS ANESTÉSICOS DE NERVOS E","",""
"BLOQUEIO NEUROLÍTICO PERIDURAL OU SUBARACNÓIDEO","","","","HCO","HSO","REF","PAC","","","OUTROS PROCEDIMENTOS INVASIVOS","PROCEDIMENTOS CIRÚRGICOS E INVASIVOS"
"","","","","","","","","","ESTÍMULOS NEUROVASCULARES","",""
"","","","","","","","","","BLOQUEIOS ANESTÉSICOS DE NERVOS E","",""
"BLOQUEIO PERIDURAL OU SUBARACNÓIDEO COM CORTICÓIDE","","","","HCO","HSO","REF","PAC","","","OUTROS PROCEDIMENTOS INVASIVOS","PROCEDIMENTOS CIRÚRGICOS E INVASIVOS"
"","","","","","","","","","ESTÍMULOS NEUROVASCULARES","",""
