"","RN","","","","","","","","","",""
"PROCEDIMENTO","VIGÊNCIA","OD","AMB","HCO","HSO","REF","PAC","DUT","SUBGRUPO","GRUPO","CAPÍTULO"
"","(alteração)","","","","","","","","","",""
"BIÓPSIA DE LÍNGUA (COM DIRETRIZ DE UTILIZAÇÃO)","","OD","AMB","HCO","HSO","REF","","84","LÍNGUA","CABEÇA E PESCOÇO","PROCEDIMENTOS CIRÚRGICOS E INVASIVOS"
"FRENOTOMIA/FRENULOTOMIA LINGUAL","","OD","AMB","HCO","HSO","REF","","","LÍNGUA","CABEÇA E PESCOÇO","PROCEDIMENTOS CIRÚRGICOS E INVASIVOS"
"FRENULECTOMIA LINGUAL","","OD","AMB","HCO","HSO","REF","","","LÍNGUA","CABEÇA E PESCOÇO","PROCEDIMENTOS CIRÚRGICOS E INVASIVOS"
"GLOSSECTOMIA COM MANDIBULECTOMIA E ESVAZIAMENTO CERVICAL E RECONSTRUÇÃO À CUSTA DE","","","","","","","","","","",""
"","","","","HCO","HSO","REF","","","LÍNGUA","CABEÇA E PESCOÇO","PROCEDIMENTOS CIRÚRGICOS E INVASIVOS"
"RETALHOS OSTEOMIOCUTÂNEOS","","","","","","","","","","",""
"GLOSSECTOMIA COM PELVECTOMIA E ESVAZIAMENTO CERVICAL COM OU SEM RECONSTRUCAO À CUSTA DE","","","","","","","","","","",""
"","","","","HCO","HSO","REF","","","LÍNGUA","CABEÇA E PESCOÇO","PROCEDIMENTOS CIRÚRGICOS E INVASIVOS"
"RETALHOS DE PELE","","","","","","","","","","",""
"TUMOR DE LÍNGUA - TRATAMENTO CIRÚRGICO","","","","HCO","HSO","REF","","","LÍNGUA","CABEÇA E PESCOÇO","PROCEDIMENTOS CIRÚRGICOS E INVASIVOS"
"BIÓPSIA DE GLÂNDULA SALIVAR (COM DIRETRIZ DE UTILIZAÇÃO)","","OD","AMB","HCO","HSO","REF","","82","GLÂNDULAS SALIVARES","CABEÇA E PESCOÇO","PROCEDIMENTOS CIRÚRGICOS E INVASIVOS"
"EXCISÃO COM OU SEM RECONSTRUÇÃO À CUSTA DE RETALHOS DE GLÂNDULAS SALIVARES","","","","HCO","HSO","REF","","","GLÂNDULAS SALIVARES","CABEÇA E PESCOÇO","PROCEDIMENTOS CIRÚRGICOS E INVASIVOS"
"EXENTERAÇÃO + PAROTIDECTOMIA E ESVAZIAMENTO CERVICAL","","","","HCO","HSO","REF","","","GLÂNDULAS SALIVARES","CABEÇA E PESCOÇO","PROCEDIMENTOS CIRÚRGICOS E INVASIVOS"
"EXÉRESE OU EXCISÃO DE CÁLCULO SALIVAR","","OD","AMB","HCO","HSO","REF","","","GLÂNDULAS SALIVARES","CABEÇA E PESCOÇO","PROCEDIMENTOS CIRÚRGICOS E INVASIVOS"
"EXÉRESE OU EXCISÃO DE MUCOCELE","","OD","AMB","HCO","HSO","REF","","","GLÂNDULAS SALIVARES","CABEÇA E PESCOÇO","PROCEDIMENTOS CIRÚRGICOS E INVASIVOS"
"EXÉRESE OU EXCISÃO DE RÂNULA","","OD","AMB","HCO","HSO","REF","","","GLÂNDULAS SALIVARES","CABEÇA E PESCOÇO","PROCEDIMENTOS CIRÚRGICOS E INVASIVOS"
"EXÉRESE DE RÂNULA OU MUCOCELE","","OD","AMB","HCO","HSO","REF","","","GLÂNDULAS SALIVARES","CABEÇA E PESCOÇO","PROCEDIMENTOS CIRÚRGICOS E INVASIVOS"
"PLASTIA DE DUCTO SALIVAR OU EXÉRESE DE CÁLCULO OU DE RÂNULA SALIVAR","","OD","AMB","HCO","HSO","REF","","","GLÂNDULAS SALIVARES","CABEÇA E PESCOÇO","PROCEDIMENTOS CIRÚRGICOS E INVASIVOS"
"EXÉRESE DE TUMOR E ENXERTO LIVRE","","","","HCO","HSO","REF","","","GLÂNDULAS SALIVARES","CABEÇA E PESCOÇO","PROCEDIMENTOS CIRÚRGICOS E INVASIVOS"
"EXÉRESE INCLUINDO PELE, CARTILAGEM COM RECONSTRUÇÃO À CUSTA DE RETALHOS","","","AMB","HCO","HSO","REF","","","GLÂNDULAS SALIVARES","CABEÇA E PESCOÇO","PROCEDIMENTOS CIRÚRGICOS E INVASIVOS"
"PAROTIDECTOMIA PARCIAL OU TOTAL COM OU SEM RECONSTRUÇÃO OU CONSERVAÇÃO DO NERVO FACIAL","","","","HCO","HSO","REF","","","GLÂNDULAS SALIVARES","CABEÇA E PESCOÇO","PROCEDIMENTOS CIRÚRGICOS E INVASIVOS"
"PAROTIDECTOMIA TOTAL COM RESSECÇÃO DO RAMO ASCENDENTE DA MANDÍBULA","","","","HCO","HSO","REF","","","GLÂNDULAS SALIVARES","CABEÇA E PESCOÇO","PROCEDIMENTOS CIRÚRGICOS E INVASIVOS"
"PLASTIA DE DUCTO SALIVAR","","","AMB","HCO","HSO","REF","","","GLÂNDULAS SALIVARES","CABEÇA E PESCOÇO","PROCEDIMENTOS CIRÚRGICOS E INVASIVOS"
