"","RN","","","","","","","","","",""
"PROCEDIMENTO","VIGÊNCIA","OD","AMB","HCO","HSO","REF","PAC","DUT","SUBGRUPO","GRUPO","CAPÍTULO"
"","(alteração)","","","","","","","","","",""
"","","","","","","","","","","","PROCEDIMENTOS DIAGNÓSTICOS E"
"CINTILOGRAFIA PARA DETECÇÃO DE HEMORRAGIA DIGESTÓRIA","","","AMB","HCO","HSO","REF","PAC","","DIGESTIVO - IN VIVO","MEDICINA NUCLEAR",""
"","","","","","","","","","","","TERAPÊUTICOS"
"","","","","","","","","","","","PROCEDIMENTOS DIAGNÓSTICOS E"
"CINTILOGRAFIA PARA DETERMINAÇÃO DO TEMPO DE ESVAZIAMENTO GÁSTRICO","","","AMB","HCO","HSO","REF","PAC","","DIGESTIVO - IN VIVO","MEDICINA NUCLEAR",""
"","","","","","","","","","","","TERAPÊUTICOS"
"","","","","","","","","","","","PROCEDIMENTOS DIAGNÓSTICOS E"
"CINTILOGRAFIA PARA ESTUDO DE TRÂNSITO ESOFÁGICO (LÍQUIDOS E SEMI-SÓLIDOS)","","","AMB","HCO","HSO","REF","PAC","","DIGESTIVO - IN VIVO","MEDICINA NUCLEAR",""
"","","","","","","","","","","","TERAPÊUTICOS"
"","","","","","","","","","","","PROCEDIMENTOS DIAGNÓSTICOS E"
"CINTILOGRAFIA PARA PESQUISA DE DIVERTÍCULO DE MECKEL","","","AMB","HCO","HSO","REF","PAC","","DIGESTIVO - IN VIVO","MEDICINA NUCLEAR",""
"","","","","","","","","","","","TERAPÊUTICOS"
"","","","","","","","","","","","PROCEDIMENTOS DIAGNÓSTICOS E"
"CINTILOGRAFIA PARA PESQUISA DE REFLUXO GASTRO-ESOFÁGICO","","","AMB","HCO","HSO","REF","PAC","","DIGESTIVO - IN VIVO","MEDICINA NUCLEAR",""
"","","","","","","","","","","","TERAPÊUTICOS"
"","","","","","","","","","","","PROCEDIMENTOS DIAGNÓSTICOS E"
"FLUXO SANGUÍNEO HEPÁTICO (QUALITATIVO E QUANTITATIVO)","","","AMB","HCO","HSO","REF","PAC","","DIGESTIVO - IN VIVO","MEDICINA NUCLEAR",""
"","","","","","","","","","","","TERAPÊUTICOS"
"","","","","","","","","","","","PROCEDIMENTOS DIAGNÓSTICOS E"
"CINTILOGRAFIA DA TIREÓIDE E/OU CAPTAÇÃO (IODO - 131 OU 123)","","","AMB","HCO","HSO","REF","PAC","","ENDÓCRINO - IN VIVO","MEDICINA NUCLEAR",""
"","","","","","","","","","","","TERAPÊUTICOS"
"","","","","","","","","","","","PROCEDIMENTOS DIAGNÓSTICOS E"
"CINTILOGRAFIA DA TIREÓIDE E/OU CAPTAÇÃO (TECNÉCIO - 99M TC)","","","AMB","HCO","HSO","REF","PAC","","ENDÓCRINO - IN VIVO","MEDICINA NUCLEAR",""
"","","","","","","","","","","","TERAPÊUTICOS"
"","","","","","","","","","","","PROCEDIMENTOS DIAGNÓSTICOS E"
"CINTILOGRAFIA DAS PARATIREÓIDES","","","AMB","HCO","HSO","REF","PAC","","ENDÓCRINO - IN VIVO","MEDICINA NUCLEAR",""
"","","","","","","","","","","","TERAPÊUTICOS"
"","","","","","","","","","","","PROCEDIMENTOS DIAGNÓSTICOS E"
"CINTILOGRAFIA DE CORPO INTEIRO PARA PESQUISA DE METÁSTASES (PCI)","","","AMB","HCO","HSO","REF","PAC","","ENDÓCRINO - IN VIVO","MEDICINA NUCLEAR",""
"","","","","","","","","","","","TERAPÊUTICOS"
"","","","","","","","","","","","PROCEDIMENTOS DIAGNÓSTICOS E"
"TESTE DE ESTÍMULO COM TSH RECOMBINANTE","","","AMB","HCO","HSO","REF","PAC","","ENDÓCRINO - IN VIVO","MEDICINA NUCLEAR",""
"","","","","","","","","","","","TERAPÊUTICOS"
"","","","","","","","","","","","PROCEDIMENTOS DIAGNÓSTICOS E"
"TESTE DE SUPRESSÃO DA TIREÓIDE COM T3","","","AMB","HCO","HSO","REF","PAC","","ENDÓCRINO - IN VIVO","MEDICINA NUCLEAR",""
"","","","","","","","","","","","TERAPÊUTICOS"
"","","","","","","","","","","","PROCEDIMENTOS DIAGNÓSTICOS E"
"TESTE DO PERCLORATO","","","AMB","HCO","HSO","REF","PAC","","ENDÓCRINO - IN VIVO","MEDICINA NUCLEAR",""
"","","","","","","","","","","","TERAPÊUTICOS"
"","","","","","","","","","","","PROCEDIMENTOS DIAGNÓSTICOS E"
"CINTILOGRAFIA RENAL DINÂMICA","","","AMB","HCO","HSO","REF","PAC","","GENITURINÁRIO - IN VIVO","MEDICINA NUCLEAR",""
"","","","","","","","","","","","TERAPÊUTICOS"
"","","","","","","","","","","","PROCEDIMENTOS DIAGNÓSTICOS E"
"CINTILOGRAFIA RENAL DINÂMICA COM DIURÉTICO OU INIBIDOR DA ECA","","","AMB","HCO","HSO","REF","PAC","","GENITURINÁRIO - IN VIVO","MEDICINA NUCLEAR",""
"","","","","","","","","","","","TERAPÊUTICOS"
"","","","","","","","","","","","PROCEDIMENTOS DIAGNÓSTICOS E"
"CINTILOGRAFIA RENAL ESTÁTICA (QUANTITATIVA OU QUALITATIVA)","","","AMB","HCO","HSO","REF","PAC","","GENITURINÁRIO - IN VIVO","MEDICINA NUCLEAR",""
"","","","","","","","","","","","TERAPÊUTICOS"
"","","","","","","","","","","","PROCEDIMENTOS DIAGNÓSTICOS E"
"CINTILOGRAFIA TESTICULAR (ESCROTAL)","","","AMB","HCO","HSO","REF","PAC","","GENITURINÁRIO - IN VIVO","MEDICINA NUCLEAR",""
"","","","","","","","","","","","TERAPÊUTICOS"
"","","","","","","","","","","","PROCEDIMENTOS DIAGNÓSTICOS E"
"CISTOCINTILOGRAFIA DIRETA","","","AMB","HCO","HSO","REF","PAC","","GENITURINÁRIO - IN VIVO","MEDICINA NUCLEAR",""
"","","","","","","","","","","","TERAPÊUTICOS"
"","","","","","","","","","","","PROCEDIMENTOS DIAGNÓSTICOS E"
"CISTOCINTILOGRAFIA INDIRETA","","","AMB","HCO","HSO","REF","PAC","","GENITURINÁRIO - IN VIVO","MEDICINA NUCLEAR",""
"","","","","","","","","","","","TERAPÊUTICOS"
