"","RN","","","","","","","","","",""
"PROCEDIMENTO","VIGÊNCIA","OD","AMB","HCO","HSO","REF","PAC","DUT","SUBGRUPO","GRUPO","CAPÍTULO"
"","(alteração)","","","","","","","","","",""
"","","","","","","","","","","","PROCEDIMENTOS DIAGNÓSTICOS E"
"ANGIO-RM ARTERIAL DE MEMBRO INFERIOR (COM DIRETRIZ DE UTILIZAÇÃO)","","","AMB","HCO","HSO","REF","PAC","115","RESSONÂNCIA MAGNÉTICA","MÉTODOS DIAGNÓSTICOS POR IMAGEM",""
"","","","","","","","","","","","TERAPÊUTICOS"
"","","","","","","","","","","","PROCEDIMENTOS DIAGNÓSTICOS E"
"ARTRO-RM (INCLUI A PUNÇÃO ARTICULAR)","","","AMB","HCO","HSO","REF","PAC","","RESSONÂNCIA MAGNÉTICA","MÉTODOS DIAGNÓSTICOS POR IMAGEM",""
"","","","","","","","","","","","TERAPÊUTICOS"
"","","","","","","","","","","","PROCEDIMENTOS DIAGNÓSTICOS E"
"ESPECTROSCOPIA POR RESSONÂNCIA MAGNÉTICA","","","AMB","HCO","HSO","REF","PAC","","RESSONÂNCIA MAGNÉTICA","MÉTODOS DIAGNÓSTICOS POR IMAGEM",""
"","","","","","","","","","","","TERAPÊUTICOS"
"","","","","","","","","","","","PROCEDIMENTOS DIAGNÓSTICOS E"
"HIDRO-RM (COLÂNGIO-RM, URO-RM, MIELO-RM, CIALO-RM OU CISTOGRAFIA POR RM)","","","AMB","HCO","HSO","REF","PAC","","RESSONÂNCIA MAGNÉTICA","MÉTODOS DIAGNÓSTICOS POR IMAGEM",""
"","","","","","","","","","","","TERAPÊUTICOS"
"","","","","","","","","","","","PROCEDIMENTOS DIAGNÓSTICOS E"
"RESSONÂNCIA MAGNÉTICA ARTICULAR","","","AMB","HCO","HSO","REF","PAC","","RESSONÂNCIA MAGNÉTICA","MÉTODOS DIAGNÓSTICOS POR IMAGEM",""
"","","","","","","","","","","","TERAPÊUTICOS"
"RESSONÂNCIA MAGNÉTICA DE ABDOME SUPERIOR (FÍGADO, PÂNCREAS, BAÇO, RINS, SUPRA-RENAIS,","","","","","","","","","","","PROCEDIMENTOS DIAGNÓSTICOS E"
"","","","AMB","HCO","HSO","REF","PAC","","RESSONÂNCIA MAGNÉTICA","MÉTODOS DIAGNÓSTICOS POR IMAGEM",""
"RETROPERITÔNIO)","","","","","","","","","","","TERAPÊUTICOS"
"","","","","","","","","","","","PROCEDIMENTOS DIAGNÓSTICOS E"
"RESSONÂNCIA MAGNÉTICA DE ARTICULAÇÃO TEMPOROMANDIBULAR","","","AMB","HCO","HSO","REF","PAC","","RESSONÂNCIA MAGNÉTICA","MÉTODOS DIAGNÓSTICOS POR IMAGEM",""
"","","","","","","","","","","","TERAPÊUTICOS"
"","","","","","","","","","","","PROCEDIMENTOS DIAGNÓSTICOS E"
"RESSONÂNCIA MAGNÉTICA DE BACIA (ARTICULAÇÕES SACROILÍACAS)","","","AMB","HCO","HSO","REF","PAC","","RESSONÂNCIA MAGNÉTICA","MÉTODOS DIAGNÓSTICOS POR IMAGEM",""
"","","","","","","","","","","","TERAPÊUTICOS"
"","","","","","","","","","","","PROCEDIMENTOS DIAGNÓSTICOS E"
"RESSONÂNCIA MAGNÉTICA DE BASE DO CRÂNIO","","","AMB","HCO","HSO","REF","PAC","","RESSONÂNCIA MAGNÉTICA","MÉTODOS DIAGNÓSTICOS POR IMAGEM",""
"","","","","","","","","","","","TERAPÊUTICOS"
"","","","","","","","","","","","PROCEDIMENTOS DIAGNÓSTICOS E"
"RESSONÂNCIA MAGNÉTICA DE BOLSA ESCROTAL","","","AMB","HCO","HSO","REF","PAC","","RESSONÂNCIA MAGNÉTICA","MÉTODOS DIAGNÓSTICOS POR IMAGEM",""
"","","","","","","","","","","","TERAPÊUTICOS"
"","","","","","","","","","","","PROCEDIMENTOS DIAGNÓSTICOS E"
"RESSONÂNCIA MAGNÉTICA DE COLUNA CERVICAL, DORSAL OU LOMBAR","","","AMB","HCO","HSO","REF","PAC","","RESSONÂNCIA MAGNÉTICA","MÉTODOS DIAGNÓSTICOS POR IMAGEM",""
"","","","","","","","","","","","TERAPÊUTICOS"
"RESSONÂNCIA MAGNÉTICA DE CORAÇÃO - MORFOLÓGICO E FUNCIONAL (COM OU SEM PERFUSÃO,","","","","","","","","","","","PROCEDIMENTOS DIAGNÓSTICOS E"
"","","","AMB","HCO","HSO","REF","PAC","","RESSONÂNCIA MAGNÉTICA","MÉTODOS DIAGNÓSTICOS POR IMAGEM",""
"VIABILIDADE MIOCÁRDICA E ESTRESSE)","","","","","","","","","","","TERAPÊUTICOS"
"","","","","","","","","","","","PROCEDIMENTOS DIAGNÓSTICOS E"
"RESSONÂNCIA MAGNÉTICA DE COXA","","","AMB","HCO","HSO","REF","PAC","","RESSONÂNCIA MAGNÉTICA","MÉTODOS DIAGNÓSTICOS POR IMAGEM",""
"","","","","","","","","","","","TERAPÊUTICOS"
"","","","","","","","","","","","PROCEDIMENTOS DIAGNÓSTICOS E"
"RESSONÂNCIA MAGNÉTICA DE CRÂNIO (ENCÉFALO)","","","AMB","HCO","HSO","REF","PAC","","RESSONÂNCIA MAGNÉTICA","MÉTODOS DIAGNÓSTICOS POR IMAGEM",""
"","","","","","","","","","","","TERAPÊUTICOS"
"","","","","","","","","","","","PROCEDIMENTOS DIAGNÓSTICOS E"
"RESSONÂNCIA MAGNÉTICA DE FACE OU SEIOS DA FACE","","","AMB","HCO","HSO","REF","PAC","","RESSONÂNCIA MAGNÉTICA","MÉTODOS DIAGNÓSTICOS POR IMAGEM",""
"","","","","","","","","","","","TERAPÊUTICOS"
"","","","","","","","","","","","PROCEDIMENTOS DIAGNÓSTICOS E"
"RM - FLUXO LIQUÓRICO - COMPLEMENTAR Á RESSONÂNCIA MAGNÉTICA (COM DIRETRIZ DE UTILIZAÇÃO)","","","AMB","HCO","HSO","REF","PAC","123","RESSONÂNCIA MAGNÉTICA","MÉTODOS DIAGNÓSTICOS POR IMAGEM",""
"","","","","","","","","","","","TERAPÊUTICOS"
"","","","","","","","","","","","PROCEDIMENTOS DIAGNÓSTICOS E"
"RESSONÂNCIA MAGNÉTICA DE MAMA","","","AMB","HCO","HSO","REF","PAC","","RESSONÂNCIA MAGNÉTICA","MÉTODOS DIAGNÓSTICOS POR IMAGEM",""
"","","","","","","","","","","","TERAPÊUTICOS"
"","","","","","","","","","","","PROCEDIMENTOS DIAGNÓSTICOS E"
"RESSONÂNCIA MAGNÉTICA DE MÃO","","","AMB","HCO","HSO","REF","PAC","","RESSONÂNCIA MAGNÉTICA","MÉTODOS DIAGNÓSTICOS POR IMAGEM",""
"","","","","","","","","","","","TERAPÊUTICOS"
"","","","","","","","","","","","PROCEDIMENTOS DIAGNÓSTICOS E"
"RESSONÂNCIA MAGNÉTICA DE MEMBRO SUPERIOR","","","AMB","HCO","HSO","REF","PAC","","RESSONÂNCIA MAGNÉTICA","MÉTODOS DIAGNÓSTICOS POR IMAGEM",""
"","","","","","","","","","","","TERAPÊUTICOS"
