"","RN","","","","","","","","","","",""
"PROCEDIMENTO","VIGÊNCIA","OD","AMB","HCO","HSO","REF","PAC","DUT","","SUBGRUPO","GRUPO","CAPÍTULO"
"","(alteração)","","","","","","","","","","",""
"","","","","","","","","","","","","PROCEDIMENTOS DIAGNÓSTICOS E"
"MYCOBACTERIUM LEPRAE (BACILO DE HANSEN), IGM, ANTICORPOS (TESTE RÁPIDO)","480/2022
02/07/2022","","AMB","HCO","HSO","REF","","","IMUNOLOGIA","","PROCEDIMENTOS LABORATORIAIS",""
"","","","","","","","","","","","","TERAPÊUTICOS"
"","","","","","","","","","","","","PROCEDIMENTOS DIAGNÓSTICOS E"
"MICOPLASMA PNEUMONIAE - IGG E IGM","","","AMB","HCO","HSO","REF","","","IMUNOLOGIA","","PROCEDIMENTOS LABORATORIAIS",""
"","","","","","","","","","","","","TERAPÊUTICOS"
"","","","","","","","","","","","","PROCEDIMENTOS DIAGNÓSTICOS E"
"MONONUCLEOSE, ANTICORPOS HETERÓFILOS","","","AMB","HCO","HSO","REF","","","IMUNOLOGIA","","PROCEDIMENTOS LABORATORIAIS",""
"","","","","","","","","","","","","TERAPÊUTICOS"
"","","","","","","","","","","","","PROCEDIMENTOS DIAGNÓSTICOS E"
"NITROBLUE TETRAZOLIUM (NBT), TESTE DO, ESTIMULADO E ESPONTÂNEO","","","AMB","HCO","HSO","REF","","","IMUNOLOGIA","","PROCEDIMENTOS LABORATORIAIS",""
"","","","","","","","","","","","","TERAPÊUTICOS"
"","","","","","","","","","","","","PROCEDIMENTOS DIAGNÓSTICOS E"
"PARACOCCIDIOIDOMICOSE, ANTICORPOS TOTAIS / IGG","","","AMB","HCO","HSO","REF","","","IMUNOLOGIA","","PROCEDIMENTOS LABORATORIAIS",""
"","","","","","","","","","","","","TERAPÊUTICOS"
"","","","","","","","","","","","","PROCEDIMENTOS DIAGNÓSTICOS E"
"PARVOVÍRUS B19, IGG /IGM","","","AMB","HCO","HSO","REF","","","IMUNOLOGIA","","PROCEDIMENTOS LABORATORIAIS",""
"","","","","","","","","","","","","TERAPÊUTICOS"
"","","","","","","","","","","","","PROCEDIMENTOS DIAGNÓSTICOS E"
"PEPTÍDIO INTESTINAL VASOATIVO, DOSAGEM","","","AMB","HCO","HSO","REF","","","IMUNOLOGIA","","PROCEDIMENTOS LABORATORIAIS",""
"","","","","","","","","","","","","TERAPÊUTICOS"
"","","","","","","","","","","","","PROCEDIMENTOS DIAGNÓSTICOS E"
"PESQUISA RÁPIDA PARA INFLUENZA A E B (COM DIRETRIZ DE UTILIZAÇÃO)","","","AMB","HCO","HSO","REF","","128","IMUNOLOGIA","","PROCEDIMENTOS LABORATORIAIS",""
"","","","","","","","","","","","","TERAPÊUTICOS"
"","","","","","","","","","","","","PROCEDIMENTOS DIAGNÓSTICOS E"
"PESQUISA RÁPIDA PARA VÍRUS SINCICIAL RESPIRATÓRIO (COM DIRETRIZ DE UTILIZAÇÃO)","","","AMB","HCO","HSO","REF","","130","IMUNOLOGIA","","PROCEDIMENTOS LABORATORIAIS",""
"","","","","","","","","","","","","TERAPÊUTICOS"
"","","","","","","","","","","","","PROCEDIMENTOS DIAGNÓSTICOS E"
"PROTEINASE 3, ANTICORPO","","","AMB","HCO","HSO","REF","","","IMUNOLOGIA","","PROCEDIMENTOS LABORATORIAIS",""
"","","","","","","","","","","","","TERAPÊUTICOS"
"","","","","","","","","","","","","PROCEDIMENTOS DIAGNÓSTICOS E"
"C4D FRAGMENTO","","","AMB","HCO","HSO","REF","","","IMUNOLOGIA","","PROCEDIMENTOS LABORATORIAIS",""
"","","","","","","","","","","","","TERAPÊUTICOS"
"","","","","","","","","","","","","PROCEDIMENTOS DIAGNÓSTICOS E"
"PESQUISA DE HELICOBACTER PYLORI","","","AMB","HCO","HSO","REF","","","IMUNOLOGIA","","PROCEDIMENTOS LABORATORIAIS",""
"","","","","","","","","","","","","TERAPÊUTICOS"
"","","","","","","","","","","","","PROCEDIMENTOS DIAGNÓSTICOS E"
"PPD (TUBERCULINA), IDeR","","","AMB","HCO","HSO","REF","","","IMUNOLOGIA","","PROCEDIMENTOS LABORATORIAIS",""
"","","","","","","","","","","","","TERAPÊUTICOS"
"","","","","","","","","","","","","PROCEDIMENTOS DIAGNÓSTICOS E"
"PROTEÍNA C REATIVA","","","AMB","HCO","HSO","REF","","","IMUNOLOGIA","","PROCEDIMENTOS LABORATORIAIS",""
"","","","","","","","","","","","","TERAPÊUTICOS"
"PROVA CRUZADA (CROSS-MATCH) ENTRE DOADOR E RECEPTOR (REALIZADA COM LINFÓCITOS TOTAIS,","","","","","","","","","","","","PROCEDIMENTOS DIAGNÓSTICOS E"
"","","","AMB","HCO","HSO","REF","","","IMUNOLOGIA","","PROCEDIMENTOS LABORATORIAIS",""
"LINFÓCITOS T + ANTIGLOBULINA HUMANA E COM LINFÓCITOS B) - PARA DOAÇÃO DE ÓRGÃOS E TECIDOS","","","","","","","","","","","","TERAPÊUTICOS"
"","","","","","","","","","","","","PROCEDIMENTOS DIAGNÓSTICOS E"
"RUBÉOLA - IGG / IGM","","","AMB","HCO","HSO","REF","","","IMUNOLOGIA","","PROCEDIMENTOS LABORATORIAIS",""
"","","","","","","","","","","","","TERAPÊUTICOS"
"","","","","","","","","","","","","PROCEDIMENTOS DIAGNÓSTICOS E"
"SARAMPO - ANTICORPOS IGG / IGM","","","AMB","HCO","HSO","REF","","","IMUNOLOGIA","","PROCEDIMENTOS LABORATORIAIS",""
"","","","","","","","","","","","","TERAPÊUTICOS"
"SARS-COV-2 (CORONAVÍRUS COVID-19) - PESQUISA DE ANTICORPOS IGG OU ANTICORPOS TOTAIS (COM","","","","","","","","","","","","PROCEDIMENTOS DIAGNÓSTICOS E"
"","","","AMB","HCO","HSO","REF","","132","IMUNOLOGIA","","PROCEDIMENTOS LABORATORIAIS",""
"DIRETRIZ DE UTILIZAÇÃO)","","","","","","","","","","","","TERAPÊUTICOS"
"TESTE SARS-COV-2 (CORONAVÍRUS COVID-19), TESTE RÁPIDO PARA DETECÇÃO DE ANTÍGENO (COM","","","","","","","","","","","","PROCEDIMENTOS DIAGNÓSTICOS E"
"","478/2022
20/01/2022","","AMB","HCO","HSO","REF","","150","IMUNOLOGIA","","PROCEDIMENTOS LABORATORIAIS",""
"DIRETRIZ DE UTILIZAÇÃO)","","","","","","","","","","","","TERAPÊUTICOS"
