"","RN","","","","","","","","","","",""
"PROCEDIMENTO","VIGÊNCIA","OD","AMB","HCO","HSO","REF","PAC","DUT","","SUBGRUPO","GRUPO","CAPÍTULO"
"","(alteração)","","","","","","","","","","",""
"","","","","","","","","","","","","PROCEDIMENTOS DIAGNÓSTICOS E"
"HEPATITE A - ANTI-HAV, IGG / IGM","","","AMB","HCO","HSO","REF","","","IMUNOLOGIA","","PROCEDIMENTOS LABORATORIAIS",""
"","","","","","","","","","","","","TERAPÊUTICOS"
"","","","","","","","","","","","","PROCEDIMENTOS DIAGNÓSTICOS E"
"HEPATITE B - ANTI-HBC, IGG (ANTI-ANTÍGENO ""CORE"" IGG) E/OU IGM (ANTI-ANTÍGENO ""CORE"" IGM)","","","AMB","HCO","HSO","REF","","","IMUNOLOGIA","","PROCEDIMENTOS LABORATORIAIS",""
"","","","","","","","","","","","","TERAPÊUTICOS"
"","","","","","","","","","","","","PROCEDIMENTOS DIAGNÓSTICOS E"
"HEPATITE B - ANTI-HBE (ANTI-ANTÍGENO ""E"")","","","AMB","HCO","HSO","REF","","","IMUNOLOGIA","","PROCEDIMENTOS LABORATORIAIS",""
"","","","","","","","","","","","","TERAPÊUTICOS"
"","","","","","","","","","","","","PROCEDIMENTOS DIAGNÓSTICOS E"
"HEPATITE B - ANTI-HBS (ANTI-ANTÍGENO DE SUPERFÍCIE)","","","AMB","HCO","HSO","REF","","","IMUNOLOGIA","","PROCEDIMENTOS LABORATORIAIS",""
"","","","","","","","","","","","","TERAPÊUTICOS"
"","","","","","","","","","","","","PROCEDIMENTOS DIAGNÓSTICOS E"
"HEPATITE B - HBEAG (ANTÍGENO ""E"")","","","AMB","HCO","HSO","REF","","","IMUNOLOGIA","","PROCEDIMENTOS LABORATORIAIS",""
"","","","","","","","","","","","","TERAPÊUTICOS"
"","","","","","","","","","","","","PROCEDIMENTOS DIAGNÓSTICOS E"
"HEPATITE B - HBSAG (ANTÍGENO DE SUPERFÍCIE)","","","AMB","HCO","HSO","REF","","","IMUNOLOGIA","","PROCEDIMENTOS LABORATORIAIS",""
"","","","","","","","","","","","","TERAPÊUTICOS"
"","","","","","","","","","","","","PROCEDIMENTOS DIAGNÓSTICOS E"
"HEPATITE C - ANTI-HCV - PESQUISA E/OU DOSAGEM","","","AMB","HCO","HSO","REF","","","IMUNOLOGIA","","PROCEDIMENTOS LABORATORIAIS",""
"","","","","","","","","","","","","TERAPÊUTICOS"
"","","","","","","","","","","","","PROCEDIMENTOS DIAGNÓSTICOS E"
"HEPATITE C - ANTI-HCV - IGM - PESQUISA E/OU DOSAGEM","","","AMB","HCO","HSO","REF","","","IMUNOLOGIA","","PROCEDIMENTOS LABORATORIAIS",""
"","","","","","","","","","","","","TERAPÊUTICOS"
"","","","","","","","","","","","","PROCEDIMENTOS DIAGNÓSTICOS E"
"HEPATITE D - ANTÍGENO PESQUISA E/OU DOSAGEM","","","AMB","HCO","HSO","REF","","","IMUNOLOGIA","","PROCEDIMENTOS LABORATORIAIS",""
"","","","","","","","","","","","","TERAPÊUTICOS"
"","","","","","","","","","","","","PROCEDIMENTOS DIAGNÓSTICOS E"
"HEPATITE D - ANTI-HDV, IGG / IGM","","","AMB","HCO","HSO","REF","","","IMUNOLOGIA","","PROCEDIMENTOS LABORATORIAIS",""
"","","","","","","","","","","","","TERAPÊUTICOS"
"","","","","","","","","","","","","PROCEDIMENTOS DIAGNÓSTICOS E"
"HEPATITE E - IGG/IGM","","","AMB","HCO","HSO","REF","","","IMUNOLOGIA","","PROCEDIMENTOS LABORATORIAIS",""
"","","","","","","","","","","","","TERAPÊUTICOS"
"","","","","","","","","","","","","PROCEDIMENTOS DIAGNÓSTICOS E"
"HERPES SIMPLES - IGG E/OU IGM (VARICELA)","","","AMB","HCO","HSO","REF","","","IMUNOLOGIA","","PROCEDIMENTOS LABORATORIAIS",""
"","","","","","","","","","","","","TERAPÊUTICOS"
"","","","","","","","","","","","","PROCEDIMENTOS DIAGNÓSTICOS E"
"HERPES ZOSTER - IGG / IGM (VARICELA)","","","AMB","HCO","HSO","REF","","","IMUNOLOGIA","","PROCEDIMENTOS LABORATORIAIS",""
"","","","","","","","","","","","","TERAPÊUTICOS"
"","","","","","","","","","","","","PROCEDIMENTOS DIAGNÓSTICOS E"
"HISTONA, ANTICORPOS","","","AMB","HCO","HSO","REF","","","IMUNOLOGIA","","PROCEDIMENTOS LABORATORIAIS",""
"","","","","","","","","","","","","TERAPÊUTICOS"
"","","","","","","","","","","","","PROCEDIMENTOS DIAGNÓSTICOS E"
"HISTOPLASMOSE, ANTICORPOS","","","AMB","HCO","HSO","REF","","","IMUNOLOGIA","","PROCEDIMENTOS LABORATORIAIS",""
"","","","","","","","","","","","","TERAPÊUTICOS"
"","","","","","","","","","","","","PROCEDIMENTOS DIAGNÓSTICOS E"
"HIV - ANTÍGENO P24","","","AMB","HCO","HSO","REF","","","IMUNOLOGIA","","PROCEDIMENTOS LABORATORIAIS",""
"","","","","","","","","","","","","TERAPÊUTICOS"
"","","","","","","","","","","","","PROCEDIMENTOS DIAGNÓSTICOS E"
"HIV1 E 2, PESQUISA DE ANTICORPOS","","","AMB","HCO","HSO","REF","","","IMUNOLOGIA","","PROCEDIMENTOS LABORATORIAIS",""
"","","","","","","","","","","","","TERAPÊUTICOS"
"","","","","","","","","","","","","PROCEDIMENTOS DIAGNÓSTICOS E"
"HIV1+ HIV2, (DETERMINAÇÃO CONJUNTA), PESQUISA DE ANTICORPOS","","","AMB","HCO","HSO","REF","","","IMUNOLOGIA","","PROCEDIMENTOS LABORATORIAIS",""
"","","","","","","","","","","","","TERAPÊUTICOS"
"","","","","","","","","","","","","PROCEDIMENTOS DIAGNÓSTICOS E"
"HTLV1 E 2, PESQUISA DE ANTICORPOS","","","AMB","HCO","HSO","REF","","","IMUNOLOGIA","","PROCEDIMENTOS LABORATORIAIS",""
"","","","","","","","","","","","","TERAPÊUTICOS"
