"","RN","","","","","","","","","","",""
"PROCEDIMENTO","VIGÊNCIA","OD","AMB","HCO","HSO","REF","PAC","DUT","","SUBGRUPO","GRUPO","CAPÍTULO"
"","(alteração)","","","","","","","","","","",""
"RECONSTRUÇÃO CRANIANA OU CRANIOFACIAL","","","","HCO","HSO","REF","","","CRÂNIO","","CABEÇA E PESCOÇO","PROCEDIMENTOS CIRÚRGICOS E INVASIVOS"
"RETIRADA DE CRANIOPLASTIA","","","","HCO","HSO","REF","","","CRÂNIO","","CABEÇA E PESCOÇO","PROCEDIMENTOS CIRÚRGICOS E INVASIVOS"
"TRATAMENTO CIRÚRGICO DA CRANIOSSINOSTOSE","","","","HCO","HSO","REF","","","CRÂNIO","","CABEÇA E PESCOÇO","PROCEDIMENTOS CIRÚRGICOS E INVASIVOS"
"TRATAMENTO CIRÚRGICO DA FRATURA DO CRÂNIO - AFUNDAMENTO","","","","HCO","HSO","REF","","","CRÂNIO","","CABEÇA E PESCOÇO","PROCEDIMENTOS CIRÚRGICOS E INVASIVOS"
"TRATAMENTO CIRÚRGICO DA OSTEOMIELITE DE CRÂNIO","","","","HCO","HSO","REF","","","CRÂNIO","","CABEÇA E PESCOÇO","PROCEDIMENTOS CIRÚRGICOS E INVASIVOS"
"ABSCESSO DE PÁLPEBRA - DRENAGEM","","","AMB","","","REF","","","PÁLPEBRA","","OLHOS","PROCEDIMENTOS CIRÚRGICOS E INVASIVOS"
"BIÓPSIA DE PÁLPEBRA","","","AMB","","","REF","","","PÁLPEBRA","","OLHOS","PROCEDIMENTOS CIRÚRGICOS E INVASIVOS"
"BLEFARORRAFIA","","","AMB","","","REF","","","PÁLPEBRA","","OLHOS","PROCEDIMENTOS CIRÚRGICOS E INVASIVOS"
"CALÁZIO - TRATAMENTO CIRÚRGICO","","","AMB","","","REF","","","PÁLPEBRA","","OLHOS","PROCEDIMENTOS CIRÚRGICOS E INVASIVOS"
"CANTOPLASTIA","","","AMB","HCO","HSO","REF","","","PÁLPEBRA","","OLHOS","PROCEDIMENTOS CIRÚRGICOS E INVASIVOS"
"COLOBOMA - CORREÇÃO CIRÚRGICA (COM DIRETRIZ DE UTILIZAÇÃO)","","","AMB","HCO","HSO","REF","","15","PÁLPEBRA","","OLHOS","PROCEDIMENTOS CIRÚRGICOS E INVASIVOS"
"CORREÇÃO CIRÚRGICA DE ECTRÓPIO OU ENTRÓPIO","","","AMB","HCO","HSO","REF","","","PÁLPEBRA","","OLHOS","PROCEDIMENTOS CIRÚRGICOS E INVASIVOS"
"EPICANTO - CORREÇÃO CIRÚRGICA","","","AMB","HCO","HSO","REF","","","PÁLPEBRA","","OLHOS","PROCEDIMENTOS CIRÚRGICOS E INVASIVOS"
"EPILAÇÃO DE CÍLIOS POR ELETRÓLISE","","","AMB","HCO","HSO","REF","","","PÁLPEBRA","","OLHOS","PROCEDIMENTOS CIRÚRGICOS E INVASIVOS"
"FISSURA PALPEBRAL - CORREÇÃO CIRÚRGICA","","","AMB","HCO","HSO","REF","","","PÁLPEBRA","","OLHOS","PROCEDIMENTOS CIRÚRGICOS E INVASIVOS"
"LAGOFTALMO - CORREÇÃO CIRÚRGICA","","","AMB","HCO","HSO","REF","","","PÁLPEBRA","","OLHOS","PROCEDIMENTOS CIRÚRGICOS E INVASIVOS"
"PÁLPEBRA - RECONSTRUÇÃO PARCIAL COM OU SEM RESSECÇÃO DE TUMOR","","","","HCO","HSO","REF","","","PÁLPEBRA","","OLHOS","PROCEDIMENTOS CIRÚRGICOS E INVASIVOS"
"PÁLPEBRA - RECONSTRUÇÃO TOTAL COM OU SEM RESSECÇÃO DE TUMOR","","","","HCO","HSO","REF","","","PÁLPEBRA","","OLHOS","PROCEDIMENTOS CIRÚRGICOS E INVASIVOS"
"PTOSE PALPEBRAL - CORREÇÃO CIRÚRGICA","","","","HCO","HSO","REF","","","PÁLPEBRA","","OLHOS","PROCEDIMENTOS CIRÚRGICOS E INVASIVOS"
