"","RN","","","","","","","","","",""
"PROCEDIMENTO","VIGÊNCIA","OD","AMB","HCO","HSO","REF","PAC","DUT","SUBGRUPO","GRUPO","CAPÍTULO"
"","(alteração)","","","","","","","","","",""
"","","","","","","","","","","","PROCEDIMENTOS DIAGNÓSTICOS E"
"PESQUISA DE EOSINÓFILOS EM MUCO NASAL","","","AMB","HCO","HSO","REF","","","DIVERSOS","PROCEDIMENTOS LABORATORIAIS",""
"","","","","","","","","","","","TERAPÊUTICOS"
"","","","","","","","","","","","PROCEDIMENTOS DIAGNÓSTICOS E"
"TESTE DE FUNÇÃO PANCREÁTICA APÓS ESTIMULAÇÃO PELA SECRETINA","","","AMB","HCO","HSO","REF","","","DIVERSOS","PROCEDIMENTOS LABORATORIAIS",""
"","","","","","","","","","","","TERAPÊUTICOS"
"","","","","","","","","","","","PROCEDIMENTOS DIAGNÓSTICOS E"
"TESTE DO SUOR, COM DOSAGEM DE CLORETO","","","AMB","HCO","HSO","REF","","","DIVERSOS","PROCEDIMENTOS LABORATORIAIS",""
"","","","","","","","","","","","TERAPÊUTICOS"
"","","","","","","","","","TOXICOLOGIA / MONITORIZAÇÃO","","PROCEDIMENTOS DIAGNÓSTICOS E"
"2,5-HEXANODIONA, AVALIAÇÃO DA EXPOSIÇÃO AO HEXANO.","","","AMB","HCO","HSO","REF","","","","PROCEDIMENTOS LABORATORIAIS",""
"","","","","","","","","","TERAPÊUTICA","","TERAPÊUTICOS"
"","","","","","","","","","TOXICOLOGIA / MONITORIZAÇÃO","","PROCEDIMENTOS DIAGNÓSTICOS E"
"ÁCIDO DELTA AMINOLEVULÍNICO (PARA CHUMBO INORGÂNICO) - PESQUISA E/OU DOSAGEM","","","AMB","HCO","HSO","REF","","","","PROCEDIMENTOS LABORATORIAIS",""
"","","","","","","","","","TERAPÊUTICA","","TERAPÊUTICOS"
"","","","","","","","","","TOXICOLOGIA / MONITORIZAÇÃO","","PROCEDIMENTOS DIAGNÓSTICOS E"
"ÁCIDO DELTA AMINOLEVULÍNICO DESIDRATASE (PARA CHUMBO INORGÂNICO) - PESQUISA E/OU DOSAGEM","","","AMB","HCO","HSO","REF","","","","PROCEDIMENTOS LABORATORIAIS",""
"","","","","","","","","","TERAPÊUTICA","","TERAPÊUTICOS"
"","","","","","","","","","TOXICOLOGIA / MONITORIZAÇÃO","","PROCEDIMENTOS DIAGNÓSTICOS E"
"ÁCIDO FENILGLIOXÍLICO, AVALIAÇÃO DA EXPOSIÇÃO AO ESTIRENO","","","AMB","HCO","HSO","REF","","","","PROCEDIMENTOS LABORATORIAIS",""
"","","","","","","","","","TERAPÊUTICA","","TERAPÊUTICOS"
"","","","","","","","","","TOXICOLOGIA / MONITORIZAÇÃO","","PROCEDIMENTOS DIAGNÓSTICOS E"
"ÁCIDO HIPÚRICO, AVALIAÇÃO DA EXPOSIÇÃO AO TOLUENO","","","AMB","HCO","HSO","REF","","","","PROCEDIMENTOS LABORATORIAIS",""
"","","","","","","","","","TERAPÊUTICA","","TERAPÊUTICOS"
"","","","","","","","","","TOXICOLOGIA / MONITORIZAÇÃO","","PROCEDIMENTOS DIAGNÓSTICOS E"
"ÁCIDO METILMALÔNICO, PESQUISA E/OU DOSAGEM","","","AMB","HCO","HSO","REF","","","","PROCEDIMENTOS LABORATORIAIS",""
"","","","","","","","","","TERAPÊUTICA","","TERAPÊUTICOS"
"","","","","","","","","","TOXICOLOGIA / MONITORIZAÇÃO","","PROCEDIMENTOS DIAGNÓSTICOS E"
"ÁCIDO MANDÉLICO, AVALIAÇÃO DA EXPOSIÇÃO AO ESTIRENO E AO ETILBENZENO","","","AMB","HCO","HSO","REF","","","","PROCEDIMENTOS LABORATORIAIS",""
"","","","","","","","","","TERAPÊUTICA","","TERAPÊUTICOS"
"","","","","","","","","","TOXICOLOGIA / MONITORIZAÇÃO","","PROCEDIMENTOS DIAGNÓSTICOS E"
"ÁCIDO METIL-HIPÚRICO, AVALIAÇÃO DA EXPOSIÇÃO AO XILENO","","","AMB","HCO","HSO","REF","","","","PROCEDIMENTOS LABORATORIAIS",""
"","","","","","","","","","TERAPÊUTICA","","TERAPÊUTICOS"
"","","","","","","","","","TOXICOLOGIA / MONITORIZAÇÃO","","PROCEDIMENTOS DIAGNÓSTICOS E"
"ÁCIDO SALICÍLICO (SALICILATOS)","","","AMB","HCO","HSO","REF","","","","PROCEDIMENTOS LABORATORIAIS",""
"","","","","","","","","","TERAPÊUTICA","","TERAPÊUTICOS"
"","","","","","","","","","TOXICOLOGIA / MONITORIZAÇÃO","","PROCEDIMENTOS DIAGNÓSTICOS E"
"ÁCIDO TRICLOROACÉTICO, AVALIAÇÃO DA EXPOSIÇÃO AO TETRACLOROETILENO","","","AMB","HCO","HSO","REF","","","","PROCEDIMENTOS LABORATORIAIS",""
"","","","","","","","","","TERAPÊUTICA","","TERAPÊUTICOS"
"","","","","","","","","","TOXICOLOGIA / MONITORIZAÇÃO","","PROCEDIMENTOS DIAGNÓSTICOS E"
"ARSÊNIO, CÁDMIO, COBALTO, CROMO, MANGANÊS, MERCÚRIO, NÍQUEL","","","AMB","HCO","HSO","REF","","","","PROCEDIMENTOS LABORATORIAIS",""
"","","","","","","","","","TERAPÊUTICA","","TERAPÊUTICOS"
"","","","","","","","","","TOXICOLOGIA / MONITORIZAÇÃO","","PROCEDIMENTOS DIAGNÓSTICOS E"
"CARBOXIHEMOGLOBINA, AVALIAÇÃO DA EXPOSIÇÃO AO MONÓXIDO DE CARBONO OU DICLOROMETANO.","","","AMB","HCO","HSO","REF","","","","PROCEDIMENTOS LABORATORIAIS",""
"","","","","","","","","","TERAPÊUTICA","","TERAPÊUTICOS"
"","","","","","","","","","TOXICOLOGIA / MONITORIZAÇÃO","","PROCEDIMENTOS DIAGNÓSTICOS E"
"CHUMBO","","","AMB","HCO","HSO","REF","","","","PROCEDIMENTOS LABORATORIAIS",""
"","","","","","","","","","TERAPÊUTICA","","TERAPÊUTICOS"
"","","","","","","","","","TOXICOLOGIA / MONITORIZAÇÃO","","PROCEDIMENTOS DIAGNÓSTICOS E"
"COLINESTERASE, AVALIAÇÃO DA EXPOSIÇÃO AOS INSETICIDAS ORGANOFOSFORADOS E CARBAMATOS","","","AMB","HCO","HSO","REF","","","","PROCEDIMENTOS LABORATORIAIS",""
"","","","","","","","","","TERAPÊUTICA","","TERAPÊUTICOS"
"","","","","","","","","","TOXICOLOGIA / MONITORIZAÇÃO","","PROCEDIMENTOS DIAGNÓSTICOS E"
"ETANOL","","","AMB","HCO","HSO","REF","","","","PROCEDIMENTOS LABORATORIAIS",""
"","","","","","","","","","TERAPÊUTICA","","TERAPÊUTICOS"
"","","","","","","","","","TOXICOLOGIA / MONITORIZAÇÃO","","PROCEDIMENTOS DIAGNÓSTICOS E"
"FENOL","","","AMB","HCO","HSO","REF","","","","PROCEDIMENTOS LABORATORIAIS",""
"","","","","","","","","","TERAPÊUTICA","","TERAPÊUTICOS"
