"","RN","","","","","","","","","",""
"PROCEDIMENTO","VIGÊNCIA","OD","AMB","HCO","HSO","REF","PAC","DUT","SUBGRUPO","GRUPO","CAPÍTULO"
"","(alteração)","","","","","","","","","",""
"","","","","","","","","","","","PROCEDIMENTOS DIAGNÓSTICOS E"
"TOMOGRAFIA COMPUTADORIZADA DE ABDOME TOTAL (ABDOME SUPERIOR, PELVE E RETROPERITÔNIO)","","","AMB","HCO","HSO","REF","PAC","","TOMOGRAFIA COMPUTADORIZADA","MÉTODOS DIAGNÓSTICOS POR IMAGEM",""
"","","","","","","","","","","","TERAPÊUTICOS"
"TOMOGRAFIA COMPUTADORIZADA DE ARTICULAÇÃO (ESTERNOCLAVICULAR, OMBRO, COTOVELO, PUNHO,","","","","","","","","","","","PROCEDIMENTOS DIAGNÓSTICOS E"
"","","","AMB","HCO","HSO","REF","PAC","","TOMOGRAFIA COMPUTADORIZADA","MÉTODOS DIAGNÓSTICOS POR IMAGEM",""
"SACROILÍACA, COXOFEMORAL, JOELHO OU PÉ)","","","","","","","","","","","TERAPÊUTICOS"
"","","","","","","","","","","","PROCEDIMENTOS DIAGNÓSTICOS E"
"TOMOGRAFIA COMPUTADORIZADA DE ARTICULAÇÕES TEMPOROMANDIBULARES","","","AMB","HCO","HSO","REF","PAC","","TOMOGRAFIA COMPUTADORIZADA","MÉTODOS DIAGNÓSTICOS POR IMAGEM",""
"","","","","","","","","","","","TERAPÊUTICOS"
"","","","","","","","","","","","PROCEDIMENTOS DIAGNÓSTICOS E"
"TOMOGRAFIA DE COERÊNCIA ÓPTICA (COM DIRETRIZ DE UTILIZAÇÃO)","","","AMB","HCO","HSO","REF","","69","TOMOGRAFIA COMPUTADORIZADA","MÉTODOS DIAGNÓSTICOS POR IMAGEM",""
"","","","","","","","","","","","TERAPÊUTICOS"
"","","","","","","","","","","","PROCEDIMENTOS DIAGNÓSTICOS E"
"TOMOGRAFIA COMPUTADORIZADA DE COLUNA CERVICAL, DORSAL OU LOMBAR","","","AMB","HCO","HSO","REF","PAC","","TOMOGRAFIA COMPUTADORIZADA","MÉTODOS DIAGNÓSTICOS POR IMAGEM",""
"","","","","","","","","","","","TERAPÊUTICOS"
"","","","","","","","","","","","PROCEDIMENTOS DIAGNÓSTICOS E"
"TOMOGRAFIA COMPUTADORIZADA DE CRÂNIO, SELA TÚRCICA OU ÓRBITAS","","","AMB","HCO","HSO","REF","PAC","","TOMOGRAFIA COMPUTADORIZADA","MÉTODOS DIAGNÓSTICOS POR IMAGEM",""
"","","","","","","","","","","","TERAPÊUTICOS"
"","","","","","","","","","","","PROCEDIMENTOS DIAGNÓSTICOS E"
"TOMOGRAFIA COMPUTADORIZADA DE FACE OU SEIOS DA FACE","","","AMB","HCO","HSO","REF","PAC","","TOMOGRAFIA COMPUTADORIZADA","MÉTODOS DIAGNÓSTICOS POR IMAGEM",""
"","","","","","","","","","","","TERAPÊUTICOS"
"","","","","","","","","","","","PROCEDIMENTOS DIAGNÓSTICOS E"
"TOMOGRAFIA COMPUTADORIZADA DE MANDÍBULA/MAXILA","","","AMB","HCO","HSO","REF","PAC","","TOMOGRAFIA COMPUTADORIZADA","MÉTODOS DIAGNÓSTICOS POR IMAGEM",""
"","","","","","","","","","","","TERAPÊUTICOS"
"","","","","","","","","","","","PROCEDIMENTOS DIAGNÓSTICOS E"
"TOMOGRAFIA COMPUTADORIZADA DE MASTÓIDES OU ORELHAS","","","AMB","HCO","HSO","REF","PAC","","TOMOGRAFIA COMPUTADORIZADA","MÉTODOS DIAGNÓSTICOS POR IMAGEM",""
"","","","","","","","","","","","TERAPÊUTICOS"
"","","","","","","","","","","","PROCEDIMENTOS DIAGNÓSTICOS E"
"TOMOGRAFIA COMPUTADORIZADA DE PELVE OU BACIA","","","AMB","HCO","HSO","REF","PAC","","TOMOGRAFIA COMPUTADORIZADA","MÉTODOS DIAGNÓSTICOS POR IMAGEM",""
"","","","","","","","","","","","TERAPÊUTICOS"
"","","","","","","","","","","","PROCEDIMENTOS DIAGNÓSTICOS E"
"TOMOGRAFIA COMPUTADORIZADA DE PESCOÇO (PARTES MOLES, LARINGE, TIREÓIDE E FARINGE)","","","AMB","HCO","HSO","REF","PAC","","TOMOGRAFIA COMPUTADORIZADA","MÉTODOS DIAGNÓSTICOS POR IMAGEM",""
"","","","","","","","","","","","TERAPÊUTICOS"
"TOMOGRAFIA COMPUTADORIZADA DE SEGMENTOS APENDICULARES (BRAÇO, ANTEBRAÇO, MÃO, COXA,","","","","","","","","","","","PROCEDIMENTOS DIAGNÓSTICOS E"
"","","","AMB","HCO","HSO","REF","PAC","","TOMOGRAFIA COMPUTADORIZADA","MÉTODOS DIAGNÓSTICOS POR IMAGEM",""
"PERNA OU PÉ)","","","","","","","","","","","TERAPÊUTICOS"
"","","","","","","","","","","","PROCEDIMENTOS DIAGNÓSTICOS E"
"TOMOGRAFIA COMPUTADORIZADA DE TÓRAX","","","AMB","HCO","HSO","REF","PAC","","TOMOGRAFIA COMPUTADORIZADA","MÉTODOS DIAGNÓSTICOS POR IMAGEM",""
"","","","","","","","","","","","TERAPÊUTICOS"
"","","","","","","","","","TOMOGRAFIA COMPUTADORIZADA","","PROCEDIMENTOS DIAGNÓSTICOS E"
"DRENAGEM PERCUTÂNEA ORIENTADA POR TC","","","AMB","HCO","HSO","REF","PAC","","","MÉTODOS DIAGNÓSTICOS POR IMAGEM",""
"","","","","","","","","","INTERVENCIONISTA","","TERAPÊUTICOS"
"","","","","","","","","","TOMOGRAFIA COMPUTADORIZADA","","PROCEDIMENTOS DIAGNÓSTICOS E"
"PUNÇÃO ASPIRATIVA ORIENTADA POR TC","","","AMB","HCO","HSO","REF","PAC","","","MÉTODOS DIAGNÓSTICOS POR IMAGEM",""
"","","","","","","","","","INTERVENCIONISTA","","TERAPÊUTICOS"
"","","","","","","","","","TOMOGRAFIA COMPUTADORIZADA","","PROCEDIMENTOS DIAGNÓSTICOS E"
"TOMOMIELOGRAFIA","","","AMB","HCO","HSO","REF","PAC","","","MÉTODOS DIAGNÓSTICOS POR IMAGEM",""
"","","","","","","","","","INTERVENCIONISTA","","TERAPÊUTICOS"
"","","","","","","","","","","","PROCEDIMENTOS DIAGNÓSTICOS E"
"ANGIO-RM (CRÂNIO, PESCOÇO, TÓRAX, ABDOME SUPERIOR OU PELVE) - ARTERIAL OU VENOSA","","","AMB","HCO","HSO","REF","PAC","","RESSONÂNCIA MAGNÉTICA","MÉTODOS DIAGNÓSTICOS POR IMAGEM",""
"","","","","","","","","","","","TERAPÊUTICOS"
"","","","","","","","","","","","PROCEDIMENTOS DIAGNÓSTICOS E"
"ANGIO-RM DE AORTA ABDOMINAL","","","AMB","HCO","HSO","REF","PAC","","RESSONÂNCIA MAGNÉTICA","MÉTODOS DIAGNÓSTICOS POR IMAGEM",""
"","","","","","","","","","","","TERAPÊUTICOS"
"","","","","","","","","","","","PROCEDIMENTOS DIAGNÓSTICOS E"
"ANGIO-RM DE AORTA TORÁCICA","","","AMB","HCO","HSO","REF","PAC","","RESSONÂNCIA MAGNÉTICA","MÉTODOS DIAGNÓSTICOS POR IMAGEM",""
"","","","","","","","","","","","TERAPÊUTICOS"
