"","RN","","","","","","","","","","",""
"PROCEDIMENTO","VIGÊNCIA","OD","AMB","HCO","HSO","REF","PAC","DUT","","SUBGRUPO","GRUPO","CAPÍTULO"
"","(alteração)","","","","","","","","","","",""
"INCISÃO E DRENAGEM INTRA-ORAL DE ABSCESSO, HEMATOMA E/OU FLEGMÃO DA REGIÃO BUCO-MAXILO-","","","","","","","","","","","",""
"","","OD","AMB","HCO","HSO","REF","","","BOCA","","CABEÇA E PESCOÇO","PROCEDIMENTOS CIRÚRGICOS E INVASIVOS"
"FACIAL","","","","","","","","","","","",""
"EXCISÃO DE LESÃO COM RECONSTRUÇÃO","","","","HCO","HSO","REF","","","BOCA","","CABEÇA E PESCOÇO","PROCEDIMENTOS CIRÚRGICOS E INVASIVOS"
"EXCISÃO DE TUMOR DE BOCA COM MANDIBULECTOMIA OU MAXILECTOMIA","","","","HCO","HSO","REF","","","BOCA","","CABEÇA E PESCOÇO","PROCEDIMENTOS CIRÚRGICOS E INVASIVOS"
"EXÉRESE DE LESÃO E ENXERTO CUTÂNEO OU MUCOSO","","","","HCO","HSO","REF","","","BOCA","","CABEÇA E PESCOÇO","PROCEDIMENTOS CIRÚRGICOS E INVASIVOS"
"ENXERTO GENGIVAL LIVRE","","OD","","","","","","","BOCA","","CABEÇA E PESCOÇO","PROCEDIMENTOS CIRÚRGICOS E INVASIVOS"
"ENXERTO PEDICULADO","","OD","","","","","","","BOCA","","CABEÇA E PESCOÇO","PROCEDIMENTOS CIRÚRGICOS E INVASIVOS"
"EXODONTIA A RETALHO","","OD","","","","","","","BOCA","","CABEÇA E PESCOÇO","PROCEDIMENTOS CIRÚRGICOS E INVASIVOS"
"EXODONTIA DE RAIZ RESIDUAL","","OD","","","","","","","BOCA","","CABEÇA E PESCOÇO","PROCEDIMENTOS CIRÚRGICOS E INVASIVOS"
"EXODONTIA SIMPLES DE DECÍDUO","","OD","","","","","","","BOCA","","CABEÇA E PESCOÇO","PROCEDIMENTOS CIRÚRGICOS E INVASIVOS"
"EXODONTIA DE PERMANENTE POR INDICAÇÃO ORTODÔNTICA/PROTÉTICA","","OD","","","","","","","BOCA","","CABEÇA E PESCOÇO","PROCEDIMENTOS CIRÚRGICOS E INVASIVOS"
"EXODONTIA SIMPLES DE PERMANENTE","","OD","","","","","","","BOCA","","CABEÇA E PESCOÇO","PROCEDIMENTOS CIRÚRGICOS E INVASIVOS"
"FACETA DIRETA EM RESINA FOTOPOLIMERIZÁVEL","","OD","","","","","","","BOCA","","CABEÇA E PESCOÇO","PROCEDIMENTOS CIRÚRGICOS E INVASIVOS"
"GENGIVECTOMIA","","OD","","","","","","","BOCA","","CABEÇA E PESCOÇO","PROCEDIMENTOS CIRÚRGICOS E INVASIVOS"
"GENGIVOPLASTIA","","OD","","","","","","","BOCA","","CABEÇA E PESCOÇO","PROCEDIMENTOS CIRÚRGICOS E INVASIVOS"
"GLOSSECTOMIA SUBTOTAL OU TOTAL, COM OU SEM MANDIBULECTOMIA","","","","HCO","HSO","REF","","","BOCA","","CABEÇA E PESCOÇO","PROCEDIMENTOS CIRÚRGICOS E INVASIVOS"
"IMOBILIZAÇÃO DENTÁRIA EM DENTES DECÍDUOS","","OD","","","","","","","BOCA","","CABEÇA E PESCOÇO","PROCEDIMENTOS CIRÚRGICOS E INVASIVOS"
"IMOBILIZAÇÃO DENTÁRIA EM DENTES PERMANENTES","","OD","","","","","","","BOCA","","CABEÇA E PESCOÇO","PROCEDIMENTOS CIRÚRGICOS E INVASIVOS"
"NÚCLEO DE PREENCHIMENTO","","OD","","","","","","","BOCA","","CABEÇA E PESCOÇO","PROCEDIMENTOS CIRÚRGICOS E INVASIVOS"
"ODONTO-SECÇÃO","","OD","","","","","","","BOCA","","CABEÇA E PESCOÇO","PROCEDIMENTOS CIRÚRGICOS E INVASIVOS"
