"","RN","","","","","","","","","",""
"PROCEDIMENTO","VIGÊNCIA","OD","AMB","HCO","HSO","REF","PAC","DUT","SUBGRUPO","GRUPO","CAPÍTULO"
"","(alteração)","","","","","","","","","",""
"","","","","","","","","","","","PROCEDIMENTOS DIAGNÓSTICOS E"
"PROCEDIMENTO COLPOCITOLÓGICO HORMONAL SIMPLES OU SERIADO","","","AMB","HCO","HSO","REF","","PROCEDIMENTOS","","ANATOMIA PATOLÓGICA E CITOPATOLOGIA",""
"","","","","","","","","","","","TERAPÊUTICOS"
"PROCEDIMENTO DIAGNÓSTICO ANATOMOPATOLÓGICO EM MATERIAL PROVENIENTE DE BIÓPSIAS SIMPLES,","","","","","","","","","","","PROCEDIMENTOS DIAGNÓSTICOS E"
"","","","AMB","HCO","HSO","REF","","PROCEDIMENTOS","","ANATOMIA PATOLÓGICA E CITOPATOLOGIA",""
"PAAF, ""IMPRINT"" E ""CELL-BLOCK""","","","","","","","","","","","TERAPÊUTICOS"
"PROCEDIMENTO DIAGNÓSTICO ANATOMOPATOLÓGICO EM PEÇA ANATÔMICA OU CIRÚRGICA SIMPLES OU","","","","","","","","","","","PROCEDIMENTOS DIAGNÓSTICOS E"
"","","","AMB","HCO","HSO","REF","","PROCEDIMENTOS","","ANATOMIA PATOLÓGICA E CITOPATOLOGIA",""
"COMPLEXA","","","","","","","","","","","TERAPÊUTICOS"
"","","","","","","","","","","","PROCEDIMENTOS DIAGNÓSTICOS E"
"DIAGNÓSTICO ANATOMOPATOLÓGICO EM CITOLOGIA ESFOLIATIVA NA REGIÃO BUCO-MAXILO-FACIAL","","OD","AMB","HCO","HSO","REF","","PROCEDIMENTOS","","ANATOMIA PATOLÓGICA E CITOPATOLOGIA",""
"","","","","","","","","","","","TERAPÊUTICOS"
"","","","","","","","","","","","PROCEDIMENTOS DIAGNÓSTICOS E"
"DIAGNÓSTICO ANATOMOPATOLÓGICO EM MATERIAL DE BIÓPSIA NA REGIÃO BUCO-MAXILO-FACIAL","","OD","AMB","HCO","HSO","REF","","PROCEDIMENTOS","","ANATOMIA PATOLÓGICA E CITOPATOLOGIA",""
"","","","","","","","","","","","TERAPÊUTICOS"
"","","","","","","","","","","","PROCEDIMENTOS DIAGNÓSTICOS E"
"DIAGNÓSTICO ANATOMOPATOLÓGICO EM PEÇA CIRÚRGICA NA REGIÃO BUCO-MAXILO-FACIAL","","OD","AMB","HCO","HSO","REF","","PROCEDIMENTOS","","ANATOMIA PATOLÓGICA E CITOPATOLOGIA",""
"","","","","","","","","","","","TERAPÊUTICOS"
"","","","","","","","","","","","PROCEDIMENTOS DIAGNÓSTICOS E"
"DIAGNÓSTICO ANATOMOPATOLÓGICO EM PUNÇÃO NA REGIÃO BUCO-MAXILO-FACIAL","","OD","AMB","HCO","HSO","REF","","PROCEDIMENTOS","","ANATOMIA PATOLÓGICA E CITOPATOLOGIA",""
"","","","","","","","","","","","TERAPÊUTICOS"
"","","","","","","","","","","","PROCEDIMENTOS DIAGNÓSTICOS E"
"PD-L1 – DETECÇÃO POR TÉCNICAS IMUNOISTOQUÍMICAS (COM DIRETRIZ DE UTILIZAÇÃO)","","","AMB","HCO","HSO","REF","PAC","146
PROCEDIMENTOS","","ANATOMIA PATOLÓGICA E CITOPATOLOGIA",""
"","","","","","","","","","","","TERAPÊUTICOS"
"","","","","","","","","","","","PROCEDIMENTOS DIAGNÓSTICOS E"
"PROCEDIMENTO DIAGNÓSTICO ANATOMOPATOLÓGICO POR CONGELAÇÃO DURANTE ATO CIRÚRGICO","","","AMB","HCO","HSO","REF","","PROCEDIMENTOS","","ANATOMIA PATOLÓGICA E CITOPATOLOGIA",""
"","","","","","","","","","","","TERAPÊUTICOS"
"","","","","","","","","","","","PROCEDIMENTOS DIAGNÓSTICOS E"
"PROCEDIMENTO DIAGNÓSTICO CITOPATOLÓGICO EM MEIO LÍQUIDO","","","AMB","HCO","HSO","REF","","PROCEDIMENTOS","","ANATOMIA PATOLÓGICA E CITOPATOLOGIA",""
"","","","","","","","","","","","TERAPÊUTICOS"
"","","","","","","","","","","","PROCEDIMENTOS DIAGNÓSTICOS E"
"PROCEDIMENTO DIAGNÓSTICO CITOPATOLÓGICO ONCÓTICO DE LÍQUIDOS E RASPADOS CUTÂNEOS","","","AMB","HCO","HSO","REF","","PROCEDIMENTOS","","ANATOMIA PATOLÓGICA E CITOPATOLOGIA",""
"","","","","","","","","","","","TERAPÊUTICOS"
"","","","","","","","","","","","PROCEDIMENTOS DIAGNÓSTICOS E"
"PROCEDIMENTO DIAGNÓSTICO CITOPATOLÓGICO ONCÓTICO DE MATERIAL CÉRVICO-VAGINAL","","","AMB","HCO","HSO","REF","","PROCEDIMENTOS","","ANATOMIA PATOLÓGICA E CITOPATOLOGIA",""
"","","","","","","","","","","","TERAPÊUTICOS"
"PROCEDIMENTO DIAGNÓSTICO EM GRUPOS DE LINFONODOS, ESTRUTURAS VIZINHAS E MARGENS","","","","","","","","","","","PROCEDIMENTOS DIAGNÓSTICOS E"
"","","","AMB","HCO","HSO","REF","","PROCEDIMENTOS","","ANATOMIA PATOLÓGICA E CITOPATOLOGIA",""
"CIRÚRGICAS, DE PEÇAS ANATÔMICAS SIMPLES OU COMPLEXAS","","","","","","","","","","","TERAPÊUTICOS"
"","","","","","","","","","","","PROCEDIMENTOS DIAGNÓSTICOS E"
"PROCEDIMENTO DIAGNÓSTICO EM IMUNOFLUORESCÊNCIA, DIRETA E INDIRETA","","","AMB","HCO","HSO","REF","","PROCEDIMENTOS","","ANATOMIA PATOLÓGICA E CITOPATOLOGIA",""
"","","","","","","","","","","","TERAPÊUTICOS"
"","","","","","","","","","","","PROCEDIMENTOS DIAGNÓSTICOS E"
"PROCEDIMENTO DIAGNÓSTICO EM PAINEL DE IMUNOISTOQUÍMICA","","","AMB","HCO","HSO","REF","","PROCEDIMENTOS","","ANATOMIA PATOLÓGICA E CITOPATOLOGIA",""
"","","","","","","","","","","","TERAPÊUTICOS"
"","","","","","","","","","","","PROCEDIMENTOS DIAGNÓSTICOS E"
"PROCEDIMENTO DIAGNÓSTICO EM REVISÃO DE LÂMINAS","","","AMB","HCO","HSO","REF","","PROCEDIMENTOS","","ANATOMIA PATOLÓGICA E CITOPATOLOGIA",""
"","","","","","","","","","","","TERAPÊUTICOS"
"PROCEDIMENTO DIAGNÓSTICO POR HIBRIDIZAÇÃO ""IN SITU"" OU HIBRIDIZAÇÃO ""IN SITU"" POR","","","","","","","","","","","PROCEDIMENTOS DIAGNÓSTICOS E"
"","","","AMB","HCO","HSO","REF","PAC","PROCEDIMENTOS","","ANATOMIA PATOLÓGICA E CITOPATOLOGIA",""
"FLUORESCÊNCIA","","","","","","","","","","","TERAPÊUTICOS"
"","","","","","","","","","","","PROCEDIMENTOS DIAGNÓSTICOS E"
"PUNÇÃO ASPIRATIVA COM AGULHA FINA (ÓRGÃOS OU ESTRUTURAS SUPERFICIAIS)","","","AMB","HCO","HSO","REF","","PROCEDIMENTOS","","ANATOMIA PATOLÓGICA E CITOPATOLOGIA",""
"","","","","","","","","","","","TERAPÊUTICOS"
"PUNÇÃO ASPIRATIVA COM AGULHA FINA DE MASSAS, ÓRGÃOS OU ESTRUTURAS PROFUNDAS ORIENTADA","","","","","","","","","","","PROCEDIMENTOS DIAGNÓSTICOS E"
"","","","AMB","HCO","HSO","REF","","PROCEDIMENTOS","","ANATOMIA PATOLÓGICA E CITOPATOLOGIA",""
"OU NÃO POR IMAGEM","","","","","","","","","","","TERAPÊUTICOS"
