"","RN","","","","","","","","","",""
"PROCEDIMENTO","VIGÊNCIA","OD","AMB","HCO","HSO","REF","PAC","DUT","SUBGRUPO","GRUPO","CAPÍTULO"
"","(alteração)","","","","","","","","","",""
"","","","","","","","","","","SISTEMA MÚSCULO-ESQUELÉTICO E",""
"ALONGAMENTO DE FÊMUR - TRATAMENTO CIRÚRGICO","","","","HCO","HSO","REF","","","MEMBROS INFERIORES","","PROCEDIMENTOS CIRÚRGICOS E INVASIVOS"
"","","","","","","","","","","ARTICULAÇÕES",""
"","","","","","","","","","","SISTEMA MÚSCULO-ESQUELÉTICO E",""
"ALONGAMENTO DOS OSSOS DA PERNA - TRATAMENTO CIRÚRGICO","","","","HCO","HSO","REF","","","MEMBROS INFERIORES","","PROCEDIMENTOS CIRÚRGICOS E INVASIVOS"
"","","","","","","","","","","ARTICULAÇÕES",""
"","","","","","","","","","","SISTEMA MÚSCULO-ESQUELÉTICO E",""
"AMPUTAÇÃO AO NÍVEL DA COXA - TRATAMENTO CIRÚRGICO","","","","HCO","HSO","REF","","","MEMBROS INFERIORES","","PROCEDIMENTOS CIRÚRGICOS E INVASIVOS"
"","","","","","","","","","","ARTICULAÇÕES",""
"","","","","","","","","","","SISTEMA MÚSCULO-ESQUELÉTICO E",""
"AMPUTAÇÃO AO NÍVEL DO PÉ - TRATAMENTO CIRÚRGICO","","","","HCO","HSO","REF","","","MEMBROS INFERIORES","","PROCEDIMENTOS CIRÚRGICOS E INVASIVOS"
"","","","","","","","","","","ARTICULAÇÕES",""
"","","","","","","","","","","SISTEMA MÚSCULO-ESQUELÉTICO E",""
"AMPUTAÇÃO AO NÍVEL DO TORNOZELO - TRATAMENTO CIRÚRGICO","","","","HCO","HSO","REF","","","MEMBROS INFERIORES","","PROCEDIMENTOS CIRÚRGICOS E INVASIVOS"
"","","","","","","","","","","ARTICULAÇÕES",""
"","","","","","","","","","","SISTEMA MÚSCULO-ESQUELÉTICO E",""
"AMPUTAÇÃO DE PERNA - TRATAMENTO CIRÚRGICO","","","","HCO","HSO","REF","","","MEMBROS INFERIORES","","PROCEDIMENTOS CIRÚRGICOS E INVASIVOS"
"","","","","","","","","","","ARTICULAÇÕES",""
"","","","","","","","","","","SISTEMA MÚSCULO-ESQUELÉTICO E",""
"AMPUTAÇÃO/DESARTICULAÇÃO DE PODODÁCTILOS - TRATAMENTO CIRÚRGICO","","","","HCO","HSO","REF","","","MEMBROS INFERIORES","","PROCEDIMENTOS CIRÚRGICOS E INVASIVOS"
"","","","","","","","","","","ARTICULAÇÕES",""
"","","","","","","","","","","SISTEMA MÚSCULO-ESQUELÉTICO E",""
"ARTRITE OU OSTEOARTRITE DOS OSSOS DO PÉ (INCLUI OSTEOMIELITE) - TRATAMENTO CIRÚRGICO","","","","HCO","HSO","REF","","","MEMBROS INFERIORES","","PROCEDIMENTOS CIRÚRGICOS E INVASIVOS"
"","","","","","","","","","","ARTICULAÇÕES",""
"","","","","","","","","","","SISTEMA MÚSCULO-ESQUELÉTICO E",""
"ARTRODESE AO NÍVEL DO TORNOZELO - TRATAMENTO CIRÚRGICO","","","","HCO","HSO","REF","","","MEMBROS INFERIORES","","PROCEDIMENTOS CIRÚRGICOS E INVASIVOS"
"","","","","","","","","","","ARTICULAÇÕES",""
"","","","","","","","","","","SISTEMA MÚSCULO-ESQUELÉTICO E",""
"ARTRODESE DE JOELHO - TRATAMENTO CIRÚRGICO","","","","HCO","HSO","REF","","","MEMBROS INFERIORES","","PROCEDIMENTOS CIRÚRGICOS E INVASIVOS"
"","","","","","","","","","","ARTICULAÇÕES",""
"","","","","","","","","","","SISTEMA MÚSCULO-ESQUELÉTICO E",""
"ARTRODESE DE TARSO E/OU MÉDIO PÉ - TRATAMENTO CIRÚRGICO","","","","HCO","HSO","REF","","","MEMBROS INFERIORES","","PROCEDIMENTOS CIRÚRGICOS E INVASIVOS"
"","","","","","","","","","","ARTICULAÇÕES",""
"","","","","","","","","","","SISTEMA MÚSCULO-ESQUELÉTICO E",""
"ARTRODESE METATARSO - FALÂNGICA OU INTERFALÂNGICA - TRATAMENTO CIRÚRGICO","","","","HCO","HSO","REF","","","MEMBROS INFERIORES","","PROCEDIMENTOS CIRÚRGICOS E INVASIVOS"
"","","","","","","","","","","ARTICULAÇÕES",""
"","","","","","","","","","","SISTEMA MÚSCULO-ESQUELÉTICO E",""
"ARTROPLASTIA DE TORNOZELO (COM IMPLANTE) - TRATAMENTO CIRÚRGICO","","","","HCO","HSO","REF","","","MEMBROS INFERIORES","","PROCEDIMENTOS CIRÚRGICOS E INVASIVOS"
"","","","","","","","","","","ARTICULAÇÕES",""
"","","","","","","","","","","SISTEMA MÚSCULO-ESQUELÉTICO E",""
"ARTROPLASTIA TOTAL DE JOELHO COM IMPLANTES - TRATAMENTO CIRÚRGICO","","","","HCO","HSO","REF","","","MEMBROS INFERIORES","","PROCEDIMENTOS CIRÚRGICOS E INVASIVOS"
"","","","","","","","","","","ARTICULAÇÕES",""
"","","","","","","","","","","SISTEMA MÚSCULO-ESQUELÉTICO E",""
"ARTRORRISE DO TORNOZELO - TRATAMENTO CIRÚRGICO","","","","HCO","HSO","REF","","","MEMBROS INFERIORES","","PROCEDIMENTOS CIRÚRGICOS E INVASIVOS"
"","","","","","","","","","","ARTICULAÇÕES",""
"","","","","","","","","","","SISTEMA MÚSCULO-ESQUELÉTICO E",""
"ARTROTOMIA - TRATAMENTO CIRÚRGICO","","","","HCO","HSO","REF","","","MEMBROS INFERIORES","","PROCEDIMENTOS CIRÚRGICOS E INVASIVOS"
"","","","","","","","","","","ARTICULAÇÕES",""
"","","","","","","","","","","SISTEMA MÚSCULO-ESQUELÉTICO E",""
"BIÓPSIA CIRÚRGICA DE FÊMUR","","","","HCO","HSO","REF","","","MEMBROS INFERIORES","","PROCEDIMENTOS CIRÚRGICOS E INVASIVOS"
"","","","","","","","","","","ARTICULAÇÕES",""
"","","","","","","","","","","SISTEMA MÚSCULO-ESQUELÉTICO E",""
"BIÓPSIA CIRÚRGICA DE JOELHO","","","AMB","HCO","HSO","REF","","","MEMBROS INFERIORES","","PROCEDIMENTOS CIRÚRGICOS E INVASIVOS"
"","","","","","","","","","","ARTICULAÇÕES",""
"","","","","","","","","","","SISTEMA MÚSCULO-ESQUELÉTICO E",""
"BIÓPSIA CIRÚRGICA DE TÍBIA OU FÍBULA","","","AMB","HCO","HSO","REF","","","MEMBROS INFERIORES","","PROCEDIMENTOS CIRÚRGICOS E INVASIVOS"
"","","","","","","","","","","ARTICULAÇÕES",""
