"","RN","","","","","","","","","",""
"PROCEDIMENTO","VIGÊNCIA","OD","AMB","HCO","HSO","REF","PAC","DUT","SUBGRUPO","GRUPO","CAPÍTULO"
"","(alteração)","","","","","","","","","",""
"","","","","","","","","","CIRURGIA REPARADORA E FUNCIONAL DA","",""
"CORREÇÃO CIRÚRGICA DE DEPRESSÃO (AFUNDAMENTO) DA REGIÃO FRONTAL","","","","HCO","HSO","REF","","","","CABEÇA E PESCOÇO","PROCEDIMENTOS CIRÚRGICOS E INVASIVOS"
"","","","","","","","","FACE","","",""
"","","","","","","","","","CIRURGIA REPARADORA E FUNCIONAL DA","",""
"HEMIMANDIBULECTOMIA COM OU SEM ENXERTO ÓSSEO COM OU SEM COLOCAÇÃO DE PRÓTESE","","","","HCO","HSO","REF","","","","CABEÇA E PESCOÇO","PROCEDIMENTOS CIRÚRGICOS E INVASIVOS"
"","","","","","","","","FACE","","",""
"","","","","","","","","","CIRURGIA REPARADORA E FUNCIONAL DA","",""
"OSTEOPLASTIA PARA PROGNATISMO, MICROGNATISMO OU LATEROGNATISMO","","","","HCO","HSO","REF","","","","CABEÇA E PESCOÇO","PROCEDIMENTOS CIRÚRGICOS E INVASIVOS"
"","","","","","","","","FACE","","",""
"","","","","","","","","","CIRURGIA REPARADORA E FUNCIONAL DA","",""
"OSTEOPLASTIAS DA ÓRBITA","","","","HCO","HSO","REF","","","","CABEÇA E PESCOÇO","PROCEDIMENTOS CIRÚRGICOS E INVASIVOS"
"","","","","","","","","FACE","","",""
"","","","","","","","","","CIRURGIA REPARADORA E FUNCIONAL DA","",""
"OSTEOPLASTIAS DE MANDÍBULA/MAXILA","","","","HCO","HSO","REF","","","","CABEÇA E PESCOÇO","PROCEDIMENTOS CIRÚRGICOS E INVASIVOS"
"","","","","","","","","FACE","","",""
"","","","","","","","","","CIRURGIA REPARADORA E FUNCIONAL DA","",""
"OSTEOPLASTIAS DO ARCO ZIGOMÁTICO","","","","HCO","HSO","REF","","","","CABEÇA E PESCOÇO","PROCEDIMENTOS CIRÚRGICOS E INVASIVOS"
"","","","","","","","","FACE","","",""
"","","","","","","","","","CIRURGIA REPARADORA E FUNCIONAL DA","",""
"OSTEOPLASTIAS ETMÓIDO ORBITAIS","","","","HCO","HSO","REF","","","","CABEÇA E PESCOÇO","PROCEDIMENTOS CIRÚRGICOS E INVASIVOS"
"","","","","","","","","FACE","","",""
"","","","","","","","","","CIRURGIA REPARADORA E FUNCIONAL DA","",""
"OSTEOTOMIA CRÂNIO-MAXILARES","","","","HCO","HSO","REF","","","","CABEÇA E PESCOÇO","PROCEDIMENTOS CIRÚRGICOS E INVASIVOS"
"","","","","","","","","FACE","","",""
"","","","","","","","","","CIRURGIA REPARADORA E FUNCIONAL DA","",""
"OSTEOTOMIA E OSTEOPLASTIA DE MANDÍBULA PARA LATEROGNATISMO","","","","HCO","HSO","REF","","","","CABEÇA E PESCOÇO","PROCEDIMENTOS CIRÚRGICOS E INVASIVOS"
"","","","","","","","","FACE","","",""
"","","","","","","","","","CIRURGIA REPARADORA E FUNCIONAL DA","",""
"OSTEOTOMIAS ALVÉOLO PALATINAS","","","","HCO","HSO","REF","","","","CABEÇA E PESCOÇO","PROCEDIMENTOS CIRÚRGICOS E INVASIVOS"
"","","","","","","","","FACE","","",""
"","","","","","","","","","CIRURGIA REPARADORA E FUNCIONAL DA","",""
"OSTEOTOMIAS DOS MAXILARES OU MALARES","","","","HCO","HSO","REF","","","","CABEÇA E PESCOÇO","PROCEDIMENTOS CIRÚRGICOS E INVASIVOS"
"","","","","","","","","FACE","","",""
"OSTEOTOMIA DA MANDÍBULA E/OU MAXILA COM APLICAÇÃO DE OSTEODISTRATOR (COM DIRETRIZ DE","","","","","","","","","CIRURGIA REPARADORA E FUNCIONAL DA","",""
"","","","","HCO","HSO","REF","","144","","CABEÇA E PESCOÇO","PROCEDIMENTOS CIRÚRGICOS E INVASIVOS"
"UTILIZAÇÃO)","","","","","","","","FACE","","",""
"","","","","","","","","","CIRURGIA REPARADORA E FUNCIONAL DA","",""
"RECONSTRUÇÃO DE MANDÍBULA/MAXILA COM PRÓTESE E OU ENXERTO ÓSSEO","","","","HCO","HSO","REF","","","","CABEÇA E PESCOÇO","PROCEDIMENTOS CIRÚRGICOS E INVASIVOS"
"","","","","","","","","FACE","","",""
"","","","","","","","","","CIRURGIA REPARADORA E FUNCIONAL DA","",""
"REDUÇÃO SIMPLES DA LUXAÇÃO DA ARTICULAÇÃO TÊMPORO-MANDIBULAR COM FIXAÇÃO INTERMAXILAR","","","","HCO","HSO","REF","","","","CABEÇA E PESCOÇO","PROCEDIMENTOS CIRÚRGICOS E INVASIVOS"
"","","","","","","","","FACE","","",""
"","","","","","","","","","CIRURGIA REPARADORA E FUNCIONAL DA","",""
"RETIRADA DE CORPO ESTRANHO DA REGIÃO BUCO-MAXILO-FACIAL","","","","HCO","HSO","REF","","","","CABEÇA E PESCOÇO","PROCEDIMENTOS CIRÚRGICOS E INVASIVOS"
"","","","","","","","","FACE","","",""
"","","","","","","","","","CIRURGIA REPARADORA E FUNCIONAL DA","",""
"SUTURA DE FERIDA EM REGIÃO BUCO-MAXILO-FACIAL (COM DIRETRIZ DE UTILIZAÇÃO)","","OD","AMB","HCO","HSO","REF","","97","","CABEÇA E PESCOÇO","PROCEDIMENTOS CIRÚRGICOS E INVASIVOS"
"","","","","","","","","FACE","","",""
"","","","","","","","","","CIRURGIA REPARADORA E FUNCIONAL DA","",""
"TRATAMENTO CIRÚRGICO DE ANQUILOSE DA ARTICULAÇÃO TÊMPORO MANDIBULAR","","","","HCO","HSO","REF","","","","CABEÇA E PESCOÇO","PROCEDIMENTOS CIRÚRGICOS E INVASIVOS"
"","","","","","","","","FACE","","",""
"","","","","","","","","","CIRURGIA REPARADORA E FUNCIONAL DA","",""
"TRATAMENTO CIRÚRGICO DE CISTOS","","","","HCO","HSO","REF","","","","CABEÇA E PESCOÇO","PROCEDIMENTOS CIRÚRGICOS E INVASIVOS"
"","","","","","","","","FACE","","",""
"","","","","","","","","","CIRURGIA REPARADORA E FUNCIONAL DA","",""
"TRATAMENTO CIRÚRGICO DE FÍSTULA BUCO-MAXILO-FACIAL E BUCO NASAL","","","","HCO","HSO","REF","","","","CABEÇA E PESCOÇO","PROCEDIMENTOS CIRÚRGICOS E INVASIVOS"
"","","","","","","","","FACE","","",""
