"","RN","","","","","","","","","","",""
"PROCEDIMENTO","VIGÊNCIA","OD","AMB","HCO","HSO","REF","PAC","DUT","","SUBGRUPO","GRUPO","CAPÍTULO"
"","(alteração)","","","","","","","","","","",""
"OPERAÇÃO COMPOSTA COM ESVAZIAMENTO CERVICAL E RECONSTRUÇÃO À CUSTA DE RETALHOS","","","","","","","","","","","",""
"","","","","HCO","HSO","REF","","","BOCA","","CABEÇA E PESCOÇO","PROCEDIMENTOS CIRÚRGICOS E INVASIVOS"
"OSTEOMIOCUTÂNEOS","","","","","","","","","","","",""
"PALATOPLASTIA COM RETALHO OU ENXERTO","","","","HCO","HSO","REF","","","BOCA","","CABEÇA E PESCOÇO","PROCEDIMENTOS CIRÚRGICOS E INVASIVOS"
"PALATOPLASTIA PARCIAL OU TOTAL","","","","HCO","HSO","REF","","","BOCA","","CABEÇA E PESCOÇO","PROCEDIMENTOS CIRÚRGICOS E INVASIVOS"
"PALATO-QUEILOPLASTIA","","","","HCO","HSO","REF","","","BOCA","","CABEÇA E PESCOÇO","PROCEDIMENTOS CIRÚRGICOS E INVASIVOS"
"PLÁSTICA DO DUCTO PAROTÍDEO","","","","HCO","HSO","REF","","","BOCA","","CABEÇA E PESCOÇO","PROCEDIMENTOS CIRÚRGICOS E INVASIVOS"
"PULPOTOMIA","","OD","","","","","","","BOCA","","CABEÇA E PESCOÇO","PROCEDIMENTOS CIRÚRGICOS E INVASIVOS"
"PULPOTOMIA EM DENTE DECÍDUO","","OD","","","","","","","BOCA","","CABEÇA E PESCOÇO","PROCEDIMENTOS CIRÚRGICOS E INVASIVOS"
"COLETA DE RASPADO EM LESÕES OU SÍTIOS ESPECÍFICOS DA REGIÃO BUCO-MAXILO-FACIAL","","OD","","","","","","","BOCA","","CABEÇA E PESCOÇO","PROCEDIMENTOS CIRÚRGICOS E INVASIVOS"
"PUNÇÃO ASPIRATIVA NA REGIÃO BUCO-MAXILO-FACIAL","","OD","","","","","","","BOCA","","CABEÇA E PESCOÇO","PROCEDIMENTOS CIRÚRGICOS E INVASIVOS"
"RASPAGEM SUB-GENGIVAL E ALISAMENTO RADICULAR/CURETAGEM DE BOLSA PERIODONTAL","","OD","","","","","","","BOCA","","CABEÇA E PESCOÇO","PROCEDIMENTOS CIRÚRGICOS E INVASIVOS"
"RASPAGEM SUPRA-GENGIVAL E POLIMENTO CORONÁRIO","","OD","","","","","","","BOCA","","CABEÇA E PESCOÇO","PROCEDIMENTOS CIRÚRGICOS E INVASIVOS"
"REABILITAÇÃO COM COROA DE ACETATO, AÇO OU POLICARBONATO (COM DIRETRIZ DE UTILIZAÇÃO)","","OD","","","","","","89","BOCA","","CABEÇA E PESCOÇO","PROCEDIMENTOS CIRÚRGICOS E INVASIVOS"
"REABILITAÇÃO COM COROA TOTAL DE CERÔMERO UNITÁRIA - INCLUI A PEÇA PROTÉTICA (COM DIRETRIZ DE","","","","","","","","","","","",""
"","","OD","","","","","","92","BOCA","","CABEÇA E PESCOÇO","PROCEDIMENTOS CIRÚRGICOS E INVASIVOS"
"UTILIZAÇÃO)","","","","","","","","","","","",""
"REABILITAÇÃO COM COROA TOTAL METÁLICA UNITÁRIA- INCLUI A PEÇA PROTÉTICA (COM DIRETRIZ DE","","","","","","","","","","","",""
"","","OD","","","","","","93","BOCA","","CABEÇA E PESCOÇO","PROCEDIMENTOS CIRÚRGICOS E INVASIVOS"
"UTILIZAÇÃO)","","","","","","","","","","","",""
"REABILITAÇÃO COM NÚCLEO METÁLICO FUNDIDO/NÚCLEO PRÉ-FABRICADO - INCLUI A PEÇA PROTÉTICA","","","","","","","","","","","",""
"","","OD","","","","","","94","BOCA","","CABEÇA E PESCOÇO","PROCEDIMENTOS CIRÚRGICOS E INVASIVOS"
"(COM DIRETRIZ DE UTILIZAÇÃO)","","","","","","","","","","","",""
"REABILITAÇÃO COM RESTAURAÇÃO METÁLICA FUNDIDA (RMF) UNITÁRIA - INCLUI A PEÇA PROTÉTICA (COM","","","","","","","","","","","",""
"","","OD","","","","","","95","BOCA","","CABEÇA E PESCOÇO","PROCEDIMENTOS CIRÚRGICOS E INVASIVOS"
"DIRETRIZ DE UTILIZAÇÃO)","","","","","","","","","","","",""
"RECIMENTAÇÃO DE PEÇA/TRABALHO PROTÉTICO","","OD","","","","","","","BOCA","","CABEÇA E PESCOÇO","PROCEDIMENTOS CIRÚRGICOS E INVASIVOS"
"RECONSTRUÇÃO DE SULCO GENGIVO-LABIAL","","OD","","","","","","","BOCA","","CABEÇA E PESCOÇO","PROCEDIMENTOS CIRÚRGICOS E INVASIVOS"
"REDUÇÃO CRUENTA DE FRATURA ALVÉOLO DENTÁRIA","","OD","","","","","","","BOCA","","CABEÇA E PESCOÇO","PROCEDIMENTOS CIRÚRGICOS E INVASIVOS"
