"","RN","","","","","","","","","",""
"PROCEDIMENTO","VIGÊNCIA","OD","AMB","HCO","HSO","REF","PAC","DUT","SUBGRUPO","GRUPO","CAPÍTULO"
"","(alteração)","","","","","","","","","",""
"","","","","","","","","","","ELETROFISIOLÓGICOS / MECÂNICOS E","PROCEDIMENTOS DIAGNÓSTICOS E"
"AVALIAÇÃO DO PROCESSAMENTO AUDITIVO CENTRAL (COM DIRETRIZ DE UTILIZAÇÃO)","","","AMB","HCO","HSO","REF","","5
SISTEMA NERVOSO","","",""
"","","","","","","","","","","FUNCIONAIS","TERAPÊUTICOS"
"","","","","","","","","","","ELETROFISIOLÓGICOS / MECÂNICOS E","PROCEDIMENTOS DIAGNÓSTICOS E"
"EEG INTRA-OPERATÓRIO PARA MONITORIZAÇÃO CIRÚRGICA NÃO NEUROLÓGICA (EEG/IO)","","","","HCO","HSO","REF","","SISTEMA NERVOSO","","",""
"","","","","","","","","","","FUNCIONAIS","TERAPÊUTICOS"
"ELETROENCEFALOGRAMA DIGITAL QUANTITATIVO (MAPEAMENTO CEREBRAL) COM OU SEM ANÁLISE DE","","","","","","","","","","ELETROFISIOLÓGICOS / MECÂNICOS E","PROCEDIMENTOS DIAGNÓSTICOS E"
"","","","AMB","HCO","HSO","REF","PAC","SISTEMA NERVOSO","","",""
"COERÊNCIA","","","","","","","","","","FUNCIONAIS","TERAPÊUTICOS"
"","","","","","","","","","","ELETROFISIOLÓGICOS / MECÂNICOS E","PROCEDIMENTOS DIAGNÓSTICOS E"
"ELETROCOCLEOGRAFIA (ECOCHG)","","","AMB","HCO","HSO","REF","","SISTEMA NERVOSO","","",""
"","","","","","","","","","","FUNCIONAIS","TERAPÊUTICOS"
"","","","","","","","","","","ELETROFISIOLÓGICOS / MECÂNICOS E","PROCEDIMENTOS DIAGNÓSTICOS E"
"ELETROCORTICOGRAFIA INTRA-OPERATÓRIA (ECOG)","","","","HCO","HSO","REF","","SISTEMA NERVOSO","","",""
"","","","","","","","","","","FUNCIONAIS","TERAPÊUTICOS"
"ELETROENCEFALOGRAMA ESPECIAL: TERAPIA INTENSIVA, MORTE CEREBRAL, SONO, SEDAÇÃO, EEG","","","","","","","","","","ELETROFISIOLÓGICOS / MECÂNICOS E","PROCEDIMENTOS DIAGNÓSTICOS E"
"","","","","HCO","HSO","REF","","SISTEMA NERVOSO","","",""
"PROLONGADO","","","","","","","","","","FUNCIONAIS","TERAPÊUTICOS"
"ELETROENCEFALOGRAMA DE ROTINA, VIGÍLIA OU SONO, HIPERVENTILAÇÃO, FOTOESTIMULAÇÃO,","","","","","","","","","","ELETROFISIOLÓGICOS / MECÂNICOS E","PROCEDIMENTOS DIAGNÓSTICOS E"
"","","","AMB","HCO","HSO","REF","","SISTEMA NERVOSO","","",""
"ANALÓGICO OU DIGITAL (EEG/R)","","","","","","","","","","FUNCIONAIS","TERAPÊUTICOS"
"","","","","","","","","","","ELETROFISIOLÓGICOS / MECÂNICOS E","PROCEDIMENTOS DIAGNÓSTICOS E"
"ELETROGLOTOGRAFIA","","","AMB","HCO","HSO","REF","","SISTEMA NERVOSO","","",""
"","","","","","","","","","","FUNCIONAIS","TERAPÊUTICOS"
"ELETRONEUROMIOGRAFIA DE QUALQUER SEGMENTO COM OU SEM REGISTRO DE MOVIMENTO","","","","","","","","","","ELETROFISIOLÓGICOS / MECÂNICOS E","PROCEDIMENTOS DIAGNÓSTICOS E"
"","","","AMB","HCO","HSO","REF","","SISTEMA NERVOSO","","",""
"INVOLUNTÁRIO","","","","","","","","","","FUNCIONAIS","TERAPÊUTICOS"
"","","","","","","","","","","ELETROFISIOLÓGICOS / MECÂNICOS E","PROCEDIMENTOS DIAGNÓSTICOS E"
"ELETRONEUROMIOGRAFIA GENITOPERINEAL","","","AMB","HCO","HSO","REF","","SISTEMA NERVOSO","","",""
"","","","","","","","","","","FUNCIONAIS","TERAPÊUTICOS"
"","","","","","","","","","","ELETROFISIOLÓGICOS / MECÂNICOS E","PROCEDIMENTOS DIAGNÓSTICOS E"
"ELETRO-OCULOGRAFIA","","","AMB","HCO","HSO","REF","","SISTEMA NERVOSO","","",""
"","","","","","","","","","","FUNCIONAIS","TERAPÊUTICOS"
"","","","","","","","","","","ELETROFISIOLÓGICOS / MECÂNICOS E","PROCEDIMENTOS DIAGNÓSTICOS E"
"ELETRO-RETINOGRAFIA","","","AMB","HCO","HSO","REF","","SISTEMA NERVOSO","","",""
"","","","","","","","","","","FUNCIONAIS","TERAPÊUTICOS"
"","","","","","","","","","","ELETROFISIOLÓGICOS / MECÂNICOS E","PROCEDIMENTOS DIAGNÓSTICOS E"
"EMG PARA MONITORAÇÃO DE QUIMODENERVAÇÃO","","","AMB","HCO","HSO","REF","","SISTEMA NERVOSO","","",""
"","","","","","","","","","","FUNCIONAIS","TERAPÊUTICOS"
"","","","","","","","","","","ELETROFISIOLÓGICOS / MECÂNICOS E","PROCEDIMENTOS DIAGNÓSTICOS E"
"EMG QUANTITATIVA OU EMG DE FIBRA ÚNICA","","","AMB","HCO","HSO","REF","","SISTEMA NERVOSO","","",""
"","","","","","","","","","","FUNCIONAIS","TERAPÊUTICOS"
"","","","","","","","","","","ELETROFISIOLÓGICOS / MECÂNICOS E","PROCEDIMENTOS DIAGNÓSTICOS E"
"ESPECTROGRAFIA VOCAL","","","AMB","HCO","HSO","REF","","SISTEMA NERVOSO","","",""
"","","","","","","","","","","FUNCIONAIS","TERAPÊUTICOS"
"","","","","","","","","","","ELETROFISIOLÓGICOS / MECÂNICOS E","PROCEDIMENTOS DIAGNÓSTICOS E"
"GUSTOMETRIA","","","AMB","HCO","HSO","REF","","SISTEMA NERVOSO","","",""
"","","","","","","","","","","FUNCIONAIS","TERAPÊUTICOS"
"","","","","","","","","","","ELETROFISIOLÓGICOS / MECÂNICOS E","PROCEDIMENTOS DIAGNÓSTICOS E"
"IMPEDANCIOMETRIA (MEDIDAS DE IMITÂNCIA ACÚSTICA)","","","AMB","HCO","HSO","REF","","SISTEMA NERVOSO","","",""
"","","","","","","","","","","FUNCIONAIS","TERAPÊUTICOS"
"","","","","","","","","","","ELETROFISIOLÓGICOS / MECÂNICOS E","PROCEDIMENTOS DIAGNÓSTICOS E"
"MÉTODO DE PROETZ","","","AMB","HCO","HSO","REF","","SISTEMA NERVOSO","","",""
"","","","","","","","","","","FUNCIONAIS","TERAPÊUTICOS"
"","","","","","","","","","","ELETROFISIOLÓGICOS / MECÂNICOS E","PROCEDIMENTOS DIAGNÓSTICOS E"
"OSCILOMETRIA","","","AMB","HCO","HSO","REF","","SISTEMA NERVOSO","","",""
"","","","","","","","","","","FUNCIONAIS","TERAPÊUTICOS"
