"","RN","","","","","","","","","","",""
"PROCEDIMENTO","VIGÊNCIA","OD","AMB","HCO","HSO","REF","PAC","DUT","","SUBGRUPO","GRUPO","CAPÍTULO"
"","(alteração)","","","","","","","","","","",""
"TRAQUEORRAFIA","","","","HCO","HSO","REF","","","TRAQUÉIA","","SISTEMA RESPIRATÓRIO E MEDIASTINO","PROCEDIMENTOS CIRÚRGICOS E INVASIVOS"
"TRAQUEORRAFIA POR VIDEOTORACOSCOPIA","","","","HCO","HSO","REF","","","TRAQUÉIA","","SISTEMA RESPIRATÓRIO E MEDIASTINO","PROCEDIMENTOS CIRÚRGICOS E INVASIVOS"
"TRAQUEOSTOMIA","","","AMB","HCO","HSO","REF","","","TRAQUÉIA","","SISTEMA RESPIRATÓRIO E MEDIASTINO","PROCEDIMENTOS CIRÚRGICOS E INVASIVOS"
"TRAQUEOSTOMIA COM COLOCAÇÃO DE ÓRTESE OU PRÓTESE TRAQUEAL OU TRAQUEOBRÔNQUICA","","","","HCO","HSO","REF","","","TRAQUÉIA","","SISTEMA RESPIRATÓRIO E MEDIASTINO","PROCEDIMENTOS CIRÚRGICOS E INVASIVOS"
"TRAQUEOSTOMIA MEDIASTINAL","","","","HCO","HSO","REF","","","TRAQUÉIA","","SISTEMA RESPIRATÓRIO E MEDIASTINO","PROCEDIMENTOS CIRÚRGICOS E INVASIVOS"
"TRAQUEOTOMIA OU FECHAMENTO CIRÚRGICO","","","","HCO","HSO","REF","","","TRAQUÉIA","","SISTEMA RESPIRATÓRIO E MEDIASTINO","PROCEDIMENTOS CIRÚRGICOS E INVASIVOS"
"TRATAMENTO CIRÚRGICO DE FÍSTULA TRAQUEOESOFÁGICA ADQUIRIDA","","","","HCO","HSO","REF","","","TRAQUÉIA","","SISTEMA RESPIRATÓRIO E MEDIASTINO","PROCEDIMENTOS CIRÚRGICOS E INVASIVOS"
"TROCA DE PRÓTESE TRÁQUEO-ESOFÁGICA","","","","HCO","HSO","REF","","","TRAQUÉIA","","SISTEMA RESPIRATÓRIO E MEDIASTINO","PROCEDIMENTOS CIRÚRGICOS E INVASIVOS"
"BRONCOPLASTIA E/OU ARTERIOPLASTIA","","","","HCO","HSO","REF","","","BRÔNQUIOS","","SISTEMA RESPIRATÓRIO E MEDIASTINO","PROCEDIMENTOS CIRÚRGICOS E INVASIVOS"
"BRONCOPLASTIA E/OU ARTERIOPLASTIA POR VIDEOTORACOSCOPIA","","","","HCO","HSO","REF","","","BRÔNQUIOS","","SISTEMA RESPIRATÓRIO E MEDIASTINO","PROCEDIMENTOS CIRÚRGICOS E INVASIVOS"
"BRONCOTOMIA E/OU BRONCORRAFIA","","","","HCO","HSO","REF","","","BRÔNQUIOS","","SISTEMA RESPIRATÓRIO E MEDIASTINO","PROCEDIMENTOS CIRÚRGICOS E INVASIVOS"
"BRONCOTOMIA E/OU BRONCORRAFIA POR VIDEOTORACOSCOPIA","","","","HCO","HSO","REF","","","BRÔNQUIOS","","SISTEMA RESPIRATÓRIO E MEDIASTINO","PROCEDIMENTOS CIRÚRGICOS E INVASIVOS"
"COLOCAÇÃO DE MOLDE BRÔNQUICO POR TORACOTOMIA","","","","HCO","HSO","REF","","","BRÔNQUIOS","","SISTEMA RESPIRATÓRIO E MEDIASTINO","PROCEDIMENTOS CIRÚRGICOS E INVASIVOS"
"BULECTOMIA","","","","HCO","HSO","REF","","","PULMÃO","","SISTEMA RESPIRATÓRIO E MEDIASTINO","PROCEDIMENTOS CIRÚRGICOS E INVASIVOS"
"BULECTOMIA POR VIDEOTORACOSCOPIA","","","","HCO","HSO","REF","","","PULMÃO","","SISTEMA RESPIRATÓRIO E MEDIASTINO","PROCEDIMENTOS CIRÚRGICOS E INVASIVOS"
"CIRURGIA REDUTORA DO VOLUME PULMONAR","","","","HCO","HSO","REF","","","PULMÃO","","SISTEMA RESPIRATÓRIO E MEDIASTINO","PROCEDIMENTOS CIRÚRGICOS E INVASIVOS"
"CISTO PULMONAR CONGÊNITO - TRATAMENTO CIRÚRGICO","","","","HCO","HSO","REF","","","PULMÃO","","SISTEMA RESPIRATÓRIO E MEDIASTINO","PROCEDIMENTOS CIRÚRGICOS E INVASIVOS"
"CORREÇÃO DE FÍSTULA BRONCO-PLEURAL","","","","HCO","HSO","REF","","","PULMÃO","","SISTEMA RESPIRATÓRIO E MEDIASTINO","PROCEDIMENTOS CIRÚRGICOS E INVASIVOS"
"DRENAGEM TUBULAR ABERTA DE CAVIDADE PULMONAR","","","","HCO","HSO","REF","","","PULMÃO","","SISTEMA RESPIRATÓRIO E MEDIASTINO","PROCEDIMENTOS CIRÚRGICOS E INVASIVOS"
