"","RN","","","","","","","","","",""
"PROCEDIMENTO","VIGÊNCIA","OD","AMB","HCO","HSO","REF","PAC","DUT","SUBGRUPO","GRUPO","CAPÍTULO"
"","(alteração)","","","","","","","","","",""
"","","","","","","","","","","SISTEMA MÚSCULO-ESQUELÉTICO E",""
"DESCOMPRESSÃO MEDULAR E/OU CAUDA EQUINA","","","","HCO","HSO","REF","","","COLUNA VERTEBRAL","","PROCEDIMENTOS CIRÚRGICOS E INVASIVOS"
"","","","","","","","","","","ARTICULAÇÕES",""
"","","","","","","","","","","SISTEMA MÚSCULO-ESQUELÉTICO E",""
"FRATURA DO CÓCCIX - REDUÇÃO INCRUENTA","","","AMB","HCO","HSO","REF","","","COLUNA VERTEBRAL","","PROCEDIMENTOS CIRÚRGICOS E INVASIVOS"
"","","","","","","","","","","ARTICULAÇÕES",""
"","","","","","","","","","","SISTEMA MÚSCULO-ESQUELÉTICO E",""
"FRATURA DO CÓCCIX - TRATAMENTO CIRÚRGICO","","","","HCO","HSO","REF","","","COLUNA VERTEBRAL","","PROCEDIMENTOS CIRÚRGICOS E INVASIVOS"
"","","","","","","","","","","ARTICULAÇÕES",""
"","","","","","","","","","","SISTEMA MÚSCULO-ESQUELÉTICO E",""
"FRATURA E/OU LUXAÇÃO DE COLUNA VERTEBRAL - REDUÇÃO INCRUENTA","","","AMB","HCO","HSO","REF","","","COLUNA VERTEBRAL","","PROCEDIMENTOS CIRÚRGICOS E INVASIVOS"
"","","","","","","","","","","ARTICULAÇÕES",""
"","","","","","","","","","","SISTEMA MÚSCULO-ESQUELÉTICO E",""
"FRATURAS OU FRATURA-LUXAÇÃO DE COLUNA - TRATAMENTO CIRÚRGICO","","","","HCO","HSO","REF","","","COLUNA VERTEBRAL","","PROCEDIMENTOS CIRÚRGICOS E INVASIVOS"
"","","","","","","","","","","ARTICULAÇÕES",""
"","","","","","","","","","","SISTEMA MÚSCULO-ESQUELÉTICO E",""
"HEMIVÉRTEBRA - TRATAMENTO CIRÚRGICO","","","","HCO","HSO","REF","","","COLUNA VERTEBRAL","","PROCEDIMENTOS CIRÚRGICOS E INVASIVOS"
"","","","","","","","","","","ARTICULAÇÕES",""
"","","","","","","","","","","SISTEMA MÚSCULO-ESQUELÉTICO E",""
"HÉRNIA DE DISCO - TRATAMENTO CIRÚRGICO","","","","HCO","HSO","REF","","","COLUNA VERTEBRAL","","PROCEDIMENTOS CIRÚRGICOS E INVASIVOS"
"","","","","","","","","","","ARTICULAÇÕES",""
"","","","","","","","","","","SISTEMA MÚSCULO-ESQUELÉTICO E",""
"LAMINECTOMIA OU LAMINOTOMIA","","","","HCO","HSO","REF","","","COLUNA VERTEBRAL","","PROCEDIMENTOS CIRÚRGICOS E INVASIVOS"
"","","","","","","","","","","ARTICULAÇÕES",""
"","","","","","","","","","","SISTEMA MÚSCULO-ESQUELÉTICO E",""
"MICROCIRURGIA PARA TUMORES EXTRA OU INTRADURAIS","","","","HCO","HSO","REF","","","COLUNA VERTEBRAL","","PROCEDIMENTOS CIRÚRGICOS E INVASIVOS"
"","","","","","","","","","","ARTICULAÇÕES",""
"","","","","","","","","","","SISTEMA MÚSCULO-ESQUELÉTICO E",""
"OSTEOTOMIA DE COLUNA VERTEBRAL - TRATAMENTO CIRÚRGICO","","","","HCO","HSO","REF","","","COLUNA VERTEBRAL","","PROCEDIMENTOS CIRÚRGICOS E INVASIVOS"
"","","","","","","","","","","ARTICULAÇÕES",""
"","","","","","","","","","","SISTEMA MÚSCULO-ESQUELÉTICO E",""
"PSEUDARTROSE DE COLUNA - TRATAMENTO CIRÚRGICO","","","","HCO","HSO","REF","","","COLUNA VERTEBRAL","","PROCEDIMENTOS CIRÚRGICOS E INVASIVOS"
"","","","","","","","","","","ARTICULAÇÕES",""
"","","","","","","","","","","SISTEMA MÚSCULO-ESQUELÉTICO E",""
"REDUÇÃO INCRUENTA DE OUTRAS AFECÇÕES DA COLUNA","","","AMB","HCO","HSO","REF","","","COLUNA VERTEBRAL","","PROCEDIMENTOS CIRÚRGICOS E INVASIVOS"
"","","","","","","","","","","ARTICULAÇÕES",""
"","","","","","","","","","","SISTEMA MÚSCULO-ESQUELÉTICO E",""
"RETIRADA DE CORPO ESTRANHO - TRATAMENTO CIRÚRGICO","","","","HCO","HSO","REF","","","COLUNA VERTEBRAL","","PROCEDIMENTOS CIRÚRGICOS E INVASIVOS"
"","","","","","","","","","","ARTICULAÇÕES",""
"","","","","","","","","","","SISTEMA MÚSCULO-ESQUELÉTICO E",""
"RETIRADA DE MATERIAL DE SÍNTESE - TRATAMENTO CIRÚRGICO","","","","HCO","HSO","REF","","","COLUNA VERTEBRAL","","PROCEDIMENTOS CIRÚRGICOS E INVASIVOS"
"","","","","","","","","","","ARTICULAÇÕES",""
"","","","","","","","","","","SISTEMA MÚSCULO-ESQUELÉTICO E",""
"SUBSTITUIÇÃO DE CORPO VERTEBRAL","","","","HCO","HSO","REF","","","COLUNA VERTEBRAL","","PROCEDIMENTOS CIRÚRGICOS E INVASIVOS"
"","","","","","","","","","","ARTICULAÇÕES",""
"","","","","","","","","","","SISTEMA MÚSCULO-ESQUELÉTICO E",""
"TRAÇÃO CERVICAL TRANSESQUELÉTICA","","","","HCO","HSO","REF","","","COLUNA VERTEBRAL","","PROCEDIMENTOS CIRÚRGICOS E INVASIVOS"
"","","","","","","","","","","ARTICULAÇÕES",""
"","","","","","","","","","","SISTEMA MÚSCULO-ESQUELÉTICO E",""
"TRATAMENTO CIRÚRGICO DA CIFOSE INFANTIL","","","","HCO","HSO","REF","","","COLUNA VERTEBRAL","","PROCEDIMENTOS CIRÚRGICOS E INVASIVOS"
"","","","","","","","","","","ARTICULAÇÕES",""
"","","","","","","","","","","SISTEMA MÚSCULO-ESQUELÉTICO E",""
"TRATAMENTO CIRÚRGICO DA COSTELA CERVICAL","","","","HCO","HSO","REF","","","COLUNA VERTEBRAL","","PROCEDIMENTOS CIRÚRGICOS E INVASIVOS"
"","","","","","","","","","","ARTICULAÇÕES",""
"","","","","","","","","","","SISTEMA MÚSCULO-ESQUELÉTICO E",""
"TRATAMENTO CIRÚRGICO DA LESÃO TRAUMÁTICA RAQUIMEDULAR","","","","HCO","HSO","REF","","","COLUNA VERTEBRAL","","PROCEDIMENTOS CIRÚRGICOS E INVASIVOS"
"","","","","","","","","","","ARTICULAÇÕES",""
