"","RN","","","","","","","","","",""
"PROCEDIMENTO","VIGÊNCIA","OD","AMB","HCO","HSO","REF","PAC","DUT","","SUBGRUPO","GRUPO
CAPÍTULO"
"","(alteração)","","","","","","","","","",""
"","","","","","","","","","","","SISTEMA GENITAL E REPRODUTOR"
"PLÁSTICA DO FREIO BÁLANO-PREPUCIAL","","","AMB","HCO","HSO","REF","","","PÊNIS","","PROCEDIMENTOS CIRÚRGICOS E INVASIVOS"
"","","","","","","","","","","","MASCULINO"
"","","","","","","","","","","","SISTEMA GENITAL E REPRODUTOR"
"POSTECTOMIA","","","AMB","HCO","HSO","REF","","","PÊNIS","","PROCEDIMENTOS CIRÚRGICOS E INVASIVOS"
"","","","","","","","","","","","MASCULINO"
"","","","","","","","","","","","SISTEMA GENITAL E REPRODUTOR"
"PRIAPISMO - TRATAMENTO CIRÚRGICO","","","","HCO","HSO","REF","","","PÊNIS","","PROCEDIMENTOS CIRÚRGICOS E INVASIVOS"
"","","","","","","","","","","","MASCULINO"
"","","","","","","","","","","","SISTEMA GENITAL E REPRODUTOR"
"RECONSTRUÇÃO DE PÊNIS COM ENXERTO - PLÁSTICA TOTAL","","","","HCO","HSO","REF","","","PÊNIS","","PROCEDIMENTOS CIRÚRGICOS E INVASIVOS"
"","","","","","","","","","","","MASCULINO"
"","","","","","","","","","","","SISTEMA GENITAL E REPRODUTOR"
"REIMPLANTE DO PÊNIS","","","","HCO","HSO","REF","","","PÊNIS","","PROCEDIMENTOS CIRÚRGICOS E INVASIVOS"
"","","","","","","","","","","","MASCULINO"
"","","","","","","","","","","","SISTEMA GENITAL E REPRODUTOR"
"REVASCULARIZAÇÃO PENIANA","","","","HCO","HSO","REF","","","PÊNIS","","PROCEDIMENTOS CIRÚRGICOS E INVASIVOS"
"","","","","","","","","","","","MASCULINO"
"ABSCESSO PERINEAL - DRENAGEM CIRÚRGICA","","","AMB","HCO","HSO","REF","","","VULVA","","SISTEMA GENITAL E REPRODUTOR FEMININO PROCEDIMENTOS CIRÚRGICOS E INVASIVOS"
"BARTOLINECTOMIA","","","AMB","HCO","HSO","REF","","","VULVA","","SISTEMA GENITAL E REPRODUTOR FEMININO PROCEDIMENTOS CIRÚRGICOS E INVASIVOS"
"BIÓPSIA DE VULVA","","","AMB","HCO","HSO","REF","","","VULVA","","SISTEMA GENITAL E REPRODUTOR FEMININO PROCEDIMENTOS CIRÚRGICOS E INVASIVOS"
"CAUTERIZAÇÃO QUÍMICA, OU ELETROCAUTERIZAÇÃO, OU CRIOCAUTERIZAÇÃO DE LESÕES DA VULVA","","","","HCO","HSO","REF","","","VULVA","","SISTEMA GENITAL E REPRODUTOR FEMININO PROCEDIMENTOS CIRÚRGICOS E INVASIVOS"
"CLITORIDECTOMIA","","","AMB","HCO","HSO","REF","","","VULVA","","SISTEMA GENITAL E REPRODUTOR FEMININO PROCEDIMENTOS CIRÚRGICOS E INVASIVOS"
"CLITOROPLASTIA","","","","HCO","HSO","REF","","","VULVA","","SISTEMA GENITAL E REPRODUTOR FEMININO PROCEDIMENTOS CIRÚRGICOS E INVASIVOS"
"EXCISÃO RADICAL LOCAL DA VULVA","","","","HCO","HSO","REF","","","VULVA","","SISTEMA GENITAL E REPRODUTOR FEMININO PROCEDIMENTOS CIRÚRGICOS E INVASIVOS"
"EXÉRESE DE GLÂNDULA DE SKENE","","","AMB","HCO","HSO","REF","","","VULVA","","SISTEMA GENITAL E REPRODUTOR FEMININO PROCEDIMENTOS CIRÚRGICOS E INVASIVOS"
"EXÉRESE DE LESÃO DA VULVA E/OU DO PERÍNEO","","","AMB","HCO","HSO","REF","","","VULVA","","SISTEMA GENITAL E REPRODUTOR FEMININO PROCEDIMENTOS CIRÚRGICOS E INVASIVOS"
"HIPERTROFIA DOS PEQUENOS LÁBIOS - CORREÇÃO CIRÚRGICA","","","AMB","HCO","HSO","REF","","","VULVA","","SISTEMA GENITAL E REPRODUTOR FEMININO PROCEDIMENTOS CIRÚRGICOS E INVASIVOS"
"INCISÃO E DRENAGEM DA GLÂNDULA DE BARTHOLIN OU SKENE","","","AMB","HCO","HSO","REF","","","VULVA","","SISTEMA GENITAL E REPRODUTOR FEMININO PROCEDIMENTOS CIRÚRGICOS E INVASIVOS"
"MARSUPIALIZAÇÃO DA GLÂNDULA DE BARTHOLIN","","","AMB","HCO","HSO","REF","","","VULVA","","SISTEMA GENITAL E REPRODUTOR FEMININO PROCEDIMENTOS CIRÚRGICOS E INVASIVOS"
"VULVECTOMIA","","","","HCO","HSO","REF","","","VULVA","","SISTEMA GENITAL E REPRODUTOR FEMININO PROCEDIMENTOS CIRÚRGICOS E INVASIVOS"
