"","RN","","","","","","","","","",""
"PROCEDIMENTO","VIGÊNCIA","OD","AMB","HCO","HSO","REF","PAC","DUT","SUBGRUPO","GRUPO","CAPÍTULO"
"","(alteração)","","","","","","","","","",""
"RESSECÇÃO DE CISTO OU FÍSTULA DE ÚRACO","","","","HCO","HSO","REF","","","ABDOME, PAREDE E CAVIDADE","SISTEMA DIGESTIVO E ANEXOS","PROCEDIMENTOS CIRÚRGICOS E INVASIVOS"
"RESSECÇÃO DE CISTO OU FÍSTULA OU RESTOS DO DUCTO ONFALOMESENTÉRICO","","","","HCO","HSO","REF","","","ABDOME, PAREDE E CAVIDADE","SISTEMA DIGESTIVO E ANEXOS","PROCEDIMENTOS CIRÚRGICOS E INVASIVOS"
"RESSUTURA DA PAREDE ABDOMINAL (POR DEISCÊNCIA TOTAL OU EVISCERAÇÃO)","","","","HCO","HSO","REF","","","ABDOME, PAREDE E CAVIDADE","SISTEMA DIGESTIVO E ANEXOS","PROCEDIMENTOS CIRÚRGICOS E INVASIVOS"
"TERATOMA SACRO-COCCÍGEO - EXÉRESE","","","","HCO","HSO","REF","","","ABDOME, PAREDE E CAVIDADE","SISTEMA DIGESTIVO E ANEXOS","PROCEDIMENTOS CIRÚRGICOS E INVASIVOS"
"VIDEOLAPAROSCOPIA PARA DIAGNÓSTICO COM OU SEM BIÓPSIAS E PARA OS PROCEDIMENTOS DE","","","","","","","","","","",""
"","","","AMB","HCO","HSO","REF","","","ABDOME, PAREDE E CAVIDADE","SISTEMA DIGESTIVO E ANEXOS","PROCEDIMENTOS CIRÚRGICOS E INVASIVOS"
"DRENAGEM DE COLEÇÕES, LIBERAÇÃO DE BRIDAS/ADERÊNCIAS E/OU RAFIAS","","","","","","","","","","",""
"ABSCESSO RENAL OU PERI-RENAL - DRENAGEM PERCUTÂNEA","","","","HCO","HSO","REF","","","RIM, BACINETE E SUPRA-RENAL","SISTEMA URINÁRIO","PROCEDIMENTOS CIRÚRGICOS E INVASIVOS"
"ABSCESSO RENAL OU PERI-RENAL DRENAGEM CIRÚRGICA","","","","HCO","HSO","REF","","","RIM, BACINETE E SUPRA-RENAL","SISTEMA URINÁRIO","PROCEDIMENTOS CIRÚRGICOS E INVASIVOS"
"ADRENALECTOMIA","","","","HCO","HSO","REF","","","RIM, BACINETE E SUPRA-RENAL","SISTEMA URINÁRIO","PROCEDIMENTOS CIRÚRGICOS E INVASIVOS"
"ADRENALECTOMIA LAPAROSCÓPICA","","","","HCO","HSO","REF","","","RIM, BACINETE E SUPRA-RENAL","SISTEMA URINÁRIO","PROCEDIMENTOS CIRÚRGICOS E INVASIVOS"
"ANGIOPLASTIA RENAL","","","","HCO","HSO","REF","","","RIM, BACINETE E SUPRA-RENAL","SISTEMA URINÁRIO","PROCEDIMENTOS CIRÚRGICOS E INVASIVOS"
"ANGIOPLASTIA RENAL TRANSLUMINAL","","","","HCO","HSO","REF","PAC","","RIM, BACINETE E SUPRA-RENAL","SISTEMA URINÁRIO","PROCEDIMENTOS CIRÚRGICOS E INVASIVOS"
"AUTOTRANSPLANTE RENAL","","","","HCO","HSO","REF","","","RIM, BACINETE E SUPRA-RENAL","SISTEMA URINÁRIO","PROCEDIMENTOS CIRÚRGICOS E INVASIVOS"
"BIÓPSIA RENAL CIRÚRGICA","","","","HCO","HSO","REF","","","RIM, BACINETE E SUPRA-RENAL","SISTEMA URINÁRIO","PROCEDIMENTOS CIRÚRGICOS E INVASIVOS"
"CISTO RENAL - ESCLEROTERAPIA PERCUTÂNEA","","","AMB","HCO","HSO","REF","","","RIM, BACINETE E SUPRA-RENAL","SISTEMA URINÁRIO","PROCEDIMENTOS CIRÚRGICOS E INVASIVOS"
"ENDOPIELOTOMIA","","","","HCO","HSO","REF","","","RIM, BACINETE E SUPRA-RENAL","SISTEMA URINÁRIO","PROCEDIMENTOS CIRÚRGICOS E INVASIVOS"
"ESTENOSE DE JUNÇÃO PIELOURETERAL - TRATAMENTO CIRÚRGICO","","","","HCO","HSO","REF","","","RIM, BACINETE E SUPRA-RENAL","SISTEMA URINÁRIO","PROCEDIMENTOS CIRÚRGICOS E INVASIVOS"
"FÍSTULA PIELO-CUTÂNEA - TRATAMENTO CIRÚRGICO","","","","HCO","HSO","REF","","","RIM, BACINETE E SUPRA-RENAL","SISTEMA URINÁRIO","PROCEDIMENTOS CIRÚRGICOS E INVASIVOS"
"LOMBOTOMIA EXPLORADORA","","","","HCO","HSO","REF","","","RIM, BACINETE E SUPRA-RENAL","SISTEMA URINÁRIO","PROCEDIMENTOS CIRÚRGICOS E INVASIVOS"
"MARSUPIALIZAÇÃO DE CISTOS RENAIS","","","","HCO","HSO","REF","","","RIM, BACINETE E SUPRA-RENAL","SISTEMA URINÁRIO","PROCEDIMENTOS CIRÚRGICOS E INVASIVOS"
