"","RN","","","","","","","","","",""
"PROCEDIMENTO","VIGÊNCIA","OD","AMB","HCO","HSO","REF","PAC","DUT","SUBGRUPO","GRUPO","CAPÍTULO"
"","(alteração)","","","","","","","","","",""
"","","","","","","","","","","SISTEMA MÚSCULO-ESQUELÉTICO E",""
"FRATURAS DE FÍBULA (INCLUI O DESCOLAMENTO EPIFISÁRIO) - TRATAMENTO CIRÚRGICO","","","","HCO","HSO","REF","","","MEMBROS INFERIORES","","PROCEDIMENTOS CIRÚRGICOS E INVASIVOS"
"","","","","","","","","","","ARTICULAÇÕES",""
"FRATURAS DE TÍBIA ASSOCIADA OU NÃO A FÍBULA (INCLUI DESCOLAMENTO EPIFISÁRIO) - TRATAMENTO","","","","","","","","","","SISTEMA MÚSCULO-ESQUELÉTICO E",""
"","","","","HCO","HSO","REF","","","MEMBROS INFERIORES","","PROCEDIMENTOS CIRÚRGICOS E INVASIVOS"
"CIRÚRGICO","","","","","","","","","","ARTICULAÇÕES",""
"","","","","","","","","","","SISTEMA MÚSCULO-ESQUELÉTICO E",""
"FRATURAS DE TÍBIA E FÍBULA (INCLUI DESCOLAMENTO EPIFISÁRIO) - REDUÇÃO INCRUENTA","","","AMB","HCO","HSO","REF","","","MEMBROS INFERIORES","","PROCEDIMENTOS CIRÚRGICOS E INVASIVOS"
"","","","","","","","","","","ARTICULAÇÕES",""
"","","","","","","","","","","SISTEMA MÚSCULO-ESQUELÉTICO E",""
"FRATURAS E/OU LUXAÇÕES AO NÍVEL DO JOELHO - REDUÇÃO INCRUENTA","","","AMB","HCO","HSO","REF","","","MEMBROS INFERIORES","","PROCEDIMENTOS CIRÚRGICOS E INVASIVOS"
"","","","","","","","","","","ARTICULAÇÕES",""
"","","","","","","","","","","SISTEMA MÚSCULO-ESQUELÉTICO E",""
"FRATURAS E/OU LUXAÇÕES AO NÍVEL DO JOELHO - TRATAMENTO CIRÚRGICO","","","","HCO","HSO","REF","","","MEMBROS INFERIORES","","PROCEDIMENTOS CIRÚRGICOS E INVASIVOS"
"","","","","","","","","","","ARTICULAÇÕES",""
"","","","","","","","","","","SISTEMA MÚSCULO-ESQUELÉTICO E",""
"FRATURAS E/OU LUXAÇÕES AO NÍVEL DO TORNOZELO - REDUÇÃO INCRUENTA","","","AMB","HCO","HSO","REF","","","MEMBROS INFERIORES","","PROCEDIMENTOS CIRÚRGICOS E INVASIVOS"
"","","","","","","","","","","ARTICULAÇÕES",""
"","","","","","","","","","","SISTEMA MÚSCULO-ESQUELÉTICO E",""
"FRATURAS E/OU LUXAÇÕES AO NÍVEL DO TORNOZELO - TRATAMENTO CIRÚRGICO","","","","HCO","HSO","REF","","","MEMBROS INFERIORES","","PROCEDIMENTOS CIRÚRGICOS E INVASIVOS"
"","","","","","","","","","","ARTICULAÇÕES",""
"","","","","","","","","","","SISTEMA MÚSCULO-ESQUELÉTICO E",""
"FRATURAS E/OU LUXAÇÕES DO ANTEPÉ - REDUÇÃO INCRUENTA","","","AMB","HCO","HSO","REF","","","MEMBROS INFERIORES","","PROCEDIMENTOS CIRÚRGICOS E INVASIVOS"
"","","","","","","","","","","ARTICULAÇÕES",""
"","","","","","","","","","","SISTEMA MÚSCULO-ESQUELÉTICO E",""
"FRATURAS E/OU LUXAÇÕES DO ANTEPÉ - TRATAMENTO CIRÚRGICO","","","","HCO","HSO","REF","","","MEMBROS INFERIORES","","PROCEDIMENTOS CIRÚRGICOS E INVASIVOS"
"","","","","","","","","","","ARTICULAÇÕES",""
"FRATURAS, PSEUDARTROSES, CORREÇÃO DE DEFORMIDADES E ALONGAMENTOS COM FIXADOR EXTERNO","","","","","","","","","","SISTEMA MÚSCULO-ESQUELÉTICO E",""
"","","","","HCO","HSO","REF","","","MEMBROS INFERIORES","","PROCEDIMENTOS CIRÚRGICOS E INVASIVOS"
"DINÂMICO - TRATAMENTO CIRÚRGICO","","","","","","","","","","ARTICULAÇÕES",""
"","","","","","","","","","","SISTEMA MÚSCULO-ESQUELÉTICO E",""
"LESÕES LIGAMENTARES AGUDAS - REDUÇÃO INCRUENTA","","","AMB","HCO","HSO","REF","","","MEMBROS INFERIORES","","PROCEDIMENTOS CIRÚRGICOS E INVASIVOS"
"","","","","","","","","","","ARTICULAÇÕES",""
"","","","","","","","","","","SISTEMA MÚSCULO-ESQUELÉTICO E",""
"LESÕES LIGAMENTARES AGUDAS - TRATAMENTO CIRÚRGICO","","","","HCO","HSO","REF","","","MEMBROS INFERIORES","","PROCEDIMENTOS CIRÚRGICOS E INVASIVOS"
"","","","","","","","","","","ARTICULAÇÕES",""
"","","","","","","","","","","SISTEMA MÚSCULO-ESQUELÉTICO E",""
"LESÕES LIGAMENTARES AGUDAS AO NÍVEL DO TORNOZELO - REDUÇÃO INCRUENTA","","","AMB","HCO","HSO","REF","","","MEMBROS INFERIORES","","PROCEDIMENTOS CIRÚRGICOS E INVASIVOS"
"","","","","","","","","","","ARTICULAÇÕES",""
"","","","","","","","","","","SISTEMA MÚSCULO-ESQUELÉTICO E",""
"LESÕES LIGAMENTARES AGUDAS AO NÍVEL DO TORNOZELO - TRATAMENTO CIRÚRGICO","","","","HCO","HSO","REF","","","MEMBROS INFERIORES","","PROCEDIMENTOS CIRÚRGICOS E INVASIVOS"
"","","","","","","","","","","ARTICULAÇÕES",""
"","","","","","","","","","","SISTEMA MÚSCULO-ESQUELÉTICO E",""
"LESÕES LIGAMENTARES CRÔNICAS AO NÍVEL DO TORNOZELO - TRATAMENTO CIRÚRGICO","","","","HCO","HSO","REF","","","MEMBROS INFERIORES","","PROCEDIMENTOS CIRÚRGICOS E INVASIVOS"
"","","","","","","","","","","ARTICULAÇÕES",""
"","","","","","","","","","","SISTEMA MÚSCULO-ESQUELÉTICO E",""
"LESÕES LIGAMENTARES PERIFÉRICAS CRÔNICAS - TRATAMENTO CIRÚRGICO","","","","HCO","HSO","REF","","","MEMBROS INFERIORES","","PROCEDIMENTOS CIRÚRGICOS E INVASIVOS"
"","","","","","","","","","","ARTICULAÇÕES",""
"","","","","","","","","","","SISTEMA MÚSCULO-ESQUELÉTICO E",""
"LIBERAÇÃO LATERAL E FACECTOMIAS EM JOELHO","","","","HCO","HSO","REF","","","MEMBROS INFERIORES","","PROCEDIMENTOS CIRÚRGICOS E INVASIVOS"
"","","","","","","","","","","ARTICULAÇÕES",""
"","","","","","","","","","","SISTEMA MÚSCULO-ESQUELÉTICO E",""
"MENISCORRAFIA","","","","HCO","HSO","REF","","","MEMBROS INFERIORES","","PROCEDIMENTOS CIRÚRGICOS E INVASIVOS"
"","","","","","","","","","","ARTICULAÇÕES",""
"","","","","","","","","","","SISTEMA MÚSCULO-ESQUELÉTICO E",""
"OSTEOMIELITE DOS OSSOS DA PERNA - TRATAMENTO CIRÚRGICO","","","","HCO","HSO","REF","","","MEMBROS INFERIORES","","PROCEDIMENTOS CIRÚRGICOS E INVASIVOS"
"","","","","","","","","","","ARTICULAÇÕES",""
