"","RN","","","","","","","","","","",""
"PROCEDIMENTO","VIGÊNCIA","OD","AMB","HCO","HSO","REF","PAC","DUT","","SUBGRUPO","GRUPO","CAPÍTULO"
"","(alteração)","","","","","","","","","","",""
"","","","","","","","","","","","","PROCEDIMENTOS DIAGNÓSTICOS E"
"PLANIGRAFIA LINEAR DE CRÂNIO OU SELA TÚRCICA OU FACE OU MASTÓIDE","","","AMB","HCO","HSO","REF","","","RADIOGRAFIAS","","MÉTODOS DIAGNÓSTICOS POR IMAGEM",""
"","","","","","","","","","","","","TERAPÊUTICOS"
"","","","","","","","","","","","","PROCEDIMENTOS DIAGNÓSTICOS E"
"PNEUMOMIELOGRAFIA SEGMENTAR","","","AMB","HCO","HSO","REF","","","RADIOGRAFIAS","","MÉTODOS DIAGNÓSTICOS POR IMAGEM",""
"","","","","","","","","","","","","TERAPÊUTICOS"
"","","","","","","","","","","","","PROCEDIMENTOS DIAGNÓSTICOS E"
"PORTOGRAFIA TRANS-HEPÁTICA","","","AMB","HCO","HSO","REF","PAC","","RADIOGRAFIAS","","MÉTODOS DIAGNÓSTICOS POR IMAGEM",""
"","","","","","","","","","","","","TERAPÊUTICOS"
"","","","","","","","","","","","","PROCEDIMENTOS DIAGNÓSTICOS E"
"PUNÇÃO ASPIRATIVA ORIENTADA POR RX (ACRESCENTAR O EXAME DE BASE)","","","AMB","HCO","HSO","REF","","","RADIOGRAFIAS","","MÉTODOS DIAGNÓSTICOS POR IMAGEM",""
"","","","","","","","","","","","","TERAPÊUTICOS"
"","","","","","","","","","","","","PROCEDIMENTOS DIAGNÓSTICOS E"
"RADIOGRAFIA DE ABDOME AGUDO","","","AMB","HCO","HSO","REF","","","RADIOGRAFIAS","","MÉTODOS DIAGNÓSTICOS POR IMAGEM",""
"","","","","","","","","","","","","TERAPÊUTICOS"
"","","","","","","","","","","","","PROCEDIMENTOS DIAGNÓSTICOS E"
"RADIOGRAFIA DE ABDOME SIMPLES","","","AMB","HCO","HSO","REF","","","RADIOGRAFIAS","","MÉTODOS DIAGNÓSTICOS POR IMAGEM",""
"","","","","","","","","","","","","TERAPÊUTICOS"
"","","","","","","","","","","","","PROCEDIMENTOS DIAGNÓSTICOS E"
"RADIOGRAFIA DE ADENÓIDES OU CAVUM","","","AMB","HCO","HSO","REF","","","RADIOGRAFIAS","","MÉTODOS DIAGNÓSTICOS POR IMAGEM",""
"","","","","","","","","","","","","TERAPÊUTICOS"
"","","","","","","","","","","","","PROCEDIMENTOS DIAGNÓSTICOS E"
"RADIOGRAFIA DE ANTEBRAÇO","","","AMB","HCO","HSO","REF","","","RADIOGRAFIAS","","MÉTODOS DIAGNÓSTICOS POR IMAGEM",""
"","","","","","","","","","","","","TERAPÊUTICOS"
"","","","","","","","","","","","","PROCEDIMENTOS DIAGNÓSTICOS E"
"RADIOGRAFIA DE ARCOS ZIGOMÁTICOS OU MALAR OU APÓFISES ESTILÓIDES","","","AMB","HCO","HSO","REF","","","RADIOGRAFIAS","","MÉTODOS DIAGNÓSTICOS POR IMAGEM",""
"","","","","","","","","","","","","TERAPÊUTICOS"
"","","","","","","","","","","","","PROCEDIMENTOS DIAGNÓSTICOS E"
"RADIOGRAFIA DE ARTICULAÇÃO ACROMIOCLAVICULAR","","","AMB","HCO","HSO","REF","","","RADIOGRAFIAS","","MÉTODOS DIAGNÓSTICOS POR IMAGEM",""
"","","","","","","","","","","","","TERAPÊUTICOS"
"","","","","","","","","","","","","PROCEDIMENTOS DIAGNÓSTICOS E"
"RADIOGRAFIA DE ARTICULAÇÃO COXOFEMORAL (QUADRIL)","","","AMB","HCO","HSO","REF","","","RADIOGRAFIAS","","MÉTODOS DIAGNÓSTICOS POR IMAGEM",""
"","","","","","","","","","","","","TERAPÊUTICOS"
"","","","","","","","","","","","","PROCEDIMENTOS DIAGNÓSTICOS E"
"RADIOGRAFIA DE ARTICULAÇÃO ESCAPULOUMERAL (OMBRO)","","","AMB","HCO","HSO","REF","","","RADIOGRAFIAS","","MÉTODOS DIAGNÓSTICOS POR IMAGEM",""
"","","","","","","","","","","","","TERAPÊUTICOS"
"","","","","","","","","","","","","PROCEDIMENTOS DIAGNÓSTICOS E"
"RADIOGRAFIA DE ARTICULAÇÃO ESTERNOCLAVICULAR","","","AMB","HCO","HSO","REF","","","RADIOGRAFIAS","","MÉTODOS DIAGNÓSTICOS POR IMAGEM",""
"","","","","","","","","","","","","TERAPÊUTICOS"
"","","","","","","","","","","","","PROCEDIMENTOS DIAGNÓSTICOS E"
"RADIOGRAFIA DE ARTICULAÇÃO TEMPOROMANDIBULAR","","","AMB","HCO","HSO","REF","","","RADIOGRAFIAS","","MÉTODOS DIAGNÓSTICOS POR IMAGEM",""
"","","","","","","","","","","","","TERAPÊUTICOS"
"","","","","","","","","","","","","PROCEDIMENTOS DIAGNÓSTICOS E"
"RADIOGRAFIA DE ARTICULAÇÃO TIBIOTÁRSICA (TORNOZELO)","","","AMB","HCO","HSO","REF","","","RADIOGRAFIAS","","MÉTODOS DIAGNÓSTICOS POR IMAGEM",""
"","","","","","","","","","","","","TERAPÊUTICOS"
"","","","","","","","","","","","","PROCEDIMENTOS DIAGNÓSTICOS E"
"RADIOGRAFIA DE ARTICULAÇÕES SACROILÍACAS","","","AMB","HCO","HSO","REF","","","RADIOGRAFIAS","","MÉTODOS DIAGNÓSTICOS POR IMAGEM",""
"","","","","","","","","","","","","TERAPÊUTICOS"
"","","","","","","","","","","","","PROCEDIMENTOS DIAGNÓSTICOS E"
"RADIOGRAFIA DE BACIA","","","AMB","HCO","HSO","REF","","","RADIOGRAFIAS","","MÉTODOS DIAGNÓSTICOS POR IMAGEM",""
"","","","","","","","","","","","","TERAPÊUTICOS"
"","","","","","","","","","","","","PROCEDIMENTOS DIAGNÓSTICOS E"
"RADIOGRAFIA DE BRAÇO","","","AMB","HCO","HSO","REF","","","RADIOGRAFIAS","","MÉTODOS DIAGNÓSTICOS POR IMAGEM",""
"","","","","","","","","","","","","TERAPÊUTICOS"
"","","","","","","","","","","","","PROCEDIMENTOS DIAGNÓSTICOS E"
"RADIOGRAFIA DE CALCÂNEO","","","AMB","HCO","HSO","REF","","","RADIOGRAFIAS","","MÉTODOS DIAGNÓSTICOS POR IMAGEM",""
"","","","","","","","","","","","","TERAPÊUTICOS"
