"","RN","","","","","","","","",""
"PROCEDIMENTO","VIGÊNCIA","OD","AMB","HCO","HSO","REF","PAC","DUT","SUBGRUPO","GRUPO
CAPÍTULO"
"","(alteração)","","","","","","","","",""
"PUNÇÃO LIQUÓRICA RAQUIANA OU CISTERNAL","","","AMB","HCO","HSO","REF","","","MEDULA","SISTEMA NERVOSO - CENTRAL E PERIFÉRICO PROCEDIMENTOS CIRÚRGICOS E INVASIVOS"
"TAMPÃO SANGÜÍNEO PERIDURAL PARA TRATAMENTO DE CEFALÉIA PÓS PUNÇÃO (NÃO INDICADO NA","","","","","","","","","",""
"","","","AMB","HCO","HSO","REF","","","MEDULA","SISTEMA NERVOSO - CENTRAL E PERIFÉRICO PROCEDIMENTOS CIRÚRGICOS E INVASIVOS"
"PROFILAXIA DA CEFALÉIA)","","","","","","","","","",""
"ANASTOMOSE ESPINO-FACIAL","","","","HCO","HSO","REF","","","NERVOS PERIFÉRICOS","SISTEMA NERVOSO - CENTRAL E PERIFÉRICO PROCEDIMENTOS CIRÚRGICOS E INVASIVOS"
"ANASTOMOSE HIPOGLOSSO-FACIAL","","","","HCO","HSO","REF","","","NERVOS PERIFÉRICOS","SISTEMA NERVOSO - CENTRAL E PERIFÉRICO PROCEDIMENTOS CIRÚRGICOS E INVASIVOS"
"BIÓPSIA DE NERVO","","","AMB","HCO","HSO","REF","","","NERVOS PERIFÉRICOS","SISTEMA NERVOSO - CENTRAL E PERIFÉRICO PROCEDIMENTOS CIRÚRGICOS E INVASIVOS"
"BLOQUEIO DE NERVO PERIFÉRICO","","","AMB","HCO","HSO","REF","","","NERVOS PERIFÉRICOS","SISTEMA NERVOSO - CENTRAL E PERIFÉRICO PROCEDIMENTOS CIRÚRGICOS E INVASIVOS"
"BLOQUEIO FENÓLICO E/OU ALCOÓLICO","","","AMB","HCO","HSO","REF","","","NERVOS PERIFÉRICOS","SISTEMA NERVOSO - CENTRAL E PERIFÉRICO PROCEDIMENTOS CIRÚRGICOS E INVASIVOS"
"BLOQUEIO COM TOXINA BOTULÍNICA TIPO A PARA TRATAMENTO DE DISTONIAS FOCAIS, ESPASMO","","","","","","","","","",""
"","","","AMB","HCO","HSO","REF","","8","NERVOS PERIFÉRICOS","SISTEMA NERVOSO - CENTRAL E PERIFÉRICO PROCEDIMENTOS CIRÚRGICOS E INVASIVOS"
"HEMIFACIAL E ESPASTICIDADE (COM DIRETRIZ DE UTILIZAÇÃO)","","","","","","","","","",""
"DENERVAÇÃO PERCUTÂNEA DE FACETA ARTICULAR","","","","HCO","HSO","REF","","","NERVOS PERIFÉRICOS","SISTEMA NERVOSO - CENTRAL E PERIFÉRICO PROCEDIMENTOS CIRÚRGICOS E INVASIVOS"
"ENXERTO DE NERVO","","","","HCO","HSO","REF","","","NERVOS PERIFÉRICOS","SISTEMA NERVOSO - CENTRAL E PERIFÉRICO PROCEDIMENTOS CIRÚRGICOS E INVASIVOS"
"ENXERTO DE NERVO INTERFASCICULAR","","","","HCO","HSO","REF","","","NERVOS PERIFÉRICOS","SISTEMA NERVOSO - CENTRAL E PERIFÉRICO PROCEDIMENTOS CIRÚRGICOS E INVASIVOS"
"ENXERTO PARA REPARO DE NERVO","","","","HCO","HSO","REF","","","NERVOS PERIFÉRICOS","SISTEMA NERVOSO - CENTRAL E PERIFÉRICO PROCEDIMENTOS CIRÚRGICOS E INVASIVOS"
"EXCISÃO DE TUMORES DOS NERVOS PERIFÉRICOS (COM OU SEM ENXERTO INTERFASCICULAR)","","","","HCO","HSO","REF","","","NERVOS PERIFÉRICOS","SISTEMA NERVOSO - CENTRAL E PERIFÉRICO PROCEDIMENTOS CIRÚRGICOS E INVASIVOS"
"EXPLORAÇÃO CIRÚRGICA DE NERVO (NEURÓLISE EXTERNA)","","","","HCO","HSO","REF","","","NERVOS PERIFÉRICOS","SISTEMA NERVOSO - CENTRAL E PERIFÉRICO PROCEDIMENTOS CIRÚRGICOS E INVASIVOS"
"EXTIRPAÇÃO DE NEUROMA","","","","HCO","HSO","REF","","","NERVOS PERIFÉRICOS","SISTEMA NERVOSO - CENTRAL E PERIFÉRICO PROCEDIMENTOS CIRÚRGICOS E INVASIVOS"
"IMPLANTE DE GERADOR PARA NEUROESTIMULAÇÃO (COM DIRETRIZ DE UTILIZAÇÃO)","","","","HCO","HSO","REF","","39","NERVOS PERIFÉRICOS","SISTEMA NERVOSO - CENTRAL E PERIFÉRICO PROCEDIMENTOS CIRÚRGICOS E INVASIVOS"
"LESÃO DE NERVOS ASSOCIADA À LESÃO ÓSSEA","","","","HCO","HSO","REF","","","NERVOS PERIFÉRICOS","SISTEMA NERVOSO - CENTRAL E PERIFÉRICO PROCEDIMENTOS CIRÚRGICOS E INVASIVOS"
"LESÃO ESTEREOTÁXICA DE ESTRUTURAS PROFUNDAS PARA TRATAMENTO DA DOR OU MOVIMENTO","","","","","","","","","",""
"","","","","HCO","HSO","REF","","","NERVOS PERIFÉRICOS","SISTEMA NERVOSO - CENTRAL E PERIFÉRICO PROCEDIMENTOS CIRÚRGICOS E INVASIVOS"
"ANORMAL","","","","","","","","","",""
"MICROCIRURGIA DE NERVOS PERIFÉRICOS","","","","HCO","HSO","REF","","","NERVOS PERIFÉRICOS","SISTEMA NERVOSO - CENTRAL E PERIFÉRICO PROCEDIMENTOS CIRÚRGICOS E INVASIVOS"
