"","RN","","","","","","","","","",""
"PROCEDIMENTO","VIGÊNCIA","OD","AMB","HCO","HSO","REF","PAC","DUT","SUBGRUPO","GRUPO","CAPÍTULO"
"","(alteração)","","","","","","","","","",""
"","","","","","","","","","","SISTEMA MÚSCULO-ESQUELÉTICO E",""
"TENOSSINOVECTOMIA","","","","HCO","HSO","REF","","","TENDÕES, BURSAS E SINÓVIAS","","PROCEDIMENTOS CIRÚRGICOS E INVASIVOS"
"","","","","","","","","","","ARTICULAÇÕES",""
"","","","","","","","","","","SISTEMA MÚSCULO-ESQUELÉTICO E",""
"TENOSSINOVITES ESTENOSANTES - TRATAMENTO CIRÚRGICO","","","AMB","HCO","HSO","REF","","","TENDÕES, BURSAS E SINÓVIAS","","PROCEDIMENTOS CIRÚRGICOS E INVASIVOS"
"","","","","","","","","","","ARTICULAÇÕES",""
"","","","","","","","","","","SISTEMA MÚSCULO-ESQUELÉTICO E",""
"TENOSSINOVITES INFECCIOSAS - DRENAGEM","","","AMB","HCO","HSO","REF","","","TENDÕES, BURSAS E SINÓVIAS","","PROCEDIMENTOS CIRÚRGICOS E INVASIVOS"
"","","","","","","","","","","ARTICULAÇÕES",""
"","","","","","","","","","","SISTEMA MÚSCULO-ESQUELÉTICO E",""
"TENOTOMIA","","","","HCO","HSO","REF","","","TENDÕES, BURSAS E SINÓVIAS","","PROCEDIMENTOS CIRÚRGICOS E INVASIVOS"
"","","","","","","","","","","ARTICULAÇÕES",""
"","","","","","","","","","","SISTEMA MÚSCULO-ESQUELÉTICO E",""
"TRANSPOSIÇÃO DE TENDÃO - TRATAMENTO CIRÚRGICO","","","","HCO","HSO","REF","","","TENDÕES, BURSAS E SINÓVIAS","","PROCEDIMENTOS CIRÚRGICOS E INVASIVOS"
"","","","","","","","","","","ARTICULAÇÕES",""
"","","","","","","","","","","SISTEMA MÚSCULO-ESQUELÉTICO E",""
"TUMOR ÓSSEO (RESSECÇÃO COM SUBSTITUIÇÃO)","","","","HCO","HSO","REF","","","TENDÕES, BURSAS E SINÓVIAS","","PROCEDIMENTOS CIRÚRGICOS E INVASIVOS"
"","","","","","","","","","","ARTICULAÇÕES",""
"","","","","","","","","","","SISTEMA MÚSCULO-ESQUELÉTICO E",""
"TUMOR ÓSSEO (RESSECÇÃO E ARTRODESE)","","","","HCO","HSO","REF","","","TENDÕES, BURSAS E SINÓVIAS","","PROCEDIMENTOS CIRÚRGICOS E INVASIVOS"
"","","","","","","","","","","ARTICULAÇÕES",""
"","","","","","","","","","","SISTEMA MÚSCULO-ESQUELÉTICO E",""
"TUMOR ÓSSEO (RESSECÇÃO E ENXERTO)","","","","HCO","HSO","REF","","","TENDÕES, BURSAS E SINÓVIAS","","PROCEDIMENTOS CIRÚRGICOS E INVASIVOS"
"","","","","","","","","","","ARTICULAÇÕES",""
"","","","","","","","","","","SISTEMA MÚSCULO-ESQUELÉTICO E",""
"TUMOR ÓSSEO (RESSECÇÃO SEGMENTAR)","","","","HCO","HSO","REF","","","TENDÕES, BURSAS E SINÓVIAS","","PROCEDIMENTOS CIRÚRGICOS E INVASIVOS"
"","","","","","","","","","","ARTICULAÇÕES",""
"","","","","","","","","","","SISTEMA MÚSCULO-ESQUELÉTICO E",""
"TUMOR ÓSSEO (RESSECÇÃO SIMPLES)","","","","HCO","HSO","REF","","","TENDÕES, BURSAS E SINÓVIAS","","PROCEDIMENTOS CIRÚRGICOS E INVASIVOS"
"","","","","","","","","","","ARTICULAÇÕES",""
"","","","","","","","","","","SISTEMA MÚSCULO-ESQUELÉTICO E",""
"TUMORES DE TENDÃO OU SINOVIAL - TRATAMENTO CIRÚRGICO","","","","HCO","HSO","REF","","","TENDÕES, BURSAS E SINÓVIAS","","PROCEDIMENTOS CIRÚRGICOS E INVASIVOS"
"","","","","","","","","","","ARTICULAÇÕES",""
"COLOCAÇÃO DE ÓRTESE OU PRÓTESE TRAQUEAL, TRAQUEOBRÔNQUICA OU BRÔNQUICA, INCLUSIVE POR","","","","","","","","","","",""
"","","","","HCO","HSO","REF","","","TRAQUÉIA","SISTEMA RESPIRATÓRIO E MEDIASTINO","PROCEDIMENTOS CIRÚRGICOS E INVASIVOS"
"VIA ENDOSCÓPICA","","","","","","","","","","",""
"FECHAMENTO DE FÍSTULA TRÁQUEO-CUTÂNEA","","","","HCO","HSO","REF","","","TRAQUÉIA","SISTEMA RESPIRATÓRIO E MEDIASTINO","PROCEDIMENTOS CIRÚRGICOS E INVASIVOS"
"PLASTIA DE TRAQUEOSTOMA","","","","HCO","HSO","REF","","","TRAQUÉIA","SISTEMA RESPIRATÓRIO E MEDIASTINO","PROCEDIMENTOS CIRÚRGICOS E INVASIVOS"
"PUNÇÃO TRAQUEAL","","","AMB","HCO","HSO","REF","","","TRAQUÉIA","SISTEMA RESPIRATÓRIO E MEDIASTINO","PROCEDIMENTOS CIRÚRGICOS E INVASIVOS"
"RESSECÇÃO CARINAL (TRAQUEOBRÔNQUICA)","","","","HCO","HSO","REF","","","TRAQUÉIA","SISTEMA RESPIRATÓRIO E MEDIASTINO","PROCEDIMENTOS CIRÚRGICOS E INVASIVOS"
"RESSECÇÃO DE TUMOR TRAQUEAL","","","","HCO","HSO","REF","","","TRAQUÉIA","SISTEMA RESPIRATÓRIO E MEDIASTINO","PROCEDIMENTOS CIRÚRGICOS E INVASIVOS"
"RESSECÇÃO DE TUMOR TRAQUEAL POR VIDEOTORACOSCOPIA","","","","HCO","HSO","REF","","","TRAQUÉIA","SISTEMA RESPIRATÓRIO E MEDIASTINO","PROCEDIMENTOS CIRÚRGICOS E INVASIVOS"
"TRAQUEOPLASTIA","","","","HCO","HSO","REF","","","TRAQUÉIA","SISTEMA RESPIRATÓRIO E MEDIASTINO","PROCEDIMENTOS CIRÚRGICOS E INVASIVOS"
