"","RN","","","","","","","","","",""
"PROCEDIMENTO","VIGÊNCIA","OD","AMB","HCO","HSO","REF","PAC","DUT","SUBGRUPO","GRUPO","CAPÍTULO"
"","(alteração)","","","","","","","","","",""
"","","","","","","","","","","SISTEMA MÚSCULO-ESQUELÉTICO E",""
"DRENAGEM CIRÚRGICA DO PSOAS","","","","HCO","HSO","REF","","","MÚSCULOS E FASCIAS","","PROCEDIMENTOS CIRÚRGICOS E INVASIVOS"
"","","","","","","","","","","ARTICULAÇÕES",""
"","","","","","","","","","","SISTEMA MÚSCULO-ESQUELÉTICO E",""
"FASCIOTOMIA","","","","HCO","HSO","REF","","","MÚSCULOS E FASCIAS","","PROCEDIMENTOS CIRÚRGICOS E INVASIVOS"
"","","","","","","","","","","ARTICULAÇÕES",""
"","","","","","","","","","","SISTEMA MÚSCULO-ESQUELÉTICO E",""
"MIORRAFIAS","","","AMB","HCO","HSO","REF","","","MÚSCULOS E FASCIAS","","PROCEDIMENTOS CIRÚRGICOS E INVASIVOS"
"","","","","","","","","","","ARTICULAÇÕES",""
"","","","","","","","","","","SISTEMA MÚSCULO-ESQUELÉTICO E",""
"TRANSPOSIÇÃO MUSCULAR","","","","HCO","HSO","REF","","","MÚSCULOS E FASCIAS","","PROCEDIMENTOS CIRÚRGICOS E INVASIVOS"
"","","","","","","","","","","ARTICULAÇÕES",""
"","","","","","","","","","","SISTEMA MÚSCULO-ESQUELÉTICO E",""
"ABERTURA DE BAINHA TENDINOSA - TRATAMENTO CIRÚRGICO","","","AMB","HCO","HSO","REF","","","TENDÕES, BURSAS E SINÓVIAS","","PROCEDIMENTOS CIRÚRGICOS E INVASIVOS"
"","","","","","","","","","","ARTICULAÇÕES",""
"","","","","","","","","","","SISTEMA MÚSCULO-ESQUELÉTICO E",""
"ALONGAMENTO DE TENDÕES - TRATAMENTO CRUENTO","","","","HCO","HSO","REF","","","TENDÕES, BURSAS E SINÓVIAS","","PROCEDIMENTOS CIRÚRGICOS E INVASIVOS"
"","","","","","","","","","","ARTICULAÇÕES",""
"","","","","","","","","","","SISTEMA MÚSCULO-ESQUELÉTICO E",""
"BIÓPSIAS CIRÚRGICAS DE TENDÕES, BURSAS E SINÓVIAS","","","AMB","HCO","HSO","REF","","","TENDÕES, BURSAS E SINÓVIAS","","PROCEDIMENTOS CIRÚRGICOS E INVASIVOS"
"","","","","","","","","","","ARTICULAÇÕES",""
"","","","","","","","","","","SISTEMA MÚSCULO-ESQUELÉTICO E",""
"BURSECTOMIA - TRATAMENTO CIRÚRGICO","","","","HCO","HSO","REF","","","TENDÕES, BURSAS E SINÓVIAS","","PROCEDIMENTOS CIRÚRGICOS E INVASIVOS"
"","","","","","","","","","","ARTICULAÇÕES",""
"","","","","","","","","","","SISTEMA MÚSCULO-ESQUELÉTICO E",""
"CISTO SINOVIAL - TRATAMENTO CIRÚRGICO","","","AMB","HCO","HSO","REF","","","TENDÕES, BURSAS E SINÓVIAS","","PROCEDIMENTOS CIRÚRGICOS E INVASIVOS"
"","","","","","","","","","","ARTICULAÇÕES",""
"","","","","","","","","","","SISTEMA MÚSCULO-ESQUELÉTICO E",""
"ENCURTAMENTO DE TENDÃO - TRATAMENTO CIRÚRGICO","","","","HCO","HSO","REF","","","TENDÕES, BURSAS E SINÓVIAS","","PROCEDIMENTOS CIRÚRGICOS E INVASIVOS"
"","","","","","","","","","","ARTICULAÇÕES",""
"","","","","","","","","","","SISTEMA MÚSCULO-ESQUELÉTICO E",""
"SÍNDROME DO CANAL CARPIANO - TRATAMENTO CRUENTO","","","","HCO","HSO","REF","","","TENDÕES, BURSAS E SINÓVIAS","","PROCEDIMENTOS CIRÚRGICOS E INVASIVOS"
"","","","","","","","","","","ARTICULAÇÕES",""
"","","","","","","","","","","SISTEMA MÚSCULO-ESQUELÉTICO E",""
"SINOVECTOMIA - TRATAMENTO CIRÚRGICO","","","","HCO","HSO","REF","","","TENDÕES, BURSAS E SINÓVIAS","","PROCEDIMENTOS CIRÚRGICOS E INVASIVOS"
"","","","","","","","","","","ARTICULAÇÕES",""
"","","","","","","","","","","SISTEMA MÚSCULO-ESQUELÉTICO E",""
"TENOARTROPLASTIA PARA OSSOS DO CARPO","","","","HCO","HSO","REF","","","TENDÕES, BURSAS E SINÓVIAS","","PROCEDIMENTOS CIRÚRGICOS E INVASIVOS"
"","","","","","","","","","","ARTICULAÇÕES",""
"","","","","","","","","","","SISTEMA MÚSCULO-ESQUELÉTICO E",""
"TENODESE","","","AMB","HCO","HSO","REF","","","TENDÕES, BURSAS E SINÓVIAS","","PROCEDIMENTOS CIRÚRGICOS E INVASIVOS"
"","","","","","","","","","","ARTICULAÇÕES",""
"","","","","","","","","","","SISTEMA MÚSCULO-ESQUELÉTICO E",""
"TENÓLISE NO TÚNEL ÓSTEO FIBROSO","","","","HCO","HSO","REF","","","TENDÕES, BURSAS E SINÓVIAS","","PROCEDIMENTOS CIRÚRGICOS E INVASIVOS"
"","","","","","","","","","","ARTICULAÇÕES",""
"","","","","","","","","","","SISTEMA MÚSCULO-ESQUELÉTICO E",""
"TENÓLISE/TENDONESE - TRATAMENTO CIRÚRGICO","","","","HCO","HSO","REF","","","TENDÕES, BURSAS E SINÓVIAS","","PROCEDIMENTOS CIRÚRGICOS E INVASIVOS"
"","","","","","","","","","","ARTICULAÇÕES",""
"","","","","","","","","","","SISTEMA MÚSCULO-ESQUELÉTICO E",""
"TENOPLASTIA / ENXERTO DE TENDÃO - TRATAMENTO CIRÚRGICO","","","","HCO","HSO","REF","","","TENDÕES, BURSAS E SINÓVIAS","","PROCEDIMENTOS CIRÚRGICOS E INVASIVOS"
"","","","","","","","","","","ARTICULAÇÕES",""
"","","","","","","","","","","SISTEMA MÚSCULO-ESQUELÉTICO E",""
"TENOPLASTIA DE TENDÃO EM OUTRAS REGIÕES","","","","HCO","HSO","REF","","","TENDÕES, BURSAS E SINÓVIAS","","PROCEDIMENTOS CIRÚRGICOS E INVASIVOS"
"","","","","","","","","","","ARTICULAÇÕES",""
"","","","","","","","","","","SISTEMA MÚSCULO-ESQUELÉTICO E",""
"TENORRAFIA","","","","HCO","HSO","REF","","","TENDÕES, BURSAS E SINÓVIAS","","PROCEDIMENTOS CIRÚRGICOS E INVASIVOS"
"","","","","","","","","","","ARTICULAÇÕES",""
