"","RN","","","","","","","","","",""
"PROCEDIMENTO","VIGÊNCIA","OD","AMB","HCO","HSO","REF","PAC","DUT","SUBGRUPO","GRUPO","CAPÍTULO"
"","(alteração)","","","","","","","","","",""
"","","","","","","","","","CONSULTAS, VISITAS HOSPITALARES OU","",""
"ACONSELHAMENTO GENÉTICO","","","AMB","HCO","HSO","REF","","","","PROCEDIMENTOS GERAIS","PROCEDIMENTOS GERAIS"
"","","","","","","","","","ACOMPANHAMENTO DE PACIENTES","",""
"","","","","","","","","","CONSULTAS, VISITAS HOSPITALARES OU","",""
"ATENDIMENTO/ACOMPANHAMENTO EM HOSPITAL-DIA PSIQUIÁTRICO (COM DIRETRIZ DE UTILIZAÇÃO)","","","","HCO","HSO","REF","","109","","PROCEDIMENTOS GERAIS","PROCEDIMENTOS GERAIS"
"","","","","","","","","","ACOMPANHAMENTO DE PACIENTES","",""
"","","","","","","","","","CONSULTAS, VISITAS HOSPITALARES OU","",""
"ATENDIMENTO INTEGRAL AO RECÉM-NASCIDO (SALA DE PARTO, BERÇÁRIO E UTI)","","","","HCO","","REF","","","","PROCEDIMENTOS GERAIS","PROCEDIMENTOS GERAIS"
"","","","","","","","","","ACOMPANHAMENTO DE PACIENTES","",""
"","","","","","","","","","CONSULTAS, VISITAS HOSPITALARES OU","",""
"ATENDIMENTO MÉDICO DO INTENSIVISTA EM UTI GERAL OU PEDIÁTRICA","","","","HCO","HSO","REF","","","","PROCEDIMENTOS GERAIS","PROCEDIMENTOS GERAIS"
"","","","","","","","","","ACOMPANHAMENTO DE PACIENTES","",""
"","","","","","","","","","CONSULTAS, VISITAS HOSPITALARES OU","",""
"ATENDIMENTO PEDIÁTRICO A GESTANTES (3º TRIMESTRE)","","","AMB","HCO","","REF","","","","PROCEDIMENTOS GERAIS","PROCEDIMENTOS GERAIS"
"","","","","","","","","","ACOMPANHAMENTO DE PACIENTES","",""
"","","","","","","","","","CONSULTAS, VISITAS HOSPITALARES OU","",""
"ATIVIDADE EDUCACIONAL PARA PLANEJAMENTO FAMILIAR","","","AMB","","","REF","","","","PROCEDIMENTOS GERAIS","PROCEDIMENTOS GERAIS"
"","","","","","","","","","ACOMPANHAMENTO DE PACIENTES","",""
"","","","","","","","","","CONSULTAS, VISITAS HOSPITALARES OU","",""
"ATIVIDADE EDUCATIVA EM SAÚDE BUCAL","","OD","","","","","","","","PROCEDIMENTOS GERAIS","PROCEDIMENTOS GERAIS"
"","","","","","","","","","ACOMPANHAMENTO DE PACIENTES","",""
"ATIVIDADE EDUCATIVA EM ODONTOLOGIA PARA PAIS E/OU CUIDADORES DE PACIENTES COM NECESSIDADES","","","","","","","","","CONSULTAS, VISITAS HOSPITALARES OU","",""
"","","OD","","","","","","","","PROCEDIMENTOS GERAIS","PROCEDIMENTOS GERAIS"
"ESPECIAIS","","","","","","","","","ACOMPANHAMENTO DE PACIENTES","",""
"","","","","","","","","","CONSULTAS, VISITAS HOSPITALARES OU","",""
"CONDICIONAMENTO EM ODONTOLOGIA (COM DIRETRIZ DE UTILIZAÇÃO)","","OD","","","","","","86","","PROCEDIMENTOS GERAIS","PROCEDIMENTOS GERAIS"
"","","","","","","","","","ACOMPANHAMENTO DE PACIENTES","",""
"","","","","","","","","","CONSULTAS, VISITAS HOSPITALARES OU","",""
"ESTABILIZAÇÃO DE PACIENTE POR MEIO DE CONTENÇÃO FÍSICA E/OU MECÂNICA","","OD","","","","","","","","PROCEDIMENTOS GERAIS","PROCEDIMENTOS GERAIS"
"","","","","","","","","","ACOMPANHAMENTO DE PACIENTES","",""
"","","","","","","","","","CONSULTAS, VISITAS HOSPITALARES OU","",""
"CONSULTA DE ACONSELHAMENTO PARA PLANEJAMENTO FAMILIAR","","","AMB","","","REF","","","","PROCEDIMENTOS GERAIS","PROCEDIMENTOS GERAIS"
"","","","","","","","","","ACOMPANHAMENTO DE PACIENTES","",""
"","","","","","","","","","CONSULTAS, VISITAS HOSPITALARES OU","",""
"CONSULTA COM ENFERMEIRO OBSTETRA OU OBSTETRIZ (COM DIRETRIZ DE UTILIZAÇÃO)","","","AMB","HCO","","REF","","135","","PROCEDIMENTOS GERAIS","PROCEDIMENTOS GERAIS"
"","","","","","","","","","ACOMPANHAMENTO DE PACIENTES","",""
"","","","","","","","","","CONSULTAS, VISITAS HOSPITALARES OU","",""
"CONSULTA/AVALIAÇÃO COM FISIOTERAPEUTA","541/2022
01/08/2022","","AMB","","","REF","","","","PROCEDIMENTOS GERAIS","PROCEDIMENTOS GERAIS"
"","","","","","","","","","ACOMPANHAMENTO DE PACIENTES","",""
"","","","","","","","","","CONSULTAS, VISITAS HOSPITALARES OU","",""
"CONSULTA MÉDICA","","","AMB","","","REF","","","","PROCEDIMENTOS GERAIS","PROCEDIMENTOS GERAIS"
"","","","","","","","","","ACOMPANHAMENTO DE PACIENTES","",""
"","","","","","","","","","CONSULTAS, VISITAS HOSPITALARES OU","",""
"CONSULTA ODONTOLÓGICA","","OD","","","","","","","","PROCEDIMENTOS GERAIS","PROCEDIMENTOS GERAIS"
"","","","","","","","","","ACOMPANHAMENTO DE PACIENTES","",""
"","","","","","","","","","CONSULTAS, VISITAS HOSPITALARES OU","",""
"CONSULTA ODONTOLÓGICA INICIAL","","OD","","","","","","","","PROCEDIMENTOS GERAIS","PROCEDIMENTOS GERAIS"
"","","","","","","","","","ACOMPANHAMENTO DE PACIENTES","",""
"","","","","","","","","","CONSULTAS, VISITAS HOSPITALARES OU","",""
"CONSULTA ODONTOLÓGICA DE URGÊNCIA","","OD","","","","","","","","PROCEDIMENTOS GERAIS","PROCEDIMENTOS GERAIS"
"","","","","","","","","","ACOMPANHAMENTO DE PACIENTES","",""
"","","","","","","","","","CONSULTAS, VISITAS HOSPITALARES OU","",""
"CONSULTA ODONTOLÓGICA PARA AVALIAÇÃO TÉCNICA DE AUDITORIA","","OD","","","","","","","","PROCEDIMENTOS GERAIS","PROCEDIMENTOS GERAIS"
"","","","","","","","","","ACOMPANHAMENTO DE PACIENTES","",""
"","","","","","","","","","CONSULTAS, VISITAS HOSPITALARES OU","",""
"CONSULTA/AVALIAÇÃO COM PSICÓLOGO","541/2022
01/08/2022","","AMB","","","REF","","","","PROCEDIMENTOS GERAIS","PROCEDIMENTOS GERAIS"
"","","","","","","","","","ACOMPANHAMENTO DE PACIENTES","",""
