"","RN","","","","","","","","","",""
"PROCEDIMENTO","VIGÊNCIA","OD","AMB","HCO","HSO","REF","PAC","DUT","SUBGRUPO","GRUPO","CAPÍTULO"
"","(alteração)","","","","","","","","","",""
"","","","","","","","","","","SISTEMA GENITAL E REPRODUTOR",""
"ESPERMATOCELECTOMIA","","","AMB","HCO","HSO","REF","","","CORDÃO ESPERMÁTICO","","PROCEDIMENTOS CIRÚRGICOS E INVASIVOS"
"","","","","","","","","","","MASCULINO",""
"","","","","","","","","","","SISTEMA GENITAL E REPRODUTOR",""
"EXPLORAÇÃO CIRÚRGICA DO DEFERENTE","","","","HCO","HSO","REF","","","CORDÃO ESPERMÁTICO","","PROCEDIMENTOS CIRÚRGICOS E INVASIVOS"
"","","","","","","","","","","MASCULINO",""
"","","","","","","","","","","SISTEMA GENITAL E REPRODUTOR",""
"CIRURGIA DE ESTERILIZAÇÃO MASCULINA (VASECTOMIA) - COM DIRETRIZ DE UTILIZAÇÃO","","","","HCO","HSO","REF","","12","CORDÃO ESPERMÁTICO","","PROCEDIMENTOS CIRÚRGICOS E INVASIVOS"
"","","","","","","","","","","MASCULINO",""
"","","","","","","","","","","SISTEMA GENITAL E REPRODUTOR",""
"VASOVASOANASTOMOSE (EXCETO PARA REVERSÃO DE VASECTOMIA)","","","","HCO","HSO","REF","","","CORDÃO ESPERMÁTICO","","PROCEDIMENTOS CIRÚRGICOS E INVASIVOS"
"","","","","","","","","","","MASCULINO",""
"","","","","","","","","","","SISTEMA GENITAL E REPRODUTOR",""
"AMPUTAÇÃO PARCIAL OU TOTAL","","","","HCO","HSO","REF","","","PÊNIS","","PROCEDIMENTOS CIRÚRGICOS E INVASIVOS"
"","","","","","","","","","","MASCULINO",""
"","","","","","","","","","","SISTEMA GENITAL E REPRODUTOR",""
"BIÓPSIA PENIANA","","","AMB","HCO","HSO","REF","","","PÊNIS","","PROCEDIMENTOS CIRÚRGICOS E INVASIVOS"
"","","","","","","","","","","MASCULINO",""
"","","","","","","","","","","SISTEMA GENITAL E REPRODUTOR",""
"DOENÇA DE PEYRONIE - TRATAMENTO CIRÚRGICO","","","","HCO","HSO","REF","","","PÊNIS","","PROCEDIMENTOS CIRÚRGICOS E INVASIVOS"
"","","","","","","","","","","MASCULINO",""
"","","","","","","","","","","SISTEMA GENITAL E REPRODUTOR",""
"ELETROCOAGULAÇÃO DE LESÕES CUTÂNEAS","","","","HCO","HSO","REF","","","PÊNIS","","PROCEDIMENTOS CIRÚRGICOS E INVASIVOS"
"","","","","","","","","","","MASCULINO",""
"","","","","","","","","","","SISTEMA GENITAL E REPRODUTOR",""
"EMASCULAÇÃO PARA TRATAMENTO ONCOLÓGICO OU FASCEÍTE NECROTIZANTE","","","","HCO","HSO","REF","","","PÊNIS","","PROCEDIMENTOS CIRÚRGICOS E INVASIVOS"
"","","","","","","","","","","MASCULINO",""
"","","","","","","","","","","SISTEMA GENITAL E REPRODUTOR",""
"EPISPADIA - RECONSTRUÇÃO","","","","HCO","HSO","REF","","","PÊNIS","","PROCEDIMENTOS CIRÚRGICOS E INVASIVOS"
"","","","","","","","","","","MASCULINO",""
"","","","","","","","","","","SISTEMA GENITAL E REPRODUTOR",""
"EPISPADIA COM INCONTINÊNCIA - TRATAMENTO CIRÚRGICO","","","","HCO","HSO","REF","","","PÊNIS","","PROCEDIMENTOS CIRÚRGICOS E INVASIVOS"
"","","","","","","","","","","MASCULINO",""
"","","","","","","","","","","SISTEMA GENITAL E REPRODUTOR",""
"FRATURA DE PÊNIS - TRATAMENTO CIRÚRGICO","","","","HCO","HSO","REF","","","PÊNIS","","PROCEDIMENTOS CIRÚRGICOS E INVASIVOS"
"","","","","","","","","","","MASCULINO",""
"","","","","","","","","","","SISTEMA GENITAL E REPRODUTOR",""
"HIPOSPADIA - TRATAMENTO CIRÚRGICO","","","","HCO","HSO","REF","","","PÊNIS","","PROCEDIMENTOS CIRÚRGICOS E INVASIVOS"
"","","","","","","","","","","MASCULINO",""
"","","","","","","","","","","SISTEMA GENITAL E REPRODUTOR",""
"IMPLANTE DE PRÓTESE SEMI-RÍGIDA (EXCLUI PRÓTESES INFLÁVEIS)","","","","HCO","HSO","REF","","","PÊNIS","","PROCEDIMENTOS CIRÚRGICOS E INVASIVOS"
"","","","","","","","","","","MASCULINO",""
"","","","","","","","","","","SISTEMA GENITAL E REPRODUTOR",""
"NEOFALOPLASTIA COM OU SEM RECONSTRUÇÃO URETRAL","","","","HCO","HSO","REF","","","PÊNIS","","PROCEDIMENTOS CIRÚRGICOS E INVASIVOS"
"","","","","","","","","","","MASCULINO",""
"","","","","","","","","","","SISTEMA GENITAL E REPRODUTOR",""
"PARAFIMOSE - REDUÇÃO MANUAL OU CIRÚRGICA","","","AMB","HCO","HSO","REF","","","PÊNIS","","PROCEDIMENTOS CIRÚRGICOS E INVASIVOS"
"","","","","","","","","","","MASCULINO",""
"","","","","","","","","","","SISTEMA GENITAL E REPRODUTOR",""
"PÊNIS CURVO CONGÊNITO - TRATAMENTO CIRÚRGICO","","","","HCO","HSO","REF","","","PÊNIS","","PROCEDIMENTOS CIRÚRGICOS E INVASIVOS"
"","","","","","","","","","","MASCULINO",""
"","","","","","","","","","","SISTEMA GENITAL E REPRODUTOR",""
"PLÁSTICA - RETALHO CUTÂNEO À DISTÂNCIA","","","","HCO","HSO","REF","","","PÊNIS","","PROCEDIMENTOS CIRÚRGICOS E INVASIVOS"
"","","","","","","","","","","MASCULINO",""
"","","","","","","","","","","SISTEMA GENITAL E REPRODUTOR",""
"PLÁSTICA DE CORPO CAVERNOSO","","","AMB","HCO","HSO","REF","","","PÊNIS","","PROCEDIMENTOS CIRÚRGICOS E INVASIVOS"
"","","","","","","","","","","MASCULINO",""
