"","RN","","","","","","","","","",""
"PROCEDIMENTO","VIGÊNCIA","OD","AMB","HCO","HSO","REF","PAC","DUT","SUBGRUPO","GRUPO","CAPÍTULO"
"","(alteração)","","","","","","","","","",""
"","","","","","","","","","","","PROCEDIMENTOS DIAGNÓSTICOS E"
"PLASMAFÉRESE TERAPÊUTICA - INCLUI CITAFÉRESE/HEMAFÉRESE TERAPÊUTICA","","","AMB","HCO","HSO","REF","","","PROCESSAMENTO","MEDICINA TRANSFUSIONAL",""
"","","","","","","","","","","","TERAPÊUTICOS"
"","","","","","","","","","","","PROCEDIMENTOS DIAGNÓSTICOS E"
"SANGRIA TERAPÊUTICA","","","AMB","HCO","HSO","REF","","","PROCESSAMENTO","MEDICINA TRANSFUSIONAL",""
"","","","","","","","","","","","TERAPÊUTICOS"
"","","","","","","","","","","","PROCEDIMENTOS DIAGNÓSTICOS E"
"SANGUE TOTAL RECONSTITUÍDO PARA EXSANGUÍNEO-TRANSFUSÃO","","","AMB","HCO","HSO","REF","","","PROCESSAMENTO","MEDICINA TRANSFUSIONAL",""
"","","","","","","","","","","","TERAPÊUTICOS"
"UNIDADE DE COMPONENTES SANGÜÍNEOS (CONCENTRADO DE HEMÁCIAS, PLAQUETAS OU GRANULÓCITOS)","","","","","","","","","","","PROCEDIMENTOS DIAGNÓSTICOS E"
"","","","AMB","HCO","HSO","REF","","","PROCESSAMENTO","MEDICINA TRANSFUSIONAL",""
"IRRADIADA","","","","","","","","","","","TERAPÊUTICOS"
"","","","","","","","","","","","PROCEDIMENTOS DIAGNÓSTICOS E"
"UNIDADE DE CONCENTRADO DE GRANULÓCITOS","","","AMB","HCO","HSO","REF","","","PROCESSAMENTO","MEDICINA TRANSFUSIONAL",""
"","","","","","","","","","","","TERAPÊUTICOS"
"","","","","","","","","","","","PROCEDIMENTOS DIAGNÓSTICOS E"
"UNIDADE DE CONCENTRADO DE HEMÁCIAS","","","AMB","HCO","HSO","REF","","","PROCESSAMENTO","MEDICINA TRANSFUSIONAL",""
"","","","","","","","","","","","TERAPÊUTICOS"
"","","","","","","","","","","","PROCEDIMENTOS DIAGNÓSTICOS E"
"UNIDADE DE CONCENTRADO DE HEMÁCIAS LAVADAS","","","AMB","HCO","HSO","REF","","","PROCESSAMENTO","MEDICINA TRANSFUSIONAL",""
"","","","","","","","","","","","TERAPÊUTICOS"
"","","","","","","","","","","","PROCEDIMENTOS DIAGNÓSTICOS E"
"UNIDADE DE CONCENTRADO DE HEMÁCIAS LEUCODEPLETADA","","","AMB","HCO","HSO","REF","","","PROCESSAMENTO","MEDICINA TRANSFUSIONAL",""
"","","","","","","","","","","","TERAPÊUTICOS"
"","","","","","","","","","","","PROCEDIMENTOS DIAGNÓSTICOS E"
"UNIDADE DE CONCENTRADO DE HEMÁCIAS LEUCORREDUZIDA","","","AMB","HCO","HSO","REF","","","PROCESSAMENTO","MEDICINA TRANSFUSIONAL",""
"","","","","","","","","","","","TERAPÊUTICOS"
"","","","","","","","","","","","PROCEDIMENTOS DIAGNÓSTICOS E"
"UNIDADE DE CONCENTRADO DE PLAQUETAS (DUPLA CENTRIFUGAÇÃO)","","","AMB","HCO","HSO","REF","","","PROCESSAMENTO","MEDICINA TRANSFUSIONAL",""
"","","","","","","","","","","","TERAPÊUTICOS"
"","","","","","","","","","","","PROCEDIMENTOS DIAGNÓSTICOS E"
"UNIDADE DE CONCENTRADO DE PLAQUETAS LEUCODEPLETADA","","","AMB","HCO","HSO","REF","","","PROCESSAMENTO","MEDICINA TRANSFUSIONAL",""
"","","","","","","","","","","","TERAPÊUTICOS"
"","","","","","","","","","","","PROCEDIMENTOS DIAGNÓSTICOS E"
"UNIDADE DE CONCENTRADO DE PLAQUETAS LEUCORREDUZIDA","","","AMB","HCO","HSO","REF","","","PROCESSAMENTO","MEDICINA TRANSFUSIONAL",""
"","","","","","","","","","","","TERAPÊUTICOS"
"","","","","","","","","","","","PROCEDIMENTOS DIAGNÓSTICOS E"
"UNIDADE DE CONCENTRADO DE PLAQUETAS POR AFÉRESE","","","AMB","HCO","HSO","REF","","","PROCESSAMENTO","MEDICINA TRANSFUSIONAL",""
"","","","","","","","","","","","TERAPÊUTICOS"
"","","","","","","","","","","","PROCEDIMENTOS DIAGNÓSTICOS E"
"UNIDADE DE CRIOPRECIPITADO","","","AMB","HCO","HSO","REF","","","PROCESSAMENTO","MEDICINA TRANSFUSIONAL",""
"","","","","","","","","","","","TERAPÊUTICOS"
"","","","","","","","","","","","PROCEDIMENTOS DIAGNÓSTICOS E"
"UNIDADE DE PLASMA FRESCO CONGELADO","","","AMB","HCO","HSO","REF","","","PROCESSAMENTO","MEDICINA TRANSFUSIONAL",""
"","","","","","","","","","","","TERAPÊUTICOS"
"","","","","","","","","","EXAMES DE QUALIFICAÇÃO NO SANGUE DO","",""
"","","","","","","","","","","","PROCEDIMENTOS DIAGNÓSTICOS E"
"AFÉRESE TERAPÊUTICA","","","AMB","HCO","HSO","REF","","","DOADOR OU PROVA PRÉ-TRANSFUSIONAL","MEDICINA TRANSFUSIONAL",""
"","","","","","","","","","","","TERAPÊUTICOS"
"","","","","","","","","","NO SANGUE DO RECEPTOR","",""
"","","","","","","","","","EXAMES DE QUALIFICAÇÃO NO SANGUE DO","",""
"","","","","","","","","","","","PROCEDIMENTOS DIAGNÓSTICOS E"
"ANTI-HIV I E II POR MÉTODO IMUNOENZIMÁTICO OU QUIMIOLUMINESCÊNCIA","","","AMB","HCO","HSO","REF","","","DOADOR OU PROVA PRÉ-TRANSFUSIONAL","MEDICINA TRANSFUSIONAL",""
"","","","","","","","","","","","TERAPÊUTICOS"
"","","","","","","","","","NO SANGUE DO RECEPTOR","",""
"","","","","","","","","","EXAMES DE QUALIFICAÇÃO NO SANGUE DO","",""
"","","","","","","","","","","","PROCEDIMENTOS DIAGNÓSTICOS E"
"CONTAGEM DE CÉLULAS CD34 / CD45 POSITIVAS","","","AMB","HCO","HSO","REF","PAC","","DOADOR OU PROVA PRÉ-TRANSFUSIONAL","MEDICINA TRANSFUSIONAL",""
"","","","","","","","","","","","TERAPÊUTICOS"
"","","","","","","","","","NO SANGUE DO RECEPTOR","",""
"","","","","","","","","","EXAMES DE QUALIFICAÇÃO NO SANGUE DO","",""
"DETECÇÃO DE HEMOGLOBINAS ANORMAIS (INVESTIGAÇÃO DE HEMOGLOBINA S E DE OUTRAS","","","","","","","","","","","PROCEDIMENTOS DIAGNÓSTICOS E"
"","","","AMB","HCO","HSO","REF","","","DOADOR OU PROVA PRÉ-TRANSFUSIONAL","MEDICINA TRANSFUSIONAL",""
"HEMOGLOBINAS ANORMAIS NO DOADOR DE SANGUE)","","","","","","","","","","","TERAPÊUTICOS"
"","","","","","","","","","NO SANGUE DO RECEPTOR","",""
