"","RN","","","","","","","","","",""
"PROCEDIMENTO","VIGÊNCIA","OD","AMB","HCO","HSO","REF","PAC","DUT","SUBGRUPO","GRUPO","CAPÍTULO"
"","(alteração)","","","","","","","","","",""
"","","","","","","","","","BIOQUÍMICA (SANGUE, URINA E OUTROS","","PROCEDIMENTOS DIAGNÓSTICOS E"
"GALACTOSE","","","AMB","HCO","HSO","REF","","","","PROCEDIMENTOS LABORATORIAIS",""
"","","","","","","","","","MATERIAIS)","","TERAPÊUTICOS"
"","","","","","","","","","BIOQUÍMICA (SANGUE, URINA E OUTROS","","PROCEDIMENTOS DIAGNÓSTICOS E"
"GALACTOSE-1-FOSFATO URIDILTRANSFERASE (COM DIRETRIZ DE UTILIZAÇÃO)","","","AMB","HCO","HSO","REF","PAC","26","","PROCEDIMENTOS LABORATORIAIS",""
"","","","","","","","","","MATERIAIS)","","TERAPÊUTICOS"
"","","","","","","","","","BIOQUÍMICA (SANGUE, URINA E OUTROS","","PROCEDIMENTOS DIAGNÓSTICOS E"
"GAMA-GLUTAMIL TRANSFERASE","","","AMB","HCO","HSO","REF","","","","PROCEDIMENTOS LABORATORIAIS",""
"","","","","","","","","","MATERIAIS)","","TERAPÊUTICOS"
"","","","","","","","","","BIOQUÍMICA (SANGUE, URINA E OUTROS","","PROCEDIMENTOS DIAGNÓSTICOS E"
"GASOMETRIA (PH, PCO2, TCO2, PO2, SAT O2, HCO3, EXCESSO DE BASE)","","","AMB","HCO","HSO","REF","","","","PROCEDIMENTOS LABORATORIAIS",""
"","","","","","","","","","MATERIAIS)","","TERAPÊUTICOS"
"","","","","","","","","","BIOQUÍMICA (SANGUE, URINA E OUTROS","","PROCEDIMENTOS DIAGNÓSTICOS E"
"GLICEMIA APÓS SOBRECARGA COM GLICOSE","","","AMB","HCO","HSO","REF","","","","PROCEDIMENTOS LABORATORIAIS",""
"","","","","","","","","","MATERIAIS)","","TERAPÊUTICOS"
"","","","","","","","","","BIOQUÍMICA (SANGUE, URINA E OUTROS","","PROCEDIMENTOS DIAGNÓSTICOS E"
"GLICOSE","","","AMB","HCO","HSO","REF","","","","PROCEDIMENTOS LABORATORIAIS",""
"","","","","","","","","","MATERIAIS)","","TERAPÊUTICOS"
"","","","","","","","","","BIOQUÍMICA (SANGUE, URINA E OUTROS","","PROCEDIMENTOS DIAGNÓSTICOS E"
"GLICOSE-6-FOSFATO DESIDROGENASE (G6PD)","","","AMB","HCO","HSO","REF","","","","PROCEDIMENTOS LABORATORIAIS",""
"","","","","","","","","","MATERIAIS)","","TERAPÊUTICOS"
"","","","","","","","","","BIOQUÍMICA (SANGUE, URINA E OUTROS","","PROCEDIMENTOS DIAGNÓSTICOS E"
"GLOBULINA","","","AMB","HCO","HSO","REF","","","","PROCEDIMENTOS LABORATORIAIS",""
"","","","","","","","","","MATERIAIS)","","TERAPÊUTICOS"
"","","","","","","","","","BIOQUÍMICA (SANGUE, URINA E OUTROS","","PROCEDIMENTOS DIAGNÓSTICOS E"
"HAPTOGLOBINA","","","AMB","HCO","HSO","REF","","","","PROCEDIMENTOS LABORATORIAIS",""
"","","","","","","","","","MATERIAIS)","","TERAPÊUTICOS"
"","","","","","","","","","BIOQUÍMICA (SANGUE, URINA E OUTROS","","PROCEDIMENTOS DIAGNÓSTICOS E"
"HEMOGLOBINA GLICOSILADA","","","AMB","HCO","HSO","REF","","","","PROCEDIMENTOS LABORATORIAIS",""
"","","","","","","","","","MATERIAIS)","","TERAPÊUTICOS"
"","","","","","","","","","BIOQUÍMICA (SANGUE, URINA E OUTROS","","PROCEDIMENTOS DIAGNÓSTICOS E"
"HEMOGLOBINA PLASMÁTICA LIVRE","","","AMB","HCO","HSO","REF","","","","PROCEDIMENTOS LABORATORIAIS",""
"","","","","","","","","","MATERIAIS)","","TERAPÊUTICOS"
"","","","","","","","","","BIOQUÍMICA (SANGUE, URINA E OUTROS","","PROCEDIMENTOS DIAGNÓSTICOS E"
"HEXOSAMINIDASE A, DOSAGEM","","","AMB","HCO","HSO","REF","","","","PROCEDIMENTOS LABORATORIAIS",""
"","","","","","","","","","MATERIAIS)","","TERAPÊUTICOS"
"","","","","","","","","","BIOQUÍMICA (SANGUE, URINA E OUTROS","","PROCEDIMENTOS DIAGNÓSTICOS E"
"HIDROXIPROLINA","","","AMB","HCO","HSO","REF","","","","PROCEDIMENTOS LABORATORIAIS",""
"","","","","","","","","","MATERIAIS)","","TERAPÊUTICOS"
"","","","","","","","","","BIOQUÍMICA (SANGUE, URINA E OUTROS","","PROCEDIMENTOS DIAGNÓSTICOS E"
"HOMOCISTINA, DOSAGEM","","","AMB","HCO","HSO","REF","","","","PROCEDIMENTOS LABORATORIAIS",""
"","","","","","","","","","MATERIAIS)","","TERAPÊUTICOS"
"","","","","","","","","","BIOQUÍMICA (SANGUE, URINA E OUTROS","","PROCEDIMENTOS DIAGNÓSTICOS E"
"HOMOCISTEÍNA - PESQUISA E/OU DOSAGEM","","","AMB","HCO","HSO","REF","","","","PROCEDIMENTOS LABORATORIAIS",""
"","","","","","","","","","MATERIAIS)","","TERAPÊUTICOS"
"","","","","","","","","","BIOQUÍMICA (SANGUE, URINA E OUTROS","","PROCEDIMENTOS DIAGNÓSTICOS E"
"IMUNOFIXAÇÃO PARA PROTEÍNAS (COM DIRETRIZ DE UTILIZAÇÃO)","","","AMB","HCO","HSO","REF","PAC","47","","PROCEDIMENTOS LABORATORIAIS",""
"","","","","","","","","","MATERIAIS)","","TERAPÊUTICOS"
"","","","","","","","","","BIOQUÍMICA (SANGUE, URINA E OUTROS","","PROCEDIMENTOS DIAGNÓSTICOS E"
"LACTOSE, TESTE DE TOLERÂNCIA","","","AMB","HCO","HSO","REF","","","","PROCEDIMENTOS LABORATORIAIS",""
"","","","","","","","","","MATERIAIS)","","TERAPÊUTICOS"
"","","","","","","","","","BIOQUÍMICA (SANGUE, URINA E OUTROS","","PROCEDIMENTOS DIAGNÓSTICOS E"
"LIPASE","","","AMB","HCO","HSO","REF","","","","PROCEDIMENTOS LABORATORIAIS",""
"","","","","","","","","","MATERIAIS)","","TERAPÊUTICOS"
"","","","","","","","","","BIOQUÍMICA (SANGUE, URINA E OUTROS","","PROCEDIMENTOS DIAGNÓSTICOS E"
"LIPÍDIOS TOTAIS","","","AMB","HCO","HSO","REF","","","","PROCEDIMENTOS LABORATORIAIS",""
"","","","","","","","","","MATERIAIS)","","TERAPÊUTICOS"
