"","RN","","","","","","","","","","",""
"PROCEDIMENTO","VIGÊNCIA","OD","AMB","HCO","HSO","REF","PAC","DUT","","SUBGRUPO","GRUPO","CAPÍTULO"
"","(alteração)","","","","","","","","","","",""
"","","","","","","","","","","","","PROCEDIMENTOS DIAGNÓSTICOS E"
"DENSITOMETRIA ÓSSEA - QUALQUER SEGMENTO","","","AMB","HCO","HSO","REF","","","RADIOGRAFIAS","","MÉTODOS DIAGNÓSTICOS POR IMAGEM",""
"","","","","","","","","","","","","TERAPÊUTICOS"
"","","","","","","","","","","","","PROCEDIMENTOS DIAGNÓSTICOS E"
"DRENAGEM PERCUTÂNEA ORIENTADA POR RX (ACRESCENTAR O EXAME DE BASE)","","","AMB","HCO","HSO","REF","","","RADIOGRAFIAS","","MÉTODOS DIAGNÓSTICOS POR IMAGEM",""
"","","","","","","","","","","","","TERAPÊUTICOS"
"","","","","","","","","","","","","PROCEDIMENTOS DIAGNÓSTICOS E"
"ESCANOMETRIA","","","AMB","HCO","HSO","REF","","","RADIOGRAFIAS","","MÉTODOS DIAGNÓSTICOS POR IMAGEM",""
"","","","","","","","","","","","","TERAPÊUTICOS"
"","","","","","","","","","","","","PROCEDIMENTOS DIAGNÓSTICOS E"
"ESPLENOPORTOGRAFIA PERCUTÂNEA","","","AMB","HCO","HSO","REF","PAC","","RADIOGRAFIAS","","MÉTODOS DIAGNÓSTICOS POR IMAGEM",""
"","","","","","","","","","","","","TERAPÊUTICOS"
"","","","","","","","","","","","","PROCEDIMENTOS DIAGNÓSTICOS E"
"ESTUDO DO DELGADO COM DUPLO CONTRASTE","","","AMB","HCO","HSO","REF","","","RADIOGRAFIAS","","MÉTODOS DIAGNÓSTICOS POR IMAGEM",""
"","","","","","","","","","","","","TERAPÊUTICOS"
"","","","","","","","","","","","","PROCEDIMENTOS DIAGNÓSTICOS E"
"FÁRMACO-CAVERNOSOGRAFIA (DINÂMICA)","","","AMB","HCO","HSO","REF","","","RADIOGRAFIAS","","MÉTODOS DIAGNÓSTICOS POR IMAGEM",""
"","","","","","","","","","","","","TERAPÊUTICOS"
"","","","","","","","","","","","","PROCEDIMENTOS DIAGNÓSTICOS E"
"FISTULOGRAFIA","","","AMB","HCO","HSO","REF","","","RADIOGRAFIAS","","MÉTODOS DIAGNÓSTICOS POR IMAGEM",""
"","","","","","","","","","","","","TERAPÊUTICOS"
"","","","","","","","","","","","","PROCEDIMENTOS DIAGNÓSTICOS E"
"FLEBOGRAFIA POR PUNÇÃO VENOSA","","","AMB","HCO","HSO","REF","PAC","","RADIOGRAFIAS","","MÉTODOS DIAGNÓSTICOS POR IMAGEM",""
"","","","","","","","","","","","","TERAPÊUTICOS"
"","","","","","","","","","","","","PROCEDIMENTOS DIAGNÓSTICOS E"
"FLEBOGRAFIA RETRÓGRADA POR CATETERISMO","","","AMB","HCO","HSO","REF","PAC","","RADIOGRAFIAS","","MÉTODOS DIAGNÓSTICOS POR IMAGEM",""
"","","","","","","","","","","","","TERAPÊUTICOS"
"","","","","","","","","","","","","PROCEDIMENTOS DIAGNÓSTICOS E"
"HISTEROSSALPINGOGRAFIA","","","AMB","HCO","HSO","REF","","","RADIOGRAFIAS","","MÉTODOS DIAGNÓSTICOS POR IMAGEM",""
"","","","","","","","","","","","","TERAPÊUTICOS"
"","","","","","","","","","","","","PROCEDIMENTOS DIAGNÓSTICOS E"
"LINFANGIOADENOGRAFIA","","","AMB","HCO","HSO","REF","PAC","","RADIOGRAFIAS","","MÉTODOS DIAGNÓSTICOS POR IMAGEM",""
"","","","","","","","","","","","","TERAPÊUTICOS"
"","","","","","","","","","","","","PROCEDIMENTOS DIAGNÓSTICOS E"
"MAMOGRAFIA CONVENCIONAL","","","AMB","HCO","HSO","REF","","","RADIOGRAFIAS","","MÉTODOS DIAGNÓSTICOS POR IMAGEM",""
"","","","","","","","","","","","","TERAPÊUTICOS"
"","","","","","","","","","","","","PROCEDIMENTOS DIAGNÓSTICOS E"
"MAMOGRAFIA DIGITAL (COM DIRETRIZ DE UTILIZAÇÃO)","","","AMB","HCO","HSO","REF","PAC","52","RADIOGRAFIAS","","MÉTODOS DIAGNÓSTICOS POR IMAGEM",""
"","","","","","","","","","","","","TERAPÊUTICOS"
"","","","","","","","","","","","","PROCEDIMENTOS DIAGNÓSTICOS E"
"MIELOGRAFIA","","","AMB","HCO","HSO","REF","PAC","","RADIOGRAFIAS","","MÉTODOS DIAGNÓSTICOS POR IMAGEM",""
"","","","","","","","","","","","","TERAPÊUTICOS"
"","","","","","","","","","","","","PROCEDIMENTOS DIAGNÓSTICOS E"
"MORFOMETRIA DIGITAL (COLUNA OU FÊMUR)","","","AMB","HCO","HSO","REF","","","RADIOGRAFIAS","","MÉTODOS DIAGNÓSTICOS POR IMAGEM",""
"","","","","","","","","","","","","TERAPÊUTICOS"
"","","","","","","","","","","","","PROCEDIMENTOS DIAGNÓSTICOS E"
"PIELOGRAFIA ASCENDENTE","","","AMB","HCO","HSO","REF","","","RADIOGRAFIAS","","MÉTODOS DIAGNÓSTICOS POR IMAGEM",""
"","","","","","","","","","","","","TERAPÊUTICOS"
"","","","","","","","","","","","","PROCEDIMENTOS DIAGNÓSTICOS E"
"PLANIGRAFIA DE COLUNA VERTEBRAL","","","AMB","HCO","HSO","REF","","","RADIOGRAFIAS","","MÉTODOS DIAGNÓSTICOS POR IMAGEM",""
"","","","","","","","","","","","","TERAPÊUTICOS"
"","","","","","","","","","","","","PROCEDIMENTOS DIAGNÓSTICOS E"
"PLANIGRAFIA DE OSSO","","","AMB","HCO","HSO","REF","","","RADIOGRAFIAS","","MÉTODOS DIAGNÓSTICOS POR IMAGEM",""
"","","","","","","","","","","","","TERAPÊUTICOS"
"","","","","","","","","","","","","PROCEDIMENTOS DIAGNÓSTICOS E"
"PLANIGRAFIA DE TÓRAX, MEDIASTINO OU LARINGE","","","AMB","HCO","HSO","REF","","","RADIOGRAFIAS","","MÉTODOS DIAGNÓSTICOS POR IMAGEM",""
"","","","","","","","","","","","","TERAPÊUTICOS"
