"","RN","","","","","","","","","",""
"PROCEDIMENTO","VIGÊNCIA","OD","AMB","HCO","HSO","REF","PAC","DUT","SUBGRUPO","GRUPO","CAPÍTULO"
"","(alteração)","","","","","","","","","",""
"","","","","","","","","","","","PROCEDIMENTOS DIAGNÓSTICOS E"
"DOPPLER COLORIDO DE ÓRGÃOS OU ESTRUTURAS (INCLUI CORAÇÃO)","","","AMB","HCO","HSO","REF","","","ULTRASSONOGRAFIA DIAGNÓSTICA","MÉTODOS DIAGNÓSTICOS POR IMAGEM",""
"","","","","","","","","","","","TERAPÊUTICOS"
"","","","","","","","","","","","PROCEDIMENTOS DIAGNÓSTICOS E"
"DOPPLER COLORIDO DE VASOS CERVICAIS ARTERIAIS (CARÓTIDAS E VERTEBRAIS)","","","AMB","HCO","HSO","REF","","","ULTRASSONOGRAFIA DIAGNÓSTICA","MÉTODOS DIAGNÓSTICOS POR IMAGEM",""
"","","","","","","","","","","","TERAPÊUTICOS"
"","","","","","","","","","","","PROCEDIMENTOS DIAGNÓSTICOS E"
"DOPPLER COLORIDO DE VASOS CERVICAIS VENOSOS (SUBCLÁVIAS E JUGULARES)","","","AMB","HCO","HSO","REF","","","ULTRASSONOGRAFIA DIAGNÓSTICA","MÉTODOS DIAGNÓSTICOS POR IMAGEM",""
"","","","","","","","","","","","TERAPÊUTICOS"
"","","","","","","","","","","","PROCEDIMENTOS DIAGNÓSTICOS E"
"DOPPLER COLORIDO DE VEIA CAVA SUPERIOR OU INFERIOR","","","AMB","HCO","HSO","REF","","","ULTRASSONOGRAFIA DIAGNÓSTICA","MÉTODOS DIAGNÓSTICOS POR IMAGEM",""
"","","","","","","","","","","","TERAPÊUTICOS"
"","","","","","","","","","","","PROCEDIMENTOS DIAGNÓSTICOS E"
"DOPPLER COLORIDO PENIANO COM OU SEM FÁRMACO-INDUÇÃO","","","AMB","HCO","HSO","REF","","","ULTRASSONOGRAFIA DIAGNÓSTICA","MÉTODOS DIAGNÓSTICOS POR IMAGEM",""
"","","","","","","","","","","","TERAPÊUTICOS"
"","","","","","","","","","","","PROCEDIMENTOS DIAGNÓSTICOS E"
"DOPPLER COLORIDO TRANSCRANIANO OU TRANSFONTANELA","","","AMB","HCO","HSO","REF","","","ULTRASSONOGRAFIA DIAGNÓSTICA","MÉTODOS DIAGNÓSTICOS POR IMAGEM",""
"","","","","","","","","","","","TERAPÊUTICOS"
"","","","","","","","","","","","PROCEDIMENTOS DIAGNÓSTICOS E"
"DOPPLER COLORIDO VENOSO DE MEMBROS INFERIORES","","","AMB","HCO","HSO","REF","","","ULTRASSONOGRAFIA DIAGNÓSTICA","MÉTODOS DIAGNÓSTICOS POR IMAGEM",""
"","","","","","","","","","","","TERAPÊUTICOS"
"","","","","","","","","","","","PROCEDIMENTOS DIAGNÓSTICOS E"
"DOPPLER COLORIDO VENOSO DE MEMBROS SUPERIORES","","","AMB","HCO","HSO","REF","","","ULTRASSONOGRAFIA DIAGNÓSTICA","MÉTODOS DIAGNÓSTICOS POR IMAGEM",""
"","","","","","","","","","","","TERAPÊUTICOS"
"","","","","","","","","","","","PROCEDIMENTOS DIAGNÓSTICOS E"
"DUPLEX SCAN VASCULAR PERIFÉRICO","","","AMB","HCO","HSO","REF","","","ULTRASSONOGRAFIA DIAGNÓSTICA","MÉTODOS DIAGNÓSTICOS POR IMAGEM",""
"","","","","","","","","","","","TERAPÊUTICOS"
"","","","","","","","","","","","PROCEDIMENTOS DIAGNÓSTICOS E"
"DOPPLER COLORIDO DE ARTÉRIAS PENIANAS","","","AMB","HCO","HSO","REF","","","ULTRASSONOGRAFIA DIAGNÓSTICA","MÉTODOS DIAGNÓSTICOS POR IMAGEM",""
"","","","","","","","","","","","TERAPÊUTICOS"
"","","","","","","","","","","","PROCEDIMENTOS DIAGNÓSTICOS E"
"ECODOPPLERCARDIOGRAMA COM CONTRASTE INTRACAVITÁRIO","","","AMB","HCO","HSO","REF","","","ULTRASSONOGRAFIA DIAGNÓSTICA","MÉTODOS DIAGNÓSTICOS POR IMAGEM",""
"","","","","","","","","","","","TERAPÊUTICOS"
"","","","","","","","","","","","PROCEDIMENTOS DIAGNÓSTICOS E"
"ECODOPPLERCARDIOGRAMA COM CONTRASTE PARA PERFUSÃO MIOCÁRDICA","","","AMB","HCO","HSO","REF","","","ULTRASSONOGRAFIA DIAGNÓSTICA","MÉTODOS DIAGNÓSTICOS POR IMAGEM",""
"","","","","","","","","","","","TERAPÊUTICOS"
"","","","","","","","","","","","PROCEDIMENTOS DIAGNÓSTICOS E"
"ECODOPPLERCARDIOGRAMA COM ESTRESSE FARMACOLÓGICO/ESTRESSE FÍSICO","","","AMB","HCO","HSO","REF","","","ULTRASSONOGRAFIA DIAGNÓSTICA","MÉTODOS DIAGNÓSTICOS POR IMAGEM",""
"","","","","","","","","","","","TERAPÊUTICOS"
"","","","","","","","","","","","PROCEDIMENTOS DIAGNÓSTICOS E"
"ECODOPPLERCARDIOGRAMA FETAL COM MAPEAMENTO DE FLUXO (COM DIRETRIZ DE UTILIZAÇÃO)","","","AMB","HCO","","REF","","20","ULTRASSONOGRAFIA DIAGNÓSTICA","MÉTODOS DIAGNÓSTICOS POR IMAGEM",""
"","","","","","","","","","","","TERAPÊUTICOS"
"","","","","","","","","","","","PROCEDIMENTOS DIAGNÓSTICOS E"
"ECODOPPLERCARDIOGRAMA TRANSESOFÁGICO","","","AMB","HCO","HSO","REF","","","ULTRASSONOGRAFIA DIAGNÓSTICA","MÉTODOS DIAGNÓSTICOS POR IMAGEM",""
"","","","","","","","","","","","TERAPÊUTICOS"
"","","","","","","","","","","","PROCEDIMENTOS DIAGNÓSTICOS E"
"ECODOPPLERCARDIOGRAMA TRANSTORÁCICO","","","AMB","HCO","HSO","REF","","","ULTRASSONOGRAFIA DIAGNÓSTICA","MÉTODOS DIAGNÓSTICOS POR IMAGEM",""
"","","","","","","","","","","","TERAPÊUTICOS"
"","","","","","","","","","","","PROCEDIMENTOS DIAGNÓSTICOS E"
"ESTUDO DE VASO COM DOPPLER PULSADO CONTÍNUO CONVENCIONAL","","","AMB","HCO","HSO","REF","","","ULTRASSONOGRAFIA DIAGNÓSTICA","MÉTODOS DIAGNÓSTICOS POR IMAGEM",""
"","","","","","","","","","","","TERAPÊUTICOS"
"","","","","","","","","","","","PROCEDIMENTOS DIAGNÓSTICOS E"
"ELASTOGRAFIA HEPÁTICA ULTRASSÔNICA (COM DIRETRIZ DE UTILIZAÇÃO)","","","AMB","HCO","HSO","REF","","119","ULTRASSONOGRAFIA DIAGNÓSTICA","MÉTODOS DIAGNÓSTICOS POR IMAGEM",""
"","","","","","","","","","","","TERAPÊUTICOS"
"","","","","","","","","","","","PROCEDIMENTOS DIAGNÓSTICOS E"
"ULTRASSONOGRAFIA ARTICULAR","","","AMB","HCO","HSO","REF","","","ULTRASSONOGRAFIA DIAGNÓSTICA","MÉTODOS DIAGNÓSTICOS POR IMAGEM",""
"","","","","","","","","","","","TERAPÊUTICOS"
