"","RN","","","","","","","","","",""
"PROCEDIMENTO","VIGÊNCIA","OD","AMB","HCO","HSO","REF","PAC","DUT","SUBGRUPO","GRUPO","CAPÍTULO"
"","(alteração)","","","","","","","","","",""
"","","","","","","","","","","SISTEMA MÚSCULO-ESQUELÉTICO E",""
"TRATAMENTO CIRÚRGICO REPARADOR DA PERDA DE SUBSTÂNCIA DA MÃO","","","","HCO","HSO","REF","","","MEMBROS SUPERIORES","","PROCEDIMENTOS CIRÚRGICOS E INVASIVOS"
"","","","","","","","","","","ARTICULAÇÕES",""
"","","","","","","","","","","SISTEMA MÚSCULO-ESQUELÉTICO E",""
"TRATAMENTO DA DOENÇA DE KIENBOCK COM TRANSPLANTE VASCULARIZADO","","","","HCO","HSO","REF","","","MEMBROS SUPERIORES","","PROCEDIMENTOS CIRÚRGICOS E INVASIVOS"
"","","","","","","","","","","ARTICULAÇÕES",""
"","","","","","","","","","","SISTEMA MÚSCULO-ESQUELÉTICO E",""
"TRATAMENTO DA PSEUDARTROSE COM PERDA DE SUBSTÂNCIAS DE METACARPIANO E FALANGES","","","","HCO","HSO","REF","","","MEMBROS SUPERIORES","","PROCEDIMENTOS CIRÚRGICOS E INVASIVOS"
"","","","","","","","","","","ARTICULAÇÕES",""
"TRATAMENTO DA PSEUDOARTROSE DO ESCAFÓIDE COM TRANSPLANTE ÓSSEO VASCULARIZADO COM OU","","","","","","","","","","SISTEMA MÚSCULO-ESQUELÉTICO E",""
"","","","","HCO","HSO","REF","","","MEMBROS SUPERIORES","","PROCEDIMENTOS CIRÚRGICOS E INVASIVOS"
"SEM FIXAÇÃO COM MICRO PARAFUSO","","","","","","","","","","ARTICULAÇÕES",""
"","","","","","","","","","","SISTEMA MÚSCULO-ESQUELÉTICO E",""
"ARTRODESE / FRATURA DE ACETÁBULO (LIGAMENTOTAXIA) COM OU SEM FIXADOR EXTERNO","","","","HCO","HSO","REF","","","CINTURA PÉLVICA","","PROCEDIMENTOS CIRÚRGICOS E INVASIVOS"
"","","","","","","","","","","ARTICULAÇÕES",""
"","","","","","","","","","","SISTEMA MÚSCULO-ESQUELÉTICO E",""
"ARTRODESE COXO-FEMORAL EM GERAL - TRATAMENTO CIRÚRGICO","","","","HCO","HSO","REF","","","CINTURA PÉLVICA","","PROCEDIMENTOS CIRÚRGICOS E INVASIVOS"
"","","","","","","","","","","ARTICULAÇÕES",""
"","","","","","","","","","","SISTEMA MÚSCULO-ESQUELÉTICO E",""
"ARTRODIASTASE DE QUADRIL","","","","HCO","HSO","REF","","","CINTURA PÉLVICA","","PROCEDIMENTOS CIRÚRGICOS E INVASIVOS"
"","","","","","","","","","","ARTICULAÇÕES",""
"","","","","","","","","","","SISTEMA MÚSCULO-ESQUELÉTICO E",""
"ARTROPLASTIA - TRATAMENTO CIRÚRGICO","","","","HCO","HSO","REF","","","CINTURA PÉLVICA","","PROCEDIMENTOS CIRÚRGICOS E INVASIVOS"
"","","","","","","","","","","ARTICULAÇÕES",""
"","","","","","","","","","","SISTEMA MÚSCULO-ESQUELÉTICO E",""
"ARTROPLASTIA DE QUADRIL INFECTADA (RETIRADA DOS COMPONENTES) - TRATAMENTO CIRÚRGICO","","","","HCO","HSO","REF","","","CINTURA PÉLVICA","","PROCEDIMENTOS CIRÚRGICOS E INVASIVOS"
"","","","","","","","","","","ARTICULAÇÕES",""
"","","","","","","","","","","SISTEMA MÚSCULO-ESQUELÉTICO E",""
"ARTROPLASTIA DE RESSECÇÃO DO QUADRIL (GIRDLESTONE)","","","","HCO","HSO","REF","","","CINTURA PÉLVICA","","PROCEDIMENTOS CIRÚRGICOS E INVASIVOS"
"","","","","","","","","","","ARTICULAÇÕES",""
"","","","","","","","","","","SISTEMA MÚSCULO-ESQUELÉTICO E",""
"ARTROPLASTIA PARCIAL DO QUADRIL - TRATAMENTO CIRÚRGICO","","","","HCO","HSO","REF","","","CINTURA PÉLVICA","","PROCEDIMENTOS CIRÚRGICOS E INVASIVOS"
"","","","","","","","","","","ARTICULAÇÕES",""
"ARTROPLASTIA TOTAL DE QUADRIL INFECTADA (INCISÃO E DRENAGEM ARTRITE SÉPTICA) - TRATAMENTO","","","","","","","","","","SISTEMA MÚSCULO-ESQUELÉTICO E",""
"","","","","HCO","HSO","REF","","","CINTURA PÉLVICA","","PROCEDIMENTOS CIRÚRGICOS E INVASIVOS"
"CIRÚRGICO","","","","","","","","","","ARTICULAÇÕES",""
"","","","","","","","","","","SISTEMA MÚSCULO-ESQUELÉTICO E",""
"ARTROTOMIA COXO-FEMORAL - TRATAMENTO CIRÚRGICO","","","","HCO","HSO","REF","","","CINTURA PÉLVICA","","PROCEDIMENTOS CIRÚRGICOS E INVASIVOS"
"","","","","","","","","","","ARTICULAÇÕES",""
"","","","","","","","","","","SISTEMA MÚSCULO-ESQUELÉTICO E",""
"BIÓPSIA CIRÚRGICA COXO-FEMORAL","","","","HCO","HSO","REF","","","CINTURA PÉLVICA","","PROCEDIMENTOS CIRÚRGICOS E INVASIVOS"
"","","","","","","","","","","ARTICULAÇÕES",""
"","","","","","","","","","","SISTEMA MÚSCULO-ESQUELÉTICO E",""
"BIÓPSIA CIRÚRGICA DA CINTURA PÉLVICA","","","","HCO","HSO","REF","","","CINTURA PÉLVICA","","PROCEDIMENTOS CIRÚRGICOS E INVASIVOS"
"","","","","","","","","","","ARTICULAÇÕES",""
"","","","","","","","","","","SISTEMA MÚSCULO-ESQUELÉTICO E",""
"DESARTICULAÇÃO COXO-FEMORAL - TRATAMENTO CIRÚRGICO","","","","HCO","HSO","REF","","","CINTURA PÉLVICA","","PROCEDIMENTOS CIRÚRGICOS E INVASIVOS"
"","","","","","","","","","","ARTICULAÇÕES",""
"","","","","","","","","","","SISTEMA MÚSCULO-ESQUELÉTICO E",""
"DESARTICULAÇÃO INTERÍLIO ABDOMINAL - TRATAMENTO CIRÚRGICO","","","","HCO","HSO","REF","","","CINTURA PÉLVICA","","PROCEDIMENTOS CIRÚRGICOS E INVASIVOS"
"","","","","","","","","","","ARTICULAÇÕES",""
"","","","","","","","","","","SISTEMA MÚSCULO-ESQUELÉTICO E",""
"EPIFISIODESE C/ ABAIXAMENTO DO GRANDE TROCANTER","","","","HCO","HSO","REF","","","CINTURA PÉLVICA","","PROCEDIMENTOS CIRÚRGICOS E INVASIVOS"
"","","","","","","","","","","ARTICULAÇÕES",""
"","","","","","","","","","","SISTEMA MÚSCULO-ESQUELÉTICO E",""
"EPIFISIOLISTESE PROXIMAL DE FÊMUR (FIXAÇÃO ""IN SITU"")","","","","HCO","HSO","REF","","","CINTURA PÉLVICA","","PROCEDIMENTOS CIRÚRGICOS E INVASIVOS"
"","","","","","","","","","","ARTICULAÇÕES",""
