"","RN","","","","","","","","","","",""
"PROCEDIMENTO","VIGÊNCIA","OD","AMB","HCO","HSO","REF","PAC","DUT","","SUBGRUPO","GRUPO","CAPÍTULO"
"","(alteração)","","","","","","","","","","",""
"","","","","","","","","","","CIRURGIA REPARADORA E FUNCIONAL DA","",""
"TRATAMENTO CIRÚRGICO DE LUXAÇÃO DA ATM","","","","HCO","HSO","REF","","","","","CABEÇA E PESCOÇO","PROCEDIMENTOS CIRÚRGICOS E INVASIVOS"
"","","","","","","","","","FACE","","",""
"","","","","","","","","","","CIRURGIA REPARADORA E FUNCIONAL DA","",""
"TRATAMENTO CIRÚRGICO DE TUMORES E EXOSTOSES","","","","HCO","HSO","REF","","","","","CABEÇA E PESCOÇO","PROCEDIMENTOS CIRÚRGICOS E INVASIVOS"
"","","","","","","","","","FACE","","",""
"","","","","","","","","","","CIRURGIA REPARADORA E FUNCIONAL DA","",""
"TRATAMENTO CIRURGICO OU ARTROPLASTIA PARA LUXAÇÃO DA ARTICULAÇÃO TÊMPORO-MANDIBULAR","","","","HCO","HSO","REF","","","","","CABEÇA E PESCOÇO","PROCEDIMENTOS CIRÚRGICOS E INVASIVOS"
"","","","","","","","","","FACE","","",""
"TRATAMENTO CIRURGICO OU ARTROPLASTIA PARA LUXAÇÃO DA ARTICULAÇÃO TÊMPORO-MANDIBULAR","","","","","","","","","","CIRURGIA REPARADORA E FUNCIONAL DA","",""
"","","","","HCO","HSO","REF","","","","","CABEÇA E PESCOÇO","PROCEDIMENTOS CIRÚRGICOS E INVASIVOS"
"POR ARTROSCOPIA","","","","","","","","","FACE","","",""
"CORREÇÃO DE TUMORES, CICATRIZES OU FERIMENTOS COM O AUXÍLIO DE EXPANSORES DE TECIDOS","","","","HCO","HSO","REF","","","FACE","","CABEÇA E PESCOÇO","PROCEDIMENTOS CIRÚRGICOS E INVASIVOS"
"EXÉRESE DE CISTO","","","AMB","HCO","HSO","REF","","","FACE","","CABEÇA E PESCOÇO","PROCEDIMENTOS CIRÚRGICOS E INVASIVOS"
"EXÉRESE DE TUMOR OU FÍSTULA","","","","HCO","HSO","REF","","","FACE","","CABEÇA E PESCOÇO","PROCEDIMENTOS CIRÚRGICOS E INVASIVOS"
"HEMIATROFIA FACIAL, CORREÇÃO COM ENXERTO DE GORDURA OU IMPLANTE","","","","HCO","HSO","REF","","","FACE","","CABEÇA E PESCOÇO","PROCEDIMENTOS CIRÚRGICOS E INVASIVOS"
"REANIMAÇÃO COM O MÚSCULO TEMPORAL PARA O TRATAMENTO DA PARALISIA FACIAL, COM OU SEM","","","","","","","","","","","",""
"","","","","HCO","HSO","REF","","","FACE","","CABEÇA E PESCOÇO","PROCEDIMENTOS CIRÚRGICOS E INVASIVOS"
"NEUROTIZAÇÃO","","","","","","","","","","","",""
"RECONSTRUÇÃO COM RETALHO AXIAL DA ARTÉRIA TEMPORAL SUPERFICIAL","","","","HCO","HSO","REF","","","FACE","","CABEÇA E PESCOÇO","PROCEDIMENTOS CIRÚRGICOS E INVASIVOS"
"RECONSTRUÇÃO COM RETALHOS AXIAIS SUPRA-ORBITAIS E SUPRATROCLEARES","","","","HCO","HSO","REF","","","FACE","","CABEÇA E PESCOÇO","PROCEDIMENTOS CIRÚRGICOS E INVASIVOS"
"RECONSTRUÇÃO COM RETALHOS EM VY DE PEDÍCULO SUBARTERIAL","","","","HCO","HSO","REF","","","FACE","","CABEÇA E PESCOÇO","PROCEDIMENTOS CIRÚRGICOS E INVASIVOS"
"RECONSTRUÇÃO COM ROTAÇÃO DO MÚSCULO TEMPORAL","","","","HCO","HSO","REF","","","FACE","","CABEÇA E PESCOÇO","PROCEDIMENTOS CIRÚRGICOS E INVASIVOS"
"BIÓPSIA DE MANDÍBULA/MAXILA (COM DIRETRIZ DE UTILIZAÇÃO)","","OD","AMB","HCO","HSO","REF","","85","MANDÍBULA E MAXILA","","CABEÇA E PESCOÇO","PROCEDIMENTOS CIRÚRGICOS E INVASIVOS"
"TRATAMENTO CIRÚRGICO DE TUMORES BENIGNOS ODONTOGÊNICOS SEM RECONSTRUÇÃO (COM DIRETRIZ","","","","","","","","","","","",""
"","","OD","AMB","HCO","HSO","REF","","87","MANDÍBULA E MAXILA","","CABEÇA E PESCOÇO","PROCEDIMENTOS CIRÚRGICOS E INVASIVOS"
"DE UTILIZAÇÃO)","","","","","","","","","","","",""
"REMOÇÃO DE ODONTOMA","","OD","AMB","HCO","HSO","REF","","","MANDÍBULA E MAXILA","","CABEÇA E PESCOÇO","PROCEDIMENTOS CIRÚRGICOS E INVASIVOS"
"TRATAMENTO CIRÚRGICO DE HIPERPLASIAS DE TECIDOS ÓSSEOS/CARTILAGINOSOS NA REGIÃO BUCO-","","","","","","","","","","","",""
"","","OD","AMB","HCO","HSO","REF","","88","MANDÍBULA E MAXILA","","CABEÇA E PESCOÇO","PROCEDIMENTOS CIRÚRGICOS E INVASIVOS"
"MAXILO-FACIAL (COM DIRETRIZ DE UTILIZAÇÃO)","","","","","","","","","","","",""
"TRATAMENTO CIRÚRGICO DE TUMORES BENIGNOS DE TECIDOS ÓSSEOS/CARTILAGINOSOS NA REGIÃO","","","","","","","","","","","",""
"","","OD","AMB","HCO","HSO","REF","","88","MANDÍBULA E MAXILA","","CABEÇA E PESCOÇO","PROCEDIMENTOS CIRÚRGICOS E INVASIVOS"
"BUCO-MAXILO-FACIAL (COM DIRETRIZ DE UTILIZAÇÃO)","","","","","","","","","","","",""
"EXÉRESE DE PEQUENOS CISTOS DE MANDÍBULA/MAXILA (COM DIRETRIZ DE UTILIZAÇÃO)","","OD","AMB","HCO","HSO","REF","","91","MANDÍBULA E MAXILA","","CABEÇA E PESCOÇO","PROCEDIMENTOS CIRÚRGICOS E INVASIVOS"
