"","RN","","","","","","","","","",""
"PROCEDIMENTO","VIGÊNCIA","OD","AMB","HCO","HSO","REF","PAC","DUT","SUBGRUPO","GRUPO","CAPÍTULO"
"","(alteração)","","","","","","","","","",""
"INTERRUPÇÃO CIRÚRGICA VEIA CAVA INFERIOR","","","","HCO","HSO","REF","","CIRURGIA VENOSA","","SISTEMA CÁRDIO-CIRCULATÓRIO","PROCEDIMENTOS CIRÚRGICOS E INVASIVOS"
"TROMBECTOMIA VENOSA","","","","HCO","HSO","REF","","CIRURGIA VENOSA","","SISTEMA CÁRDIO-CIRCULATÓRIO","PROCEDIMENTOS CIRÚRGICOS E INVASIVOS"
"VALVULOPLASTIA OU INTERPOSIÇÃO DE SEGMENTO VALVULADO VENOSO","","","","HCO","HSO","REF","","CIRURGIA VENOSA","","SISTEMA CÁRDIO-CIRCULATÓRIO","PROCEDIMENTOS CIRÚRGICOS E INVASIVOS"
"VARIZES - TRATAMENTO CIRÚRGICO","","","","HCO","HSO","REF","","CIRURGIA VENOSA","","SISTEMA CÁRDIO-CIRCULATÓRIO","PROCEDIMENTOS CIRÚRGICOS E INVASIVOS"
"","","","","","","","","","FÍSTULAS ARTERIOVENOSAS CONGÊNITAS","",""
"FÍSTULA AORTO-CAVA, RENO-CAVA OU ÍLIO-ILÍACA","","","","HCO","HSO","REF","","","","SISTEMA CÁRDIO-CIRCULATÓRIO","PROCEDIMENTOS CIRÚRGICOS E INVASIVOS"
"","","","","","","","","OU ADQUIRIDAS","","",""
"","","","","","","","","","FÍSTULAS ARTERIOVENOSAS CONGÊNITAS","",""
"FÍSTULA ARTERIOVENOSA - COM ENXERTO","","","AMB","HCO","HSO","REF","","","","SISTEMA CÁRDIO-CIRCULATÓRIO","PROCEDIMENTOS CIRÚRGICOS E INVASIVOS"
"","","","","","","","","OU ADQUIRIDAS","","",""
"","","","","","","","","","FÍSTULAS ARTERIOVENOSAS CONGÊNITAS","",""
"FÍSTULA ARTERIOVENOSA CERVICAL OU CEFÁLICA EXTRACRANIANA","","","","HCO","HSO","REF","","","","SISTEMA CÁRDIO-CIRCULATÓRIO","PROCEDIMENTOS CIRÚRGICOS E INVASIVOS"
"","","","","","","","","OU ADQUIRIDAS","","",""
"","","","","","","","","","FÍSTULAS ARTERIOVENOSAS CONGÊNITAS","",""
"FÍSTULA ARTERIOVENOSA CONGÊNITA - CIRURGIA COMPLEMENTAR","","","","HCO","HSO","REF","","","","SISTEMA CÁRDIO-CIRCULATÓRIO","PROCEDIMENTOS CIRÚRGICOS E INVASIVOS"
"","","","","","","","","OU ADQUIRIDAS","","",""
"","","","","","","","","","FÍSTULAS ARTERIOVENOSAS CONGÊNITAS","",""
"FÍSTULA ARTERIOVENOSA CONGÊNITA - CIRURGIA RADICAL","","","","HCO","HSO","REF","","","","SISTEMA CÁRDIO-CIRCULATÓRIO","PROCEDIMENTOS CIRÚRGICOS E INVASIVOS"
"","","","","","","","","OU ADQUIRIDAS","","",""
"","","","","","","","","","FÍSTULAS ARTERIOVENOSAS CONGÊNITAS","",""
"FÍSTULA ARTERIOVENOSA CONGÊNITA PARA REDUÇÃO DE FLUXO","","","","HCO","HSO","REF","","","","SISTEMA CÁRDIO-CIRCULATÓRIO","PROCEDIMENTOS CIRÚRGICOS E INVASIVOS"
"","","","","","","","","OU ADQUIRIDAS","","",""
"","","","","","","","","","FÍSTULAS ARTERIOVENOSAS CONGÊNITAS","",""
"FÍSTULA ARTERIOVENOSA DIRETA","","","AMB","HCO","HSO","REF","","","","SISTEMA CÁRDIO-CIRCULATÓRIO","PROCEDIMENTOS CIRÚRGICOS E INVASIVOS"
"","","","","","","","","OU ADQUIRIDAS","","",""
"","","","","","","","","","FÍSTULAS ARTERIOVENOSAS CONGÊNITAS","",""
"FÍSTULA ARTERIOVENOSA DOS GRANDES VASOS INTRATORÁCICOS","","","","HCO","HSO","REF","","","","SISTEMA CÁRDIO-CIRCULATÓRIO","PROCEDIMENTOS CIRÚRGICOS E INVASIVOS"
"","","","","","","","","OU ADQUIRIDAS","","",""
"","","","","","","","","","FÍSTULAS ARTERIOVENOSAS CONGÊNITAS","",""
"FÍSTULA ARTERIOVENOSA DOS MEMBROS","","","","HCO","HSO","REF","","","","SISTEMA CÁRDIO-CIRCULATÓRIO","PROCEDIMENTOS CIRÚRGICOS E INVASIVOS"
"","","","","","","","","OU ADQUIRIDAS","","",""
"","","","","","","","","","FÍSTULAS ARTERIOVENOSAS CONGÊNITAS","",""
"TROMBOEMBOLECTOMIA DE FÍSTULA ARTERIOVENOSA","","","","HCO","HSO","REF","","","","SISTEMA CÁRDIO-CIRCULATÓRIO","PROCEDIMENTOS CIRÚRGICOS E INVASIVOS"
"","","","","","","","","OU ADQUIRIDAS","","",""
"","","","","","","","","","HEMODIÁLISE DE CURTA E LONGA","",""
"COLOCAÇÃO E RETIRADA DE SHUNT TEMPORÁRIO","","","AMB","HCO","HSO","REF","","","","SISTEMA CÁRDIO-CIRCULATÓRIO","PROCEDIMENTOS CIRÚRGICOS E INVASIVOS"
"","","","","","","","","PERMANÊNCIA","","",""
"","","","","","","","","","HEMODIÁLISE DE CURTA E LONGA","",""
"CONSTRUÇÃO DE FISTULA ARTERIOVENOSA","","","AMB","HCO","HSO","REF","","","","SISTEMA CÁRDIO-CIRCULATÓRIO","PROCEDIMENTOS CIRÚRGICOS E INVASIVOS"
"","","","","","","","","PERMANÊNCIA","","",""
"HEMODEPURAÇÃO DE CASOS AGUDOS (SESSÃO DE HEMODIÁLISE, HEMOFILTRAÇÃO, HEMODIAFILTRAÇÃO","","","","","","","","","HEMODIÁLISE DE CURTA E LONGA","",""
"","","","AMB","HCO","HSO","REF","","","","SISTEMA CÁRDIO-CIRCULATÓRIO","PROCEDIMENTOS CIRÚRGICOS E INVASIVOS"
"ISOLADA, PLASMAFÉRESE OU HEMOPERFUSÃO)","","","","","","","","PERMANÊNCIA","","",""
"","","","","","","","","","HEMODIÁLISE DE CURTA E LONGA","",""
"HEMODIAFILTRAÇÃO ONLINE (HDF-OL)","","","AMB","HCO","HSO","REF","PAC","","","SISTEMA CÁRDIO-CIRCULATÓRIO","PROCEDIMENTOS CIRÚRGICOS E INVASIVOS"
"","","","","","","","","PERMANÊNCIA","","",""
"","","","","","","","","","HEMODIÁLISE DE CURTA E LONGA","",""
"HEMODIÁLISE CONTÍNUA","","","AMB","HCO","HSO","REF","","","","SISTEMA CÁRDIO-CIRCULATÓRIO","PROCEDIMENTOS CIRÚRGICOS E INVASIVOS"
"","","","","","","","","PERMANÊNCIA","","",""
