"","RN","","","","","","","","","",""
"PROCEDIMENTO","VIGÊNCIA","OD","AMB","HCO","HSO","REF","PAC","DUT","SUBGRUPO","GRUPO","CAPÍTULO"
"","(alteração)","","","","","","","","","",""
"","","","","","","","","","MÉTODOS INTERVENCIONISTAS","",""
"","","","","","","","","","","","PROCEDIMENTOS DIAGNÓSTICOS E"
"EMBOLIZAÇÃO PARA TRATAMENTO DE IMPOTÊNCIA","","","","HCO","HSO","REF","PAC","","DIAGNÓSTICOS E TERAPÊUTICOS POR","MÉTODOS DIAGNÓSTICOS POR IMAGEM",""
"","","","","","","","","","","","TERAPÊUTICOS"
"","","","","","","","","","IMAGEM","",""
"","","","","","","","","","MÉTODOS INTERVENCIONISTAS","",""
"","","","","","","","","","","","PROCEDIMENTOS DIAGNÓSTICOS E"
"EMBOLIZAÇÃO PULMONAR PARA TRATAMENTO DE FÍSTULA ARTERIOVENOSA OU OUTRA SITUAÇÃO","","","","HCO","HSO","REF","PAC","","DIAGNÓSTICOS E TERAPÊUTICOS POR","MÉTODOS DIAGNÓSTICOS POR IMAGEM",""
"","","","","","","","","","","","TERAPÊUTICOS"
"","","","","","","","","","IMAGEM","",""
"","","","","","","","","","MÉTODOS INTERVENCIONISTAS","",""
"","","","","","","","","","","","PROCEDIMENTOS DIAGNÓSTICOS E"
"EMBOLIZAÇÃO SELETIVA DE FÍSTULA OU ANEURISMA RENAL PARA TRATAMENTO DE HEMATÚRIA","","","","HCO","HSO","REF","PAC","","DIAGNÓSTICOS E TERAPÊUTICOS POR","MÉTODOS DIAGNÓSTICOS POR IMAGEM",""
"","","","","","","","","","","","TERAPÊUTICOS"
"","","","","","","","","","IMAGEM","",""
"","","","","","","","","","MÉTODOS INTERVENCIONISTAS","",""
"","","","","","","","","","","","PROCEDIMENTOS DIAGNÓSTICOS E"
"ESCLEROSE PERCUTÂNEA DE CISTO PANCREÁTICO","","","","HCO","HSO","REF","PAC","","DIAGNÓSTICOS E TERAPÊUTICOS POR","MÉTODOS DIAGNÓSTICOS POR IMAGEM",""
"","","","","","","","","","","","TERAPÊUTICOS"
"","","","","","","","","","IMAGEM","",""
"","","","","","","","","","MÉTODOS INTERVENCIONISTAS","",""
"","","","","","","","","","","","PROCEDIMENTOS DIAGNÓSTICOS E"
"ESCLEROSE PERCUTÂNEA DE MALFORMAÇÕES VENOSAS","","","","HCO","HSO","REF","PAC","","DIAGNÓSTICOS E TERAPÊUTICOS POR","MÉTODOS DIAGNÓSTICOS POR IMAGEM",""
"","","","","","","","","","","","TERAPÊUTICOS"
"","","","","","","","","","IMAGEM","",""
"","","","","","","","","","MÉTODOS INTERVENCIONISTAS","",""
"","","","","","","","","","","","PROCEDIMENTOS DIAGNÓSTICOS E"
"ESCLEROSE PERCUTÂNEA DE NÓDULOS BENIGNOS DIRIGIDA OU NÃO POR RX, US, TC, RM","","","","HCO","HSO","REF","PAC","","DIAGNÓSTICOS E TERAPÊUTICOS POR","MÉTODOS DIAGNÓSTICOS POR IMAGEM",""
"","","","","","","","","","","","TERAPÊUTICOS"
"","","","","","","","","","IMAGEM","",""
"","","","","","","","","","MÉTODOS INTERVENCIONISTAS","",""
"","","","","","","","","","","","PROCEDIMENTOS DIAGNÓSTICOS E"
"EXÉRESE PERCUTÂNEA DE TUMOR ORIENTADA POR RX, US, TC OU RM","","","","HCO","HSO","REF","PAC","","DIAGNÓSTICOS E TERAPÊUTICOS POR","MÉTODOS DIAGNÓSTICOS POR IMAGEM",""
"","","","","","","","","","","","TERAPÊUTICOS"
"","","","","","","","","","IMAGEM","",""
"","","","","","","","","","MÉTODOS INTERVENCIONISTAS","",""
"","","","","","","","","","","","PROCEDIMENTOS DIAGNÓSTICOS E"
"GASTROSTOMIA PERCUTÂNEA ORIENTADA POR RX OU TC","","","","HCO","HSO","REF","PAC","","DIAGNÓSTICOS E TERAPÊUTICOS POR","MÉTODOS DIAGNÓSTICOS POR IMAGEM",""
"","","","","","","","","","","","TERAPÊUTICOS"
"","","","","","","","","","IMAGEM","",""
"","","","","","","","","","MÉTODOS INTERVENCIONISTAS","",""
"IMPLANTE DE ENDOPRÓTESE EM ANEURISMA OU DISSECÇÃO DE AORTA ABDOMINAL OU TORÁCICA COM","","","","","","","","","","","PROCEDIMENTOS DIAGNÓSTICOS E"
"","","","","HCO","HSO","REF","PAC","","DIAGNÓSTICOS E TERAPÊUTICOS POR","MÉTODOS DIAGNÓSTICOS POR IMAGEM",""
"STENT REVESTIDO (STENT-GRAFT)","","","","","","","","","","","TERAPÊUTICOS"
"","","","","","","","","","IMAGEM","",""
"","","","","","","","","","MÉTODOS INTERVENCIONISTAS","",""
"","","","","","","","","","","","PROCEDIMENTOS DIAGNÓSTICOS E"
"LITOTRIPSIA MECÂNICA DE CÁLCULOS RENAIS ORIENTADA POR RX OU US","","","AMB","HCO","HSO","REF","PAC","","DIAGNÓSTICOS E TERAPÊUTICOS POR","MÉTODOS DIAGNÓSTICOS POR IMAGEM",""
"","","","","","","","","","","","TERAPÊUTICOS"
"","","","","","","","","","IMAGEM","",""
"","","","","","","","","","MÉTODOS INTERVENCIONISTAS","",""
"","","","","","","","","","","","PROCEDIMENTOS DIAGNÓSTICOS E"
"MANIPULAÇÃO DE DRENOS PÓS-DRENAGEM ORIENTADA OU NÃO POR IMAGEM","","","","HCO","HSO","REF","PAC","","DIAGNÓSTICOS E TERAPÊUTICOS POR","MÉTODOS DIAGNÓSTICOS POR IMAGEM",""
"","","","","","","","","","","","TERAPÊUTICOS"
"","","","","","","","","","IMAGEM","",""
"","","","","","","","","","MÉTODOS INTERVENCIONISTAS","",""
"","","","","","","","","","","","PROCEDIMENTOS DIAGNÓSTICOS E"
"NEFROSTOMIA PERCUTÂNEA ORIENTADA POR RX, US, TC OU RM","","","","HCO","HSO","REF","PAC","","DIAGNÓSTICOS E TERAPÊUTICOS POR","MÉTODOS DIAGNÓSTICOS POR IMAGEM",""
"","","","","","","","","","","","TERAPÊUTICOS"
"","","","","","","","","","IMAGEM","",""
"","","","","","","","","","MÉTODOS INTERVENCIONISTAS","",""
"","","","","","","","","","","","PROCEDIMENTOS DIAGNÓSTICOS E"
"OSTEOPLASTIA OU DISCECTOMIA PERCUTÂNEA (VERTEBROPLASTIA)","","","","HCO","HSO","REF","PAC","","DIAGNÓSTICOS E TERAPÊUTICOS POR","MÉTODOS DIAGNÓSTICOS POR IMAGEM",""
"","","","","","","","","","","","TERAPÊUTICOS"
"","","","","","","","","","IMAGEM","",""
"","","","","","","","","","MÉTODOS INTERVENCIONISTAS","",""
"","","","","","","","","","","","PROCEDIMENTOS DIAGNÓSTICOS E"
"PARACENTESE ORIENTADA POR RX OU US","","","AMB","HCO","HSO","REF","PAC","","DIAGNÓSTICOS E TERAPÊUTICOS POR","MÉTODOS DIAGNÓSTICOS POR IMAGEM",""
"","","","","","","","","","","","TERAPÊUTICOS"
"","","","","","","","","","IMAGEM","",""
"","","","","","","","","","MÉTODOS INTERVENCIONISTAS","",""
"","","","","","","","","","","","PROCEDIMENTOS DIAGNÓSTICOS E"
"PIELOGRAFIA PERCUTÂNEA ORIENTADA POR MÉTODOS DE IMAGEM","","","","HCO","HSO","REF","PAC","","DIAGNÓSTICOS E TERAPÊUTICOS POR","MÉTODOS DIAGNÓSTICOS POR IMAGEM",""
"","","","","","","","","","","","TERAPÊUTICOS"
"","","","","","","","","","IMAGEM","",""
"","","","","","","","","","MÉTODOS INTERVENCIONISTAS","",""
"","","","","","","","","","","","PROCEDIMENTOS DIAGNÓSTICOS E"
"PUNÇÃO ASPIRATIVA OU BIÓPSIA ORIENTADA POR IMAGEM","","","AMB","HCO","HSO","REF","PAC","","DIAGNÓSTICOS E TERAPÊUTICOS POR","MÉTODOS DIAGNÓSTICOS POR IMAGEM",""
"","","","","","","","","","","","TERAPÊUTICOS"
"","","","","","","","","","IMAGEM","",""
"","","","","","","","","","MÉTODOS INTERVENCIONISTAS","",""
"","","","","","","","","","","","PROCEDIMENTOS DIAGNÓSTICOS E"
"QUIMIOEMBOLIZAÇÃO PARA TRATAMENTO DE TUMOR HEPÁTICO","","","","HCO","HSO","REF","PAC","","DIAGNÓSTICOS E TERAPÊUTICOS POR","MÉTODOS DIAGNÓSTICOS POR IMAGEM",""
"","","","","","","","","","","","TERAPÊUTICOS"
"","","","","","","","","","IMAGEM","",""
"","","","","","","","","","MÉTODOS INTERVENCIONISTAS","",""
"","","","","","","","","","","","PROCEDIMENTOS DIAGNÓSTICOS E"
"QUIMIOTERAPIA POR CATETER","","","","HCO","HSO","REF","PAC","","DIAGNÓSTICOS E TERAPÊUTICOS POR","MÉTODOS DIAGNÓSTICOS POR IMAGEM",""
"","","","","","","","","","","","TERAPÊUTICOS"
"","","","","","","","","","IMAGEM","",""
"","","","","","","","","","MÉTODOS INTERVENCIONISTAS","",""
"","","","","","","","","","","","PROCEDIMENTOS DIAGNÓSTICOS E"
"QUIMIOTERAPIA SISTÊMICA","","","AMB","HCO","HSO","REF","PAC","","DIAGNÓSTICOS E TERAPÊUTICOS POR","MÉTODOS DIAGNÓSTICOS POR IMAGEM",""
"","","","","","","","","","","","TERAPÊUTICOS"
"","","","","","","","","","IMAGEM","",""
