"","RN","","","","","","","","","",""
"PROCEDIMENTO","VIGÊNCIA","OD","AMB","HCO","HSO","REF","PAC","DUT","SUBGRUPO","GRUPO","CAPÍTULO"
"","(alteração)","","","","","","","","","",""
"","","","","","","","","","","","PROCEDIMENTOS DIAGNÓSTICOS E"
"RECEPTOR DE ESTROGÊNIO, ENSAIO IMUNO-HISTOQUÍMICO","","","AMB","HCO","HSO","REF","PAC","","PROCEDIMENTOS","ANATOMIA PATOLÓGICA E CITOPATOLOGIA",""
"","","","","","","","","","","","TERAPÊUTICOS"
"","","","","","","","","","","","PROCEDIMENTOS DIAGNÓSTICOS E"
"RECEPTOR DE PROGESTERONA, ENSAIO IMUNO-HISTOQUÍMICO","","","AMB","HCO","HSO","REF","PAC","","PROCEDIMENTOS","ANATOMIA PATOLÓGICA E CITOPATOLOGIA",""
"","","","","","","","","","","","TERAPÊUTICOS"
"","","","","","","","","","","","PROCEDIMENTOS DIAGNÓSTICOS E"
"UREASE, TESTE RÁPIDO PARA HELICOBACTER PYLORI","","","AMB","HCO","HSO","REF","","","PROCEDIMENTOS","ANATOMIA PATOLÓGICA E CITOPATOLOGIA",""
"","","","","","","","","","","","TERAPÊUTICOS"
"","","","","","","","","","","","PROCEDIMENTOS DIAGNÓSTICOS E"
"ANGIOGRAFIA CAROTÍDIA (VIA FEMURAL)","","","AMB","HCO","HSO","REF","PAC","","CARDIOVASCULAR - IN VIVO","MEDICINA NUCLEAR",""
"","","","","","","","","","","","TERAPÊUTICOS"
"","","","","","","","","","","","PROCEDIMENTOS DIAGNÓSTICOS E"
"ANGIOGRAFIA RADIOISOTÓPICA","","","AMB","HCO","HSO","REF","PAC","","CARDIOVASCULAR - IN VIVO","MEDICINA NUCLEAR",""
"","","","","","","","","","","","TERAPÊUTICOS"
"","","","","","","","","","","","PROCEDIMENTOS DIAGNÓSTICOS E"
"CINTILOGRAFIA DO MIOCÁRDIO (INFARTO AGUDO)","","","AMB","HCO","HSO","REF","PAC","","CARDIOVASCULAR - IN VIVO","MEDICINA NUCLEAR",""
"","","","","","","","","","","","TERAPÊUTICOS"
"","","","","","","","","","","","PROCEDIMENTOS DIAGNÓSTICOS E"
"CINTILOGRAFIA DO MIOCÁRDIO COM FLUORDEOXIGLICOSE (FDG-FLÚOR-18)","","","AMB","HCO","HSO","REF","PAC","","CARDIOVASCULAR - IN VIVO","MEDICINA NUCLEAR",""
"","","","","","","","","","","","TERAPÊUTICOS"
"","","","","","","","","","","","PROCEDIMENTOS DIAGNÓSTICOS E"
"CINTILOGRAFIA DO MIOCÁRDIO PERFUSÃO - ESTRESSE FARMACOLÓGICO (COM DIRETRIZ DE UTILIZAÇÃO)","","","AMB","HCO","HSO","REF","PAC","10","CARDIOVASCULAR - IN VIVO","MEDICINA NUCLEAR",""
"","","","","","","","","","","","TERAPÊUTICOS"
"","","","","","","","","","","","PROCEDIMENTOS DIAGNÓSTICOS E"
"CINTILOGRAFIA DO MIOCÁRDIO PERFUSÃO - ESTRESSE FÍSICO (COM DIRETRIZ DE UTILIZAÇÃO)","","","AMB","HCO","HSO","REF","PAC","10","CARDIOVASCULAR - IN VIVO","MEDICINA NUCLEAR",""
"","","","","","","","","","","","TERAPÊUTICOS"
"","","","","","","","","","","","PROCEDIMENTOS DIAGNÓSTICOS E"
"CINTILOGRAFIA DO MIOCÁRDIO PERFUSÃO - REPOUSO (COM DIRETRIZ DE UTILIZAÇÃO)","","","AMB","HCO","HSO","REF","PAC","10","CARDIOVASCULAR - IN VIVO","MEDICINA NUCLEAR",""
"","","","","","","","","","","","TERAPÊUTICOS"
"","","","","","","","","","","","PROCEDIMENTOS DIAGNÓSTICOS E"
"CINTILOGRAFIA SINCRONIZADA DAS CÂMARAS CARDÍACAS - ESFORÇO","","","AMB","HCO","HSO","REF","PAC","","CARDIOVASCULAR - IN VIVO","MEDICINA NUCLEAR",""
"","","","","","","","","","","","TERAPÊUTICOS"
"","","","","","","","","","","","PROCEDIMENTOS DIAGNÓSTICOS E"
"CINTILOGRAFIA SINCRONIZADA DAS CÂMARAS CARDÍACAS - REPOUSO","","","AMB","HCO","HSO","REF","PAC","","CARDIOVASCULAR - IN VIVO","MEDICINA NUCLEAR",""
"","","","","","","","","","","","TERAPÊUTICOS"
"","","","","","","","","","","","PROCEDIMENTOS DIAGNÓSTICOS E"
"FLUXO SANGUÍNEO DAS EXTREMIDADES","","","AMB","HCO","HSO","REF","PAC","","CARDIOVASCULAR - IN VIVO","MEDICINA NUCLEAR",""
"","","","","","","","","","","","TERAPÊUTICOS"
"","","","","","","","","","","","PROCEDIMENTOS DIAGNÓSTICOS E"
"QUANTIFICAÇÃO DE ""SHUNT"" DA DIREITA PARA A ESQUERDA","","","AMB","HCO","HSO","REF","PAC","","CARDIOVASCULAR - IN VIVO","MEDICINA NUCLEAR",""
"","","","","","","","","","","","TERAPÊUTICOS"
"","","","","","","","","","","","PROCEDIMENTOS DIAGNÓSTICOS E"
"QUANTIFICAÇÃO DE ""SHUNT"" PERIFÉRICO","","","AMB","HCO","HSO","REF","PAC","","CARDIOVASCULAR - IN VIVO","MEDICINA NUCLEAR",""
"","","","","","","","","","","","TERAPÊUTICOS"
"","","","","","","","","","","","PROCEDIMENTOS DIAGNÓSTICOS E"
"VENOGRAFIA RADIOISOTÓPICA","","","AMB","HCO","HSO","REF","PAC","","CARDIOVASCULAR - IN VIVO","MEDICINA NUCLEAR",""
"","","","","","","","","","","","TERAPÊUTICOS"
"","","","","","","","","","","","PROCEDIMENTOS DIAGNÓSTICOS E"
"CINTILOGRAFIA DAS GLÂNDULAS SALIVARES COM OU SEM ESTÍMULO","","","AMB","HCO","HSO","REF","PAC","","DIGESTIVO - IN VIVO","MEDICINA NUCLEAR",""
"","","","","","","","","","","","TERAPÊUTICOS"
"","","","","","","","","","","","PROCEDIMENTOS DIAGNÓSTICOS E"
"CINTILOGRAFIA DO FÍGADO E DO BAÇO","","","AMB","HCO","HSO","REF","PAC","","DIGESTIVO - IN VIVO","MEDICINA NUCLEAR",""
"","","","","","","","","","","","TERAPÊUTICOS"
"","","","","","","","","","","","PROCEDIMENTOS DIAGNÓSTICOS E"
"CINTILOGRAFIA DO FÍGADO E VIAS BILIARES","","","AMB","HCO","HSO","REF","PAC","","DIGESTIVO - IN VIVO","MEDICINA NUCLEAR",""
"","","","","","","","","","","","TERAPÊUTICOS"
