"","RN","","","","","","","","","",""
"PROCEDIMENTO","VIGÊNCIA","OD","AMB","HCO","HSO","REF","PAC","DUT","SUBGRUPO","GRUPO","CAPÍTULO"
"","(alteração)","","","","","","","","","",""
"","","","","","","","","","","SISTEMA MÚSCULO-ESQUELÉTICO E",""
"SINOVECTOMIA","","","","HCO","HSO","REF","","","MEMBROS SUPERIORES","","PROCEDIMENTOS CIRÚRGICOS E INVASIVOS"
"","","","","","","","","","","ARTICULAÇÕES",""
"","","","","","","","","","","SISTEMA MÚSCULO-ESQUELÉTICO E",""
"SINOVECTOMIA DE PUNHO","","","","HCO","HSO","REF","","","MEMBROS SUPERIORES","","PROCEDIMENTOS CIRÚRGICOS E INVASIVOS"
"","","","","","","","","","","ARTICULAÇÕES",""
"","","","","","","","","","","SISTEMA MÚSCULO-ESQUELÉTICO E",""
"TRANSPOSIÇÃO DE DEDO","","","","HCO","HSO","REF","","","MEMBROS SUPERIORES","","PROCEDIMENTOS CIRÚRGICOS E INVASIVOS"
"","","","","","","","","","","ARTICULAÇÕES",""
"","","","","","","","","","","SISTEMA MÚSCULO-ESQUELÉTICO E",""
"TRANSPOSIÇÃO DO RÁDIO PARA ULNA","","","","HCO","HSO","REF","","","MEMBROS SUPERIORES","","PROCEDIMENTOS CIRÚRGICOS E INVASIVOS"
"","","","","","","","","","","ARTICULAÇÕES",""
"","","","","","","","","","","SISTEMA MÚSCULO-ESQUELÉTICO E",""
"TRATAMENTO CIRÚRGICO DA ARTRODIASTASE COM OU SEM FIXADOR EXTERNO","","","","HCO","HSO","REF","","","MEMBROS SUPERIORES","","PROCEDIMENTOS CIRÚRGICOS E INVASIVOS"
"","","","","","","","","","","ARTICULAÇÕES",""
"","","","","","","","","","","SISTEMA MÚSCULO-ESQUELÉTICO E",""
"TRATAMENTO CIRÚRGICO DA CONTRATURA ISQUÊMICA DE MÃO","","","","HCO","HSO","REF","","","MEMBROS SUPERIORES","","PROCEDIMENTOS CIRÚRGICOS E INVASIVOS"
"","","","","","","","","","","ARTICULAÇÕES",""
"","","","","","","","","","","SISTEMA MÚSCULO-ESQUELÉTICO E",""
"TRATAMENTO CIRÚRGICO DA CONTRATURA ISQUÊMICA DE VOLKMANN","","","","HCO","HSO","REF","","","MEMBROS SUPERIORES","","PROCEDIMENTOS CIRÚRGICOS E INVASIVOS"
"","","","","","","","","","","ARTICULAÇÕES",""
"","","","","","","","","","","SISTEMA MÚSCULO-ESQUELÉTICO E",""
"TRATAMENTO CIRÚRGICO DA DESARTICULAÇÃO DO PUNHO","","","","HCO","HSO","REF","","","MEMBROS SUPERIORES","","PROCEDIMENTOS CIRÚRGICOS E INVASIVOS"
"","","","","","","","","","","ARTICULAÇÕES",""
"","","","","","","","","","","SISTEMA MÚSCULO-ESQUELÉTICO E",""
"TRATAMENTO CIRÚRGICO DA OSTEOMIELITE","","","","HCO","HSO","REF","","","MEMBROS SUPERIORES","","PROCEDIMENTOS CIRÚRGICOS E INVASIVOS"
"","","","","","","","","","","ARTICULAÇÕES",""
"TRATAMENTO CIRÚRGICO DA RETRAÇÃO CICATRICIAL DE DEDOS, COM OU SEM COMPROMETIMENTO","","","","","","","","","","SISTEMA MÚSCULO-ESQUELÉTICO E",""
"","","","","HCO","HSO","REF","","","MEMBROS SUPERIORES","","PROCEDIMENTOS CIRÚRGICOS E INVASIVOS"
"TENDINOSO","","","","","","","","","","ARTICULAÇÕES",""
"","","","","","","","","","","SISTEMA MÚSCULO-ESQUELÉTICO E",""
"TRATAMENTO CIRÚRGICO DA SINDACTILIA COM OU SEM EMPREGO DE EXPANSOR","","","","HCO","HSO","REF","","","MEMBROS SUPERIORES","","PROCEDIMENTOS CIRÚRGICOS E INVASIVOS"
"","","","","","","","","","","ARTICULAÇÕES",""
"","","","","","","","","","","SISTEMA MÚSCULO-ESQUELÉTICO E",""
"TRATAMENTO CIRÚRGICO DA SINDACTILIA MÚLTIPLA COM EMPREGO DE EXPANSOR","","","","HCO","HSO","REF","","","MEMBROS SUPERIORES","","PROCEDIMENTOS CIRÚRGICOS E INVASIVOS"
"","","","","","","","","","","ARTICULAÇÕES",""
"","","","","","","","","","","SISTEMA MÚSCULO-ESQUELÉTICO E",""
"TRATAMENTO CIRÚRGICO DA SINOSTOSE RÁDIO-ULNAR","","","","HCO","HSO","REF","","","MEMBROS SUPERIORES","","PROCEDIMENTOS CIRÚRGICOS E INVASIVOS"
"","","","","","","","","","","ARTICULAÇÕES",""
"","","","","","","","","","","SISTEMA MÚSCULO-ESQUELÉTICO E",""
"TRATAMENTO CIRÚRGICO DAS ROTURAS TENDINO-LIGAMENTARES DA MÃO","","","","HCO","HSO","REF","","","MEMBROS SUPERIORES","","PROCEDIMENTOS CIRÚRGICOS E INVASIVOS"
"","","","","","","","","","","ARTICULAÇÕES",""
"TRATAMENTO CIRÚRGICO DE ABSCESSO DE MÃO E DEDOS, ESPAÇOS PALMARES, DORSAIS E COMISSURAIS","","","","","","","","","","SISTEMA MÚSCULO-ESQUELÉTICO E",""
"","","","AMB","HCO","HSO","REF","","","MEMBROS SUPERIORES","","PROCEDIMENTOS CIRÚRGICOS E INVASIVOS"
"E TENOSSINOVITES","","","","","","","","","","ARTICULAÇÕES",""
"","","","","","","","","","","SISTEMA MÚSCULO-ESQUELÉTICO E",""
"TRATAMENTO CIRÙRGICO DE ENCURTAMENTO SEGMENTAR DOS OSSOS COM OSTEOSSÍNTESE","","","","HCO","HSO","REF","","","MEMBROS SUPERIORES","","PROCEDIMENTOS CIRÚRGICOS E INVASIVOS"
"","","","","","","","","","","ARTICULAÇÕES",""
"","","","","","","","","","","SISTEMA MÚSCULO-ESQUELÉTICO E",""
"TRATAMENTO CIRÚRGICO DE POLIDACTILIA SIMPLES, COMPLEXA OU MÚLTIPLA","","","","HCO","HSO","REF","","","MEMBROS SUPERIORES","","PROCEDIMENTOS CIRÚRGICOS E INVASIVOS"
"","","","","","","","","","","ARTICULAÇÕES",""
"","","","","","","","","","","SISTEMA MÚSCULO-ESQUELÉTICO E",""
"TRATAMENTO CIRÚRGICO DE TENDINITES, SINOVITES E ARTRITES","","","","HCO","HSO","REF","","","MEMBROS SUPERIORES","","PROCEDIMENTOS CIRÚRGICOS E INVASIVOS"
"","","","","","","","","","","ARTICULAÇÕES",""
"","","","","","","","","","","SISTEMA MÚSCULO-ESQUELÉTICO E",""
"TRATAMENTO CIRÚRGICO DO GIGANTISMO EM MÃO","","","","HCO","HSO","REF","","","MEMBROS SUPERIORES","","PROCEDIMENTOS CIRÚRGICOS E INVASIVOS"
"","","","","","","","","","","ARTICULAÇÕES",""
