"","RN","","","","","","","","","",""
"PROCEDIMENTO","VIGÊNCIA","OD","AMB","HCO","HSO","REF","PAC","DUT","SUBGRUPO","GRUPO","CAPÍTULO"
"","(alteração)","","","","","","","","","",""
"RESSECÇÃO DO LINFONODO SENTINELA","","","","HCO","HSO","REF","","","MAMAS","PAREDE TORÁCICA","PROCEDIMENTOS CIRÚRGICOS E INVASIVOS"
"RESSECÇÃO DOS DUCTOS PRINCIPAIS DA MAMA","","","","HCO","HSO","REF","","","MAMAS","PAREDE TORÁCICA","PROCEDIMENTOS CIRÚRGICOS E INVASIVOS"
"RETIRADA DA VÁLVULA APÓS COLOCAÇÃO DE EXPANSOR PERMANENTE","","","","HCO","HSO","REF","","","MAMAS","PAREDE TORÁCICA","PROCEDIMENTOS CIRÚRGICOS E INVASIVOS"
"SUBSTITUIÇÃO DE PRÓTESE EM CASO DE LESÕES TRAUMÁTICAS E TUMORES","","","","HCO","HSO","REF","","","MAMAS","PAREDE TORÁCICA","PROCEDIMENTOS CIRÚRGICOS E INVASIVOS"
"","","","","","","","","","","SISTEMA MÚSCULO-ESQUELÉTICO E",""
"AUTOTRANSPLANTE CUTÂNEO, ÓSSEO E/OU MUSCULAR LIGADO POR PEDÍCULO VASCULAR","","","","HCO","HSO","REF","","","AUTOTRANSPLANTES OSTEOMIOCUTÂNEOS","","PROCEDIMENTOS CIRÚRGICOS E INVASIVOS"
"","","","","","","","","","","ARTICULAÇÕES",""
"","","","","","","","","","","SISTEMA MÚSCULO-ESQUELÉTICO E",""
"AUTOTRANSPLANTE DE EPIPLON","","","","HCO","HSO","REF","","","AUTOTRANSPLANTES OSTEOMIOCUTÂNEOS","","PROCEDIMENTOS CIRÚRGICOS E INVASIVOS"
"","","","","","","","","","","ARTICULAÇÕES",""
"MICROCIRURGIA NAS GRANDES RECONSTRUÇÕES DE CABEÇA E PESCOÇO, NAS EXTENSAS PERDAS DE","","","","","","","","","","",""
"","","","","","","","","","","SISTEMA MÚSCULO-ESQUELÉTICO E",""
"SUBSTÂNCIA E NA ABLAÇÃO DE TUMORES AO NÍVEL DOS MEMBROS (COM MICROANASTOMOSES","","","","HCO","HSO","REF","","","AUTOTRANSPLANTES OSTEOMIOCUTÂNEOS","","PROCEDIMENTOS CIRÚRGICOS E INVASIVOS"
"","","","","","","","","","","ARTICULAÇÕES",""
"VASCULARES)","","","","","","","","","","",""
"","","","","","","","","","","SISTEMA MÚSCULO-ESQUELÉTICO E",""
"TRANSPLANTE ÓSSEO VASCULARIZADO (MICROANASTOMOSE)","","","","HCO","HSO","REF","","","AUTOTRANSPLANTES OSTEOMIOCUTÂNEOS","","PROCEDIMENTOS CIRÚRGICOS E INVASIVOS"
"","","","","","","","","","","ARTICULAÇÕES",""
"","","","","","","","","","","SISTEMA MÚSCULO-ESQUELÉTICO E",""
"TRANSPLANTES CUTÂNEOS AUTÓLOGOS COM OU SEM MICROANASTOMOSES VASCULARES)","","","","HCO","HSO","REF","","","AUTOTRANSPLANTES OSTEOMIOCUTÂNEOS","","PROCEDIMENTOS CIRÚRGICOS E INVASIVOS"
"","","","","","","","","","","ARTICULAÇÕES",""
"","","","","","","","","","","SISTEMA MÚSCULO-ESQUELÉTICO E",""
"TRANSPLANTES MUSCULARES AUTÓLOGOS (COM MICROANASTOMOSES VASCULARES)","","","","HCO","HSO","REF","","","AUTOTRANSPLANTES OSTEOMIOCUTÂNEOS","","PROCEDIMENTOS CIRÚRGICOS E INVASIVOS"
"","","","","","","","","","","ARTICULAÇÕES",""
"","","","","","","","","","","SISTEMA MÚSCULO-ESQUELÉTICO E",""
"TRANSPLANTES MÚSCULO-CUTÂNEOS AUTÓLOGOS (COM OU SEM MICROANASTOMOSES VASCULARES)","","","","HCO","HSO","REF","","","AUTOTRANSPLANTES OSTEOMIOCUTÂNEOS","","PROCEDIMENTOS CIRÚRGICOS E INVASIVOS"
"","","","","","","","","","","ARTICULAÇÕES",""
"TRANSPLANTES ÓSSEOS AUTÓLOGOS VASCULARIZADOS E TRANSPLANTES OSTEOMUSCULOCUTÂNEOS","","","","","","","","","","SISTEMA MÚSCULO-ESQUELÉTICO E",""
"","","","","HCO","HSO","REF","","","AUTOTRANSPLANTES OSTEOMIOCUTÂNEOS","","PROCEDIMENTOS CIRÚRGICOS E INVASIVOS"
"VASCULARIZADOS (COM MICROANASTOMOSES VASCULARES)","","","","","","","","","","ARTICULAÇÕES",""
"","","","","","","","","","TRANSPLANTES, REIMPLANTES E","SISTEMA MÚSCULO-ESQUELÉTICO E",""
"REIMPLANTE DE SEGMENTOS DISTAIS DO MEMBRO SUPERIOR OU INFERIOR, COM RESSECÇÃO SEGMENTAR","","","","HCO","HSO","REF","","","","","PROCEDIMENTOS CIRÚRGICOS E INVASIVOS"
"","","","","","","","","","REVASCULARIZAÇÕES DOS MEMBROS","ARTICULAÇÕES",""
"","","","","","","","","","TRANSPLANTES, REIMPLANTES E","SISTEMA MÚSCULO-ESQUELÉTICO E",""
"REIMPLANTE DOS MEMBROS SUPERIORES OU INFERIORES OU PARTES","","","","HCO","HSO","REF","","","","","PROCEDIMENTOS CIRÚRGICOS E INVASIVOS"
"","","","","","","","","","REVASCULARIZAÇÕES DOS MEMBROS","ARTICULAÇÕES",""
"","","","","","","","","","TRANSPLANTES, REIMPLANTES E","SISTEMA MÚSCULO-ESQUELÉTICO E",""
"TRANSPLANTE ARTICULAR DE METATARSOFALÂNGICA PARA A MÃO","","","","HCO","HSO","REF","","","","","PROCEDIMENTOS CIRÚRGICOS E INVASIVOS"
"","","","","","","","","","REVASCULARIZAÇÕES DOS MEMBROS","ARTICULAÇÕES",""
"","","","","","","","","","TRANSPLANTES, REIMPLANTES E","SISTEMA MÚSCULO-ESQUELÉTICO E",""
"TRANSPLANTE DE DEDOS DO PÉ PARA A MÃO","","","","HCO","HSO","REF","","","","","PROCEDIMENTOS CIRÚRGICOS E INVASIVOS"
"","","","","","","","","","REVASCULARIZAÇÕES DOS MEMBROS","ARTICULAÇÕES",""
"ARTROCENTESE OU PUNÇÃO DIAGNÓSTICA OU TERAPÊUTICA DE ESTRUTURAS OU CAVIDADES EXTRA-","","","","","","","","","","SISTEMA MÚSCULO-ESQUELÉTICO E",""
"","","","AMB","HCO","HSO","REF","","","ARTROSCOPIA","","PROCEDIMENTOS CIRÚRGICOS E INVASIVOS"
"ARTICULARES COM APLICAÇÃO DE SUBSTÂNCIAS TERAPÊUTICAS","","","","","","","","","","ARTICULAÇÕES",""
"ARTROSCOPIA CIRÚRGICA PARA CONDROPLASTIA POR ABRASÃO, PERFURAÇÕES MÚLTIPLAS, REDUÇÃO DE","","","","","","","","","","",""
"FRATURAS, RESSECÇÃO OU DESBRIDAMENTOS DE FRAGMENTOS TENDÍNEOS, OSTEOCONDROMATOSE,","","","","","","","","","","SISTEMA MÚSCULO-ESQUELÉTICO E",""
"","","","","HCO","HSO","REF","","","ARTROSCOPIA","","PROCEDIMENTOS CIRÚRGICOS E INVASIVOS"
"RESSECÇÃO DE BURSAS E CALCIFICAÇÕES TENDÍNEAS, FIXAÇÃO DE FRATURAS E FRAGMENTOS","","","","","","","","","","ARTICULAÇÕES",""
"OSTEOCONDRAIS, DESCOMPRESSÃO DO CANAL CARPIANO, SINOVECTOMIA, ENCURTAMENTO DO CUBITAL E","","","","","","","","","","",""
"ARTROSCOPIA CIRÚRGICA PARA DESCOMPRESSÃO DO CANAL CARPIANO, ENCURTAMENTO DO CUBITAL E","","","","","","","","","","SISTEMA MÚSCULO-ESQUELÉTICO E",""
"","","","","HCO","HSO","REF","","","ARTROSCOPIA","","PROCEDIMENTOS CIRÚRGICOS E INVASIVOS"
"ATRODESE EM GERAL","","","","","","","","","","ARTICULAÇÕES",""
