"","RN","","","","","","","","","",""
"PROCEDIMENTO","VIGÊNCIA","OD","AMB","HCO","HSO","REF","PAC","DUT","SUBGRUPO","GRUPO","CAPÍTULO"
"","(alteração)","","","","","","","","","",""
"","","","","","","","","","","","PROCEDIMENTOS DIAGNÓSTICOS E"
"RESSONÂNCIA MAGNÉTICA DE ÓRBITAS","","","AMB","HCO","HSO","REF","PAC","","RESSONÂNCIA MAGNÉTICA","MÉTODOS DIAGNÓSTICOS POR IMAGEM",""
"","","","","","","","","","","","TERAPÊUTICOS"
"","","","","","","","","","","","PROCEDIMENTOS DIAGNÓSTICOS E"
"RESSONÂNCIA MAGNÉTICA DE OSSOS TEMPORAIS","","","AMB","HCO","HSO","REF","PAC","","RESSONÂNCIA MAGNÉTICA","MÉTODOS DIAGNÓSTICOS POR IMAGEM",""
"","","","","","","","","","","","TERAPÊUTICOS"
"","","","","","","","","","","","PROCEDIMENTOS DIAGNÓSTICOS E"
"RESSONÂNCIA MAGNÉTICA DE PÉ (ANTEPÉ)","","","AMB","HCO","HSO","REF","PAC","","RESSONÂNCIA MAGNÉTICA","MÉTODOS DIAGNÓSTICOS POR IMAGEM",""
"","","","","","","","","","","","TERAPÊUTICOS"
"","","","","","","","","","","","PROCEDIMENTOS DIAGNÓSTICOS E"
"RESSONÂNCIA MAGNÉTICA DE PELVE","","","AMB","HCO","HSO","REF","PAC","","RESSONÂNCIA MAGNÉTICA","MÉTODOS DIAGNÓSTICOS POR IMAGEM",""
"","","","","","","","","","","","TERAPÊUTICOS"
"","","","","","","","","","","","PROCEDIMENTOS DIAGNÓSTICOS E"
"RESSONÂNCIA MAGNÉTICA DE PÊNIS","","","AMB","HCO","HSO","REF","PAC","","RESSONÂNCIA MAGNÉTICA","MÉTODOS DIAGNÓSTICOS POR IMAGEM",""
"","","","","","","","","","","","TERAPÊUTICOS"
"","","","","","","","","","","","PROCEDIMENTOS DIAGNÓSTICOS E"
"RESSONÂNCIA MAGNÉTICA DE PERNA","","","AMB","HCO","HSO","REF","PAC","","RESSONÂNCIA MAGNÉTICA","MÉTODOS DIAGNÓSTICOS POR IMAGEM",""
"","","","","","","","","","","","TERAPÊUTICOS"
"RESSONÂNCIA MAGNÉTICA DE PESCOÇO (NASOFARINGE, OROFARINGE, LARINGE, TRAQUÉIA, TIREÓIDE,","","","","","","","","","","","PROCEDIMENTOS DIAGNÓSTICOS E"
"","","","AMB","HCO","HSO","REF","PAC","","RESSONÂNCIA MAGNÉTICA","MÉTODOS DIAGNÓSTICOS POR IMAGEM",""
"PARATIREÓIDE)","","","","","","","","","","","TERAPÊUTICOS"
"","","","","","","","","","","","PROCEDIMENTOS DIAGNÓSTICOS E"
"RESSONÂNCIA MAGNÉTICA DE PLEXO BRAQUIAL (DESFILADEIRO TORÁCICO) OU LOMBOSSACRAL","","","AMB","HCO","HSO","REF","PAC","","RESSONÂNCIA MAGNÉTICA","MÉTODOS DIAGNÓSTICOS POR IMAGEM",""
"","","","","","","","","","","","TERAPÊUTICOS"
"","","","","","","","","","","","PROCEDIMENTOS DIAGNÓSTICOS E"
"RESSONÂNCIA MAGNÉTICA DE SELA TÚRCICA (HIPÓFISE)","","","AMB","HCO","HSO","REF","PAC","","RESSONÂNCIA MAGNÉTICA","MÉTODOS DIAGNÓSTICOS POR IMAGEM",""
"","","","","","","","","","","","TERAPÊUTICOS"
"","","","","","","","","","","","PROCEDIMENTOS DIAGNÓSTICOS E"
"RESSONÂNCIA MAGNÉTICA DE TÓRAX (MEDIASTINO, PULMÃO, PAREDE TORÁCICA)","","","AMB","HCO","HSO","REF","PAC","","RESSONÂNCIA MAGNÉTICA","MÉTODOS DIAGNÓSTICOS POR IMAGEM",""
"","","","","","","","","","","","TERAPÊUTICOS"
"","","","","","","","","","","","PROCEDIMENTOS DIAGNÓSTICOS E"
"RESSONÂNCIA MAGNÉTICA FETAL","","","AMB","HCO","","REF","PAC","","RESSONÂNCIA MAGNÉTICA","MÉTODOS DIAGNÓSTICOS POR IMAGEM",""
"","","","","","","","","","","","TERAPÊUTICOS"
"","","","","","","","","","","","PROCEDIMENTOS DIAGNÓSTICOS E"
"IRRADIAÇÃO DE MEIO-CORPO","","","AMB","HCO","HSO","REF","PAC","","RADIOTERAPIA MEGAVOLTAGEM","RADIOTERAPIA",""
"","","","","","","","","","","","TERAPÊUTICOS"
"","","","","","","","","","","","PROCEDIMENTOS DIAGNÓSTICOS E"
"IRRADIAÇÃO DE PELE TOTAL","","","AMB","HCO","HSO","REF","PAC","","RADIOTERAPIA MEGAVOLTAGEM","RADIOTERAPIA",""
"","","","","","","","","","","","TERAPÊUTICOS"
"","","","","","","","","","","","PROCEDIMENTOS DIAGNÓSTICOS E"
"IRRADIAÇÃO DO CORPO INTEIRO","","","AMB","HCO","HSO","REF","PAC","","RADIOTERAPIA MEGAVOLTAGEM","RADIOTERAPIA",""
"","","","","","","","","","","","TERAPÊUTICOS"
"","","","","","","","","","","","PROCEDIMENTOS DIAGNÓSTICOS E"
"PROFILAXIA/TERAPIA DE GINECOMASTIA (HOMEM SOB HORMONIOTERAPIA)","","","AMB","HCO","HSO","REF","PAC","","RADIOTERAPIA MEGAVOLTAGEM","RADIOTERAPIA",""
"","","","","","","","","","","","TERAPÊUTICOS"
"","","","","","","","","","","","PROCEDIMENTOS DIAGNÓSTICOS E"
"RADIOCIRURGIA (POR ESTEREOTAXIA OU GAMA-KNIFE)","","","AMB","HCO","HSO","REF","PAC","","RADIOTERAPIA MEGAVOLTAGEM","RADIOTERAPIA",""
"","","","","","","","","","","","TERAPÊUTICOS"
"","","","","","","","","","","","PROCEDIMENTOS DIAGNÓSTICOS E"
"RADIOTERAPIA ANTI-INFLAMATÓRIA","","","AMB","HCO","HSO","REF","PAC","","RADIOTERAPIA MEGAVOLTAGEM","RADIOTERAPIA",""
"","","","","","","","","","","","TERAPÊUTICOS"
"RADIOTERAPIA COM MODULAÇÃO DA INTENSIDADE DO FEIXE (IMRT) PARA NEOPLASIAS PRIMÁRIAS DA","","","","","","","","","","","PROCEDIMENTOS DIAGNÓSTICOS E"
"","603/2024
02/05/2024","","AMB","HCO","HSO","REF","PAC","","RADIOTERAPIA MEGAVOLTAGEM","RADIOTERAPIA",""
"PRÓSTATA","","","","","","","","","","","TERAPÊUTICOS"
"RADIOTERAPIA COM MODULAÇÃO DA INTENSIDADE DO FEIXE (IMRT) PARA TUMORES DA REGIÃO DA CABEÇA","","","","","","","","","","","PROCEDIMENTOS DIAGNÓSTICOS E"
"","","","AMB","HCO","HSO","REF","PAC","","RADIOTERAPIA MEGAVOLTAGEM","RADIOTERAPIA",""
"E PESCOÇO","","","","","","","","","","","TERAPÊUTICOS"
