"","RN","","","","","","","","","","",""
"PROCEDIMENTO","VIGÊNCIA","OD","AMB","HCO","HSO","REF","PAC","DUT","","SUBGRUPO","GRUPO","CAPÍTULO"
"","(alteração)","","","","","","","","","","",""
"","","","","","","","","","","BIOQUÍMICA (SANGUE, URINA E OUTROS","","PROCEDIMENTOS DIAGNÓSTICOS E"
"VITAMINA E, PESQUISA E/OU DOSAGEM (COM DIRETRIZ DE UTILIZAÇÃO)","","","AMB","HCO","HSO","REF","","77","","","PROCEDIMENTOS LABORATORIAIS",""
"","","","","","","","","","MATERIAIS)","","","TERAPÊUTICOS"
"","","","","","","","","","","BIOQUÍMICA (SANGUE, URINA E OUTROS","","PROCEDIMENTOS DIAGNÓSTICOS E"
"XILOSE, TESTE DE ABSORÇÃO","","","AMB","HCO","HSO","REF","","","","","PROCEDIMENTOS LABORATORIAIS",""
"","","","","","","","","","MATERIAIS)","","","TERAPÊUTICOS"
"","","","","","","","","","","","","PROCEDIMENTOS DIAGNÓSTICOS E"
"ALFA-1-ANTITRIPSINA","","","AMB","HCO","HSO","REF","","","COPROLOGIA","","PROCEDIMENTOS LABORATORIAIS",""
"","","","","","","","","","","","","TERAPÊUTICOS"
"","","","","","","","","","","","","PROCEDIMENTOS DIAGNÓSTICOS E"
"CALPROTECTINA, DOSAGEM FECAL (COM DIRETRIZ DE UTILIZAÇÃO)","","","AMB","HCO","HSO","REF","","134","COPROLOGIA","","PROCEDIMENTOS LABORATORIAIS",""
"","","","","","","","","","","","","TERAPÊUTICOS"
"COPROLÓGICO FUNCIONAL (CARACTERES, PH, DIGESTIBILIDADE, AMÔNIA, ÁCIDOS ORGÂNICOS E","","","","","","","","","","","","PROCEDIMENTOS DIAGNÓSTICOS E"
"","","","AMB","HCO","HSO","REF","","","COPROLOGIA","","PROCEDIMENTOS LABORATORIAIS",""
"INTERPRETAÇÃO)","","","","","","","","","","","","TERAPÊUTICOS"
"","","","","","","","","","","","","PROCEDIMENTOS DIAGNÓSTICOS E"
"ELASTASE PANCREÁTICA FECAL (COM DIRETRIZ DE UTILIZAÇÃO)","536/2022
06/05/2022","","AMB","HCO","HSO","REF","","151","COPROLOGIA","","PROCEDIMENTOS LABORATORIAIS",""
"","","","","","","","","","","","","TERAPÊUTICOS"
"","","","","","","","","","","","","PROCEDIMENTOS DIAGNÓSTICOS E"
"ESTEATÓCRITO","","","AMB","HCO","HSO","REF","","","COPROLOGIA","","PROCEDIMENTOS LABORATORIAIS",""
"","","","","","","","","","","","","TERAPÊUTICOS"
"","","","","","","","","","","","","PROCEDIMENTOS DIAGNÓSTICOS E"
"ESTERCOBILINOGÊNIO FECAL","","","AMB","HCO","HSO","REF","","","COPROLOGIA","","PROCEDIMENTOS LABORATORIAIS",""
"","","","","","","","","","","","","TERAPÊUTICOS"
"","","","","","","","","","","","","PROCEDIMENTOS DIAGNÓSTICOS E"
"EXAME PARASITOLÓGICO DAS FEZES","","","AMB","HCO","HSO","REF","","","COPROLOGIA","","PROCEDIMENTOS LABORATORIAIS",""
"","","","","","","","","","","","","TERAPÊUTICOS"
"","","","","","","","","","","","","PROCEDIMENTOS DIAGNÓSTICOS E"
"EXAME PARASITOLÓGICO DAS FEZES COM MÉTODO DE CONSERVAÇÃO E COLHEITA MÚLTIPLA","","","AMB","HCO","HSO","REF","","","COPROLOGIA","","PROCEDIMENTOS LABORATORIAIS",""
"","","","","","","","","","","","","TERAPÊUTICOS"
"","","","","","","","","","","","","PROCEDIMENTOS DIAGNÓSTICOS E"
"GORDURA FECAL, DOSAGEM","","","AMB","HCO","HSO","REF","","","COPROLOGIA","","PROCEDIMENTOS LABORATORIAIS",""
"","","","","","","","","","","","","TERAPÊUTICOS"
"","","","","","","","","","","","","PROCEDIMENTOS DIAGNÓSTICOS E"
"HEMATOXILINA FÉRRICA, PESQUISA DE PROTOZOÁRIOS","","","AMB","HCO","HSO","REF","","","COPROLOGIA","","PROCEDIMENTOS LABORATORIAIS",""
"","","","","","","","","","","","","TERAPÊUTICOS"
"","","","","","","","","","","","","PROCEDIMENTOS DIAGNÓSTICOS E"
"IDENTIFICAÇÃO DE HELMINTOS, EXAME DE FRAGMENTOS NAS FEZES","","","AMB","HCO","HSO","REF","","","COPROLOGIA","","PROCEDIMENTOS LABORATORIAIS",""
"","","","","","","","","","","","","TERAPÊUTICOS"
"","","","","","","","","","","","","PROCEDIMENTOS DIAGNÓSTICOS E"
"ISOSPORA, PESQUISA NAS FEZES","","","AMB","HCO","HSO","REF","","","COPROLOGIA","","PROCEDIMENTOS LABORATORIAIS",""
"","","","","","","","","","","","","TERAPÊUTICOS"
"","","","","","","","","","","","","PROCEDIMENTOS DIAGNÓSTICOS E"
"LARVAS, PESQUISA NAS FEZES","","","AMB","HCO","HSO","REF","","","COPROLOGIA","","PROCEDIMENTOS LABORATORIAIS",""
"","","","","","","","","","","","","TERAPÊUTICOS"
"","","","","","","","","","","","","PROCEDIMENTOS DIAGNÓSTICOS E"
"LEUCÓCITOS E HEMÁCIAS, PESQUISA DAS FEZES","","","AMB","HCO","HSO","REF","","","COPROLOGIA","","PROCEDIMENTOS LABORATORIAIS",""
"","","","","","","","","","","","","TERAPÊUTICOS"
"","","","","","","","","","","","","PROCEDIMENTOS DIAGNÓSTICOS E"
"LEVEDURAS, PESQUISA NAS FEZES","","","AMB","HCO","HSO","REF","","","COPROLOGIA","","PROCEDIMENTOS LABORATORIAIS",""
"","","","","","","","","","","","","TERAPÊUTICOS"
"","","","","","","","","","","","","PROCEDIMENTOS DIAGNÓSTICOS E"
"PH FECAL","","","AMB","HCO","HSO","REF","","","COPROLOGIA","","PROCEDIMENTOS LABORATORIAIS",""
"","","","","","","","","","","","","TERAPÊUTICOS"
"","","","","","","","","","","","","PROCEDIMENTOS DIAGNÓSTICOS E"
"SANGUE OCULTO, PESQUISA","","","AMB","HCO","HSO","REF","","","COPROLOGIA","","PROCEDIMENTOS LABORATORIAIS",""
"","","","","","","","","","","","","TERAPÊUTICOS"
