"","RN","","","","","","","","","",""
"PROCEDIMENTO","VIGÊNCIA","OD","AMB","HCO","HSO","REF","PAC","DUT","SUBGRUPO","GRUPO","CAPÍTULO"
"","(alteração)","","","","","","","","","",""
"RADIOTERAPIA COM MODULAÇÃO DA INTENSIDADE DO FEIXE (IMRT) PARA TUMORES DE PULMÃO,","","","","","","","","","","","PROCEDIMENTOS DIAGNÓSTICOS E"
"","584/2023
01/09/2023","","AMB","HCO","HSO","REF","PAC","","RADIOTERAPIA MEGAVOLTAGEM","RADIOTERAPIA",""
"MEDIASTINO E ESÔFAGO","","","","","","","","","","","TERAPÊUTICOS"
"RADIOTERAPIA CONFORMADA TRIDIMENSIONAL - PARA CABEÇA E PESCOÇO, SISTEMA NERVOSO CENTRAL","","","","","","","","","","","PROCEDIMENTOS DIAGNÓSTICOS E"
"","","","AMB","HCO","HSO","REF","PAC","","RADIOTERAPIA MEGAVOLTAGEM","RADIOTERAPIA",""
"(SNC), MAMA, TORÁX, ABDOME E PELVE","","","","","","","","","","","TERAPÊUTICOS"
"","","","","","","","","","","","PROCEDIMENTOS DIAGNÓSTICOS E"
"RADIOTERAPIA CONVENCIONAL COM ACELERADOR LINEAR COM FÓTONS E ELÉTRONS","","","AMB","HCO","HSO","REF","PAC","","RADIOTERAPIA MEGAVOLTAGEM","RADIOTERAPIA",""
"","","","","","","","","","","","TERAPÊUTICOS"
"","","","","","","","","","","","PROCEDIMENTOS DIAGNÓSTICOS E"
"RADIOTERAPIA CONVENCIONAL COM ACELERADOR LINEAR COM UNIDADE DE TELECOBALTO","","","AMB","HCO","HSO","REF","PAC","","RADIOTERAPIA MEGAVOLTAGEM","RADIOTERAPIA",""
"","","","","","","","","","","","TERAPÊUTICOS"
"","","","","","","","","","","","PROCEDIMENTOS DIAGNÓSTICOS E"
"RADIOTERAPIA CONVENCIONAL COM ACELERADOR LINEAR SÓ COM FÓTONS","","","AMB","HCO","HSO","REF","PAC","","RADIOTERAPIA MEGAVOLTAGEM","RADIOTERAPIA",""
"","","","","","","","","","","","TERAPÊUTICOS"
"","","","","","","","","","","","PROCEDIMENTOS DIAGNÓSTICOS E"
"RADIOTERAPIA DE HEMANGIOMA","","","AMB","HCO","HSO","REF","PAC","","RADIOTERAPIA MEGAVOLTAGEM","RADIOTERAPIA",""
"","","","","","","","","","","","TERAPÊUTICOS"
"","","","","","","","","","","","PROCEDIMENTOS DIAGNÓSTICOS E"
"RADIOTERAPIA ESTEREOTÁXICA FRACIONADA","","","AMB","HCO","HSO","REF","PAC","","RADIOTERAPIA MEGAVOLTAGEM","RADIOTERAPIA",""
"","","","","","","","","","","","TERAPÊUTICOS"
"","","","","","","","","","","","PROCEDIMENTOS DIAGNÓSTICOS E"
"RADIOTERAPIA INTRAOPERATÓRIA POR ELÉTRONS (IOERT) - COM DIRETRIZ DE UTILIZAÇÃO","","","","HCO","HSO","REF","PAC","147","RADIOTERAPIA MEGAVOLTAGEM","RADIOTERAPIA",""
"","","","","","","","","","","","TERAPÊUTICOS"
"","","","","","","","","","","","PROCEDIMENTOS DIAGNÓSTICOS E"
"RADIOTERAPIA PARA PROFILAXIA DE QUELÓIDE","","","AMB","HCO","HSO","REF","PAC","","RADIOTERAPIA MEGAVOLTAGEM","RADIOTERAPIA",""
"","","","","","","","","","","","TERAPÊUTICOS"
"","","","","","","","","","BRAQUITERAPIA DE ALTA TAXA DE DOSE","","PROCEDIMENTOS DIAGNÓSTICOS E"
"BRAQUITERAPIA INTERSTICIAL","","","AMB","HCO","HSO","REF","PAC","","","RADIOTERAPIA",""
"","","","","","","","","","(BATD)","","TERAPÊUTICOS"
"","","","","","","","","","BRAQUITERAPIA DE ALTA TAXA DE DOSE","","PROCEDIMENTOS DIAGNÓSTICOS E"
"BRAQUITERAPIA INTRACAVITÁRIA","","","AMB","HCO","HSO","REF","PAC","","","RADIOTERAPIA",""
"","","","","","","","","","(BATD)","","TERAPÊUTICOS"
"","","","","","","","","","BRAQUITERAPIA DE ALTA TAXA DE DOSE","","PROCEDIMENTOS DIAGNÓSTICOS E"
"BRAQUITERAPIA INTRALUMINAL","","","AMB","HCO","HSO","REF","PAC","","","RADIOTERAPIA",""
"","","","","","","","","","(BATD)","","TERAPÊUTICOS"
"","","","","","","","","","BRAQUITERAPIA DE ALTA TAXA DE DOSE","","PROCEDIMENTOS DIAGNÓSTICOS E"
"BRAQUITERAPIA POR MOLDAGEM OU CONTATO","","","AMB","HCO","HSO","REF","PAC","","","RADIOTERAPIA",""
"","","","","","","","","","(BATD)","","TERAPÊUTICOS"
"","","","","","","","","","BRAQUITERAPIA DE BAIXA TAXA DE DOSE","","PROCEDIMENTOS DIAGNÓSTICOS E"
"BRAQUITERAPIA INTERSTICIAL","","","","HCO","HSO","REF","PAC","","","RADIOTERAPIA",""
"","","","","","","","","","(BBTD)","","TERAPÊUTICOS"
"","","","","","","","","","BRAQUITERAPIA DE BAIXA TAXA DE DOSE","","PROCEDIMENTOS DIAGNÓSTICOS E"
"BRAQUITERAPIA INTRACAVITÁRIA","","","","HCO","HSO","REF","PAC","","","RADIOTERAPIA",""
"","","","","","","","","","(BBTD)","","TERAPÊUTICOS"
"","","","","","","","","","BRAQUITERAPIA DE BAIXA TAXA DE DOSE","","PROCEDIMENTOS DIAGNÓSTICOS E"
"BRAQUITERAPIA OFTÁLMICA","","","","HCO","HSO","REF","PAC","","","RADIOTERAPIA",""
"","","","","","","","","","(BBTD)","","TERAPÊUTICOS"
"","","","","","","","","","BRAQUITERAPIA DE BAIXA TAXA DE DOSE","","PROCEDIMENTOS DIAGNÓSTICOS E"
"BRAQUITERAPIA POR MOLDAGEM OU CONTATO","","","","HCO","HSO","REF","PAC","","","RADIOTERAPIA",""
"","","","","","","","","","(BBTD)","","TERAPÊUTICOS"
"","","","","","","","","","","","PROCEDIMENTOS DIAGNÓSTICOS E"
"RADIOTERAPIA PARA PROFILAXIA DE QUELÓIDE","","","","HCO","HSO","REF","PAC","","RADIOTERAPIA DE ORTOVOLTAGEM","RADIOTERAPIA",""
"","","","","","","","","","","","TERAPÊUTICOS"
"","","","","","","","","","","","PROCEDIMENTOS DIAGNÓSTICOS E"
"ROENTGENTERAPIA","","","AMB","HCO","HSO","REF","PAC","","RADIOTERAPIA DE ORTOVOLTAGEM","RADIOTERAPIA",""
"","","","","","","","","","","","TERAPÊUTICOS"
