"","RN","","","","","","","","","",""
"PROCEDIMENTO","VIGÊNCIA","OD","AMB","HCO","HSO","REF","PAC","DUT","SUBGRUPO","GRUPO","CAPÍTULO"
"","(alteração)","","","","","","","","","",""
"","","","","","","","","","","","PROCEDIMENTOS DIAGNÓSTICOS E"
"WESTERN BLOT (ANTICORPOS ANTI-HIV)","","","AMB","HCO","HSO","REF","","","IMUNOLOGIA","PROCEDIMENTOS LABORATORIAIS",""
"","","","","","","","","","","","TERAPÊUTICOS"
"","","","","","","","","","","","PROCEDIMENTOS DIAGNÓSTICOS E"
"WESTERN BLOT (ANTICORPOS ANTI-HTLV)","","","AMB","HCO","HSO","REF","","","IMUNOLOGIA","PROCEDIMENTOS LABORATORIAIS",""
"","","","","","","","","","","","TERAPÊUTICOS"
"","","","","","","","","","","","PROCEDIMENTOS DIAGNÓSTICOS E"
"ZAP-70","","","AMB","HCO","HSO","REF","","","IMUNOLOGIA","PROCEDIMENTOS LABORATORIAIS",""
"","","","","","","","","","","","TERAPÊUTICOS"
"","","","","","","","","","LÍQUIDOS (CEFALORRAQUEANO (LÍQUOR),","","PROCEDIMENTOS DIAGNÓSTICOS E"
"ADENOSINA DEAMINASE (ADA)","","","AMB","HCO","HSO","REF","","","","PROCEDIMENTOS LABORATORIAIS",""
"","","","","","","","","","SEMINAL, AMNIÓTICO, SINOVIAL E OUTROS)","","TERAPÊUTICOS"
"","","","","","","","","","LÍQUIDOS (CEFALORRAQUEANO (LÍQUOR),","","PROCEDIMENTOS DIAGNÓSTICOS E"
"AMINOÁCIDOS NO LIQUIDO CEFALORRAQUIDIANO","","","AMB","HCO","HSO","REF","PAC","","","PROCEDIMENTOS LABORATORIAIS",""
"","","","","","","","","","SEMINAL, AMNIÓTICO, SINOVIAL E OUTROS)","","TERAPÊUTICOS"
"","","","","","","","","","LÍQUIDOS (CEFALORRAQUEANO (LÍQUOR),","","PROCEDIMENTOS DIAGNÓSTICOS E"
"ANTICORPO ANTIESPERMATOZÓIDE","","","AMB","HCO","HSO","REF","","","","PROCEDIMENTOS LABORATORIAIS",""
"","","","","","","","","","SEMINAL, AMNIÓTICO, SINOVIAL E OUTROS)","","TERAPÊUTICOS"
"BIOQUÍMICA LCR (PROTEÍNAS + GLICOSE + CLORO; E A CRITÉRIO DO MÉDICO ASSISTENTE: LACTATO E LDH -","","","","","","","","","LÍQUIDOS (CEFALORRAQUEANO (LÍQUOR),","","PROCEDIMENTOS DIAGNÓSTICOS E"
"","","","AMB","HCO","HSO","REF","","","","PROCEDIMENTOS LABORATORIAIS",""
"LACTATO DESIDROGENASE)","","","","","","","","","SEMINAL, AMNIÓTICO, SINOVIAL E OUTROS)","","TERAPÊUTICOS"
"","","","","","","","","","LÍQUIDOS (CEFALORRAQUEANO (LÍQUOR),","","PROCEDIMENTOS DIAGNÓSTICOS E"
"CÉLULAS, CONTAGEM TOTAL E ESPECÍFICA","","","AMB","HCO","HSO","REF","","","","PROCEDIMENTOS LABORATORIAIS",""
"","","","","","","","","","SEMINAL, AMNIÓTICO, SINOVIAL E OUTROS)","","TERAPÊUTICOS"
"","","","","","","","","","LÍQUIDOS (CEFALORRAQUEANO (LÍQUOR),","","PROCEDIMENTOS DIAGNÓSTICOS E"
"CÉLULAS, PESQUISA DE CÉLULAS NEOPLÁSICAS (CITOLOGIA ONCÓTICA)","","","AMB","HCO","HSO","REF","","","","PROCEDIMENTOS LABORATORIAIS",""
"","","","","","","","","","SEMINAL, AMNIÓTICO, SINOVIAL E OUTROS)","","TERAPÊUTICOS"
"","","","","","","","","","LÍQUIDOS (CEFALORRAQUEANO (LÍQUOR),","","PROCEDIMENTOS DIAGNÓSTICOS E"
"CLEMENTS, TESTE","","","AMB","HCO","HSO","REF","","","","PROCEDIMENTOS LABORATORIAIS",""
"","","","","","","","","","SEMINAL, AMNIÓTICO, SINOVIAL E OUTROS)","","TERAPÊUTICOS"
"","","","","","","","","","LÍQUIDOS (CEFALORRAQUEANO (LÍQUOR),","","PROCEDIMENTOS DIAGNÓSTICOS E"
"CRISTAIS COM LUZ POLARIZADA, PESQUISA","","","AMB","HCO","HSO","REF","","","","PROCEDIMENTOS LABORATORIAIS",""
"","","","","","","","","","SEMINAL, AMNIÓTICO, SINOVIAL E OUTROS)","","TERAPÊUTICOS"
"","","","","","","","","","LÍQUIDOS (CEFALORRAQUEANO (LÍQUOR),","","PROCEDIMENTOS DIAGNÓSTICOS E"
"CRYPTOCOCCUS, ANTÍGENO, DETECÇÃO RÁPIDA","","","AMB","HCO","HSO","REF","","","","PROCEDIMENTOS LABORATORIAIS",""
"","","","","","","","","","SEMINAL, AMNIÓTICO, SINOVIAL E OUTROS)","","TERAPÊUTICOS"
"","","","","","","","","","LÍQUIDOS (CEFALORRAQUEANO (LÍQUOR),","","PROCEDIMENTOS DIAGNÓSTICOS E"
"ELETROFORESE DE PROTEÍNAS NO LÍQUOR, COM CONCENTRAÇÃO","","","AMB","HCO","HSO","REF","","","","PROCEDIMENTOS LABORATORIAIS",""
"","","","","","","","","","SEMINAL, AMNIÓTICO, SINOVIAL E OUTROS)","","TERAPÊUTICOS"
"","","","","","","","","","LÍQUIDOS (CEFALORRAQUEANO (LÍQUOR),","","PROCEDIMENTOS DIAGNÓSTICOS E"
"ESPECTROFOTOMETRIA DE LÍQUIDO AMNIÓTICO","","","AMB","HCO","HSO","REF","","","","PROCEDIMENTOS LABORATORIAIS",""
"","","","","","","","","","SEMINAL, AMNIÓTICO, SINOVIAL E OUTROS)","","TERAPÊUTICOS"
"ESPERMA, TESTE DE PENETRAÇÃO ESPERMÁTICA, E/OU TESTE DE CAPACITAÇÃO ESPERMÁTICA, E/OU","","","","","","","","","","",""
"","","","","","","","","","LÍQUIDOS (CEFALORRAQUEANO (LÍQUOR),","","PROCEDIMENTOS DIAGNÓSTICOS E"
"TESTE HIPOSMÓTICO (SWELLING TEST), E/OU TESTE DE COLORAÇÃO VITAL, E/OU MICROBIOLOGIA","","","AMB","HCO","HSO","REF","","","","PROCEDIMENTOS LABORATORIAIS",""
"","","","","","","","","","SEMINAL, AMNIÓTICO, SINOVIAL E OUTROS)","","TERAPÊUTICOS"
"(COLORAÇÃO DE GRAM + CULTURA AERÓBICA), E/OU FRUTOSE, E/OU ALFA-GLUCOSIDASE","","","","","","","","","","",""
"ESPERMOGRAMA (CARACTERES FÍSICOS, PH, FLUIDIFICAÇÃO, MOTILIDADE, VITALIDADE, CONTAGEM E","","","","","","","","","LÍQUIDOS (CEFALORRAQUEANO (LÍQUOR),","","PROCEDIMENTOS DIAGNÓSTICOS E"
"","","","AMB","HCO","HSO","REF","","","","PROCEDIMENTOS LABORATORIAIS",""
"MORFOLOGIA)","","","","","","","","","SEMINAL, AMNIÓTICO, SINOVIAL E OUTROS)","","TERAPÊUTICOS"
"","","","","","","","","","LÍQUIDOS (CEFALORRAQUEANO (LÍQUOR),","","PROCEDIMENTOS DIAGNÓSTICOS E"
"FOSFOLIPÍDIOS (RELAÇÃO LECITINA/ESFINGOMIELINA), AVALIAÇÃO DA MATURIDADE PULMONAR FETAL","","","AMB","HCO","","REF","","","","PROCEDIMENTOS LABORATORIAIS",""
"","","","","","","","","","SEMINAL, AMNIÓTICO, SINOVIAL E OUTROS)","","TERAPÊUTICOS"
"HAEMOPHILUS INFLUENZAE B, STREPTOCOCCUS PNEUMONIAE, NEISSERIA MENINGITIDIS A, B, C, ANTÍGENO,","","","","","","","","","LÍQUIDOS (CEFALORRAQUEANO (LÍQUOR),","","PROCEDIMENTOS DIAGNÓSTICOS E"
"","","","AMB","HCO","HSO","REF","","","","PROCEDIMENTOS LABORATORIAIS",""
"DETECÇÃO RÁPIDA","","","","","","","","","SEMINAL, AMNIÓTICO, SINOVIAL E OUTROS)","","TERAPÊUTICOS"
"","","","","","","","","","LÍQUIDOS (CEFALORRAQUEANO (LÍQUOR),","","PROCEDIMENTOS DIAGNÓSTICOS E"
"ÍNDICE DE IMUNOPRODUÇÃO DE IGG (DOSAGEM DE ALBUMINA E IGG EM SORO E LÍQUOR)","","","AMB","HCO","HSO","REF","","","","PROCEDIMENTOS LABORATORIAIS",""
"","","","","","","","","","SEMINAL, AMNIÓTICO, SINOVIAL E OUTROS)","","TERAPÊUTICOS"
