"","RN","","","","","","","","","","",""
"PROCEDIMENTO","VIGÊNCIA","OD","AMB","HCO","HSO","REF","PAC","DUT","","SUBGRUPO","GRUPO","CAPÍTULO"
"","(alteração)","","","","","","","","","","",""
"","","","","","","","","","","","","PROCEDIMENTOS DIAGNÓSTICOS E"
"ANTICOAGULANTE LÚPICO","","","AMB","HCO","HSO","REF","","","IMUNOLOGIA","","PROCEDIMENTOS LABORATORIAIS",""
"","","","","","","","","","","","","TERAPÊUTICOS"
"","","","","","","","","","","","","PROCEDIMENTOS DIAGNÓSTICOS E"
"ANTICORPOS ANTI PEPTÍDEO CÍCLICO CITRULINADO - IGG (ANTI CCP) - COM DIRETRIZ DE UTILIZAÇÃO","","","AMB","HCO","HSO","REF","","4","IMUNOLOGIA","","PROCEDIMENTOS LABORATORIAIS",""
"","","","","","","","","","","","","TERAPÊUTICOS"
"","","","","","","","","","","","","PROCEDIMENTOS DIAGNÓSTICOS E"
"ANTICORPOS ANTIDIFTERIA","","","AMB","HCO","HSO","REF","","","IMUNOLOGIA","","PROCEDIMENTOS LABORATORIAIS",""
"","","","","","","","","","","","","TERAPÊUTICOS"
"","","","","","","","","","","","","PROCEDIMENTOS DIAGNÓSTICOS E"
"ANTICORPO ANTI-RECEPTOR DE TSH (TRAB)","","","AMB","HCO","HSO","REF","","","IMUNOLOGIA","","PROCEDIMENTOS LABORATORIAIS",""
"","","","","","","","","","","","","TERAPÊUTICOS"
"","","","","","","","","","","","","PROCEDIMENTOS DIAGNÓSTICOS E"
"ANTICORPO ANTIVÍRUS DA HEPATITE E (TOTAL)","","","AMB","HCO","HSO","REF","","","IMUNOLOGIA","","PROCEDIMENTOS LABORATORIAIS",""
"","","","","","","","","","","","","TERAPÊUTICOS"
"","","","","","","","","","","","","PROCEDIMENTOS DIAGNÓSTICOS E"
"ANTICORPOS ANTIENDOMÍSIO, IGA","","","AMB","HCO","HSO","REF","","","IMUNOLOGIA","","PROCEDIMENTOS LABORATORIAIS",""
"","","","","","","","","","","","","TERAPÊUTICOS"
"","","","","","","","","","","","","PROCEDIMENTOS DIAGNÓSTICOS E"
"ANTICORPOS ANTI-ILHOTA DE LANGERHANS","","","AMB","HCO","HSO","REF","","","IMUNOLOGIA","","PROCEDIMENTOS LABORATORIAIS",""
"","","","","","","","","","","","","TERAPÊUTICOS"
"","","","","","","","","","","","","PROCEDIMENTOS DIAGNÓSTICOS E"
"ANTICORPOS ANTIINSULINA","","","AMB","HCO","HSO","REF","","","IMUNOLOGIA","","PROCEDIMENTOS LABORATORIAIS",""
"","","","","","","","","","","","","TERAPÊUTICOS"
"","","","","","","","","","","","","PROCEDIMENTOS DIAGNÓSTICOS E"
"ANTICORPOS ANTIPNEUMOCOCO","","","AMB","HCO","HSO","REF","","","IMUNOLOGIA","","PROCEDIMENTOS LABORATORIAIS",""
"","","","","","","","","","","","","TERAPÊUTICOS"
"","","","","","","","","","","","","PROCEDIMENTOS DIAGNÓSTICOS E"
"ANTICORPOS ANTITÉTANO","","","AMB","HCO","HSO","REF","","","IMUNOLOGIA","","PROCEDIMENTOS LABORATORIAIS",""
"","","","","","","","","","","","","TERAPÊUTICOS"
"","","","","","","","","","","","","PROCEDIMENTOS DIAGNÓSTICOS E"
"ANTICORPOS ANTITIREÓIDE (TIREOGLOBULINA)","","","AMB","HCO","HSO","REF","","","IMUNOLOGIA","","PROCEDIMENTOS LABORATORIAIS",""
"","","","","","","","","","","","","TERAPÊUTICOS"
"","","","","","","","","","","","","PROCEDIMENTOS DIAGNÓSTICOS E"
"ANTICORPOS ANTITRANSGLUTAMINASE - IGA","","","AMB","HCO","HSO","REF","","","IMUNOLOGIA","","PROCEDIMENTOS LABORATORIAIS",""
"","","","","","","","","","","","","TERAPÊUTICOS"
"","","","","","","","","","","","","PROCEDIMENTOS DIAGNÓSTICOS E"
"ANTICORTEX SUPRA-RENAL","","","AMB","HCO","HSO","REF","","","IMUNOLOGIA","","PROCEDIMENTOS LABORATORIAIS",""
"","","","","","","","","","","","","TERAPÊUTICOS"
"","","","","","","","","","","","","PROCEDIMENTOS DIAGNÓSTICOS E"
"ANTI-DNA","","","AMB","HCO","HSO","REF","","","IMUNOLOGIA","","PROCEDIMENTOS LABORATORIAIS",""
"","","","","","","","","","","","","TERAPÊUTICOS"
"","","","","","","","","","","","","PROCEDIMENTOS DIAGNÓSTICOS E"
"ANTIESCLERODERMA (SCL 70)","","","AMB","HCO","HSO","REF","","","IMUNOLOGIA","","PROCEDIMENTOS LABORATORIAIS",""
"","","","","","","","","","","","","TERAPÊUTICOS"
"","","","","","","","","","","","","PROCEDIMENTOS DIAGNÓSTICOS E"
"ANTIESTREPTOLISINA O (ASLO)","","","AMB","HCO","HSO","REF","","","IMUNOLOGIA","","PROCEDIMENTOS LABORATORIAIS",""
"","","","","","","","","","","","","TERAPÊUTICOS"
"","","","","","","","","","","","","PROCEDIMENTOS DIAGNÓSTICOS E"
"ANTI-GAD","","","AMB","HCO","HSO","REF","","","IMUNOLOGIA","","PROCEDIMENTOS LABORATORIAIS",""
"","","","","","","","","","","","","TERAPÊUTICOS"
"","","","","","","","","","","","","PROCEDIMENTOS DIAGNÓSTICOS E"
"ANTÍGENO AUSTRÁLIA (HBsAG)","","","AMB","HCO","HSO","REF","","","IMUNOLOGIA","","PROCEDIMENTOS LABORATORIAIS",""
"","","","","","","","","","","","","TERAPÊUTICOS"
"","","","","","","","","","","","","PROCEDIMENTOS DIAGNÓSTICOS E"
"ANTÍGENO CARCINOEMBRIOGÊNICO (CEA)","","","AMB","HCO","HSO","REF","","","IMUNOLOGIA","","PROCEDIMENTOS LABORATORIAIS",""
"","","","","","","","","","","","","TERAPÊUTICOS"
