"","RN","","","","","","","","","",""
"PROCEDIMENTO","VIGÊNCIA","OD","AMB","HCO","HSO","REF","PAC","DUT","SUBGRUPO","GRUPO","CAPÍTULO"
"","(alteração)","","","","","","","","","",""
"ARTROSCOPIA CIRÚRGICA PARA MENISCECTOMIA, SUTURA MENISCAL, REMODELAÇÃO DE MENISCO","","","","","","","","","","",""
"","","","","","","","","","","SISTEMA MÚSCULO-ESQUELÉTICO E",""
"DISCÓIDE, REPARAÇÃO, REFORÇO OU RECONSTRUÇÃO DOS LIGAMENTOS CRUZADOS OU REALINHAMENTO","","","","HCO","HSO","REF","","","ARTROSCOPIA","","PROCEDIMENTOS CIRÚRGICOS E INVASIVOS"
"","","","","","","","","","","ARTICULAÇÕES",""
"PATELO-FEMORAL","","","","","","","","","","",""
"","","","","","","","","","","SISTEMA MÚSCULO-ESQUELÉTICO E",""
"ARTROSCOPIA P/ DIAGNÓSTICO COM OU SEM BIÓPSIA SINOVIAL","","","","HCO","HSO","REF","","","ARTROSCOPIA","","PROCEDIMENTOS CIRÚRGICOS E INVASIVOS"
"","","","","","","","","","","ARTICULAÇÕES",""
"ARTROSCOPIA PARA DESCOMPRESSÃO SUBACROMIAL COM ROTURA DO MANGUITO ROTADOR, RESSECÇÃO","","","","","","","","","","SISTEMA MÚSCULO-ESQUELÉTICO E",""
"","","","","HCO","HSO","REF","","","ARTROSCOPIA","","PROCEDIMENTOS CIRÚRGICOS E INVASIVOS"
"DA EXTREMIDADE LATERAL DA CLAVÍCULA, ARTRODESE DO OMBRO, FIXAÇÃO MENISCA","","","","","","","","","","ARTICULAÇÕES",""
"","","","","","","","","","","SISTEMA MÚSCULO-ESQUELÉTICO E",""
"ARTROSCOPIA PARA SINOVECTOMIAS E RESSECÇÃO DE MENISCOS","","","","HCO","HSO","REF","","","ARTROSCOPIA","","PROCEDIMENTOS CIRÚRGICOS E INVASIVOS"
"","","","","","","","","","","ARTICULAÇÕES",""
"","","","","","","","","","","SISTEMA MÚSCULO-ESQUELÉTICO E",""
"ARTROSCOPIA PARA RECONSTRUÇÃO, RETENCIONAMENTO OU REFORÇO DE LIGAMENTO","","","","HCO","HSO","REF","","","ARTROSCOPIA","","PROCEDIMENTOS CIRÚRGICOS E INVASIVOS"
"","","","","","","","","","","ARTICULAÇÕES",""
"ARTROSCOPIA PARA TRATAMENTO DE INFECÇÃO, REMOÇÃO DE CORPOS ESTRANHOS OU FRAGMENTOS","","","","","","","","","","SISTEMA MÚSCULO-ESQUELÉTICO E",""
"","","","","HCO","HSO","REF","","","ARTROSCOPIA","","PROCEDIMENTOS CIRÚRGICOS E INVASIVOS"
"LIVRES, SINOVECTOMIA PARCIAL (PLICAS), ADERÊNCIAS, MANIPULAÇÕES, DESBRIDAMENTOS","","","","","","","","","","ARTICULAÇÕES",""
"","","","","","","","","","","SISTEMA MÚSCULO-ESQUELÉTICO E",""
"ARTROSCOPIA PARA TRATAMENTO DE LUXAÇÃO RECIDIVANTE","","","","HCO","HSO","REF","","","ARTROSCOPIA","","PROCEDIMENTOS CIRÚRGICOS E INVASIVOS"
"","","","","","","","","","","ARTICULAÇÕES",""
"","","","","","","","","","","SISTEMA MÚSCULO-ESQUELÉTICO E",""
"INSTALAÇÃO DE HALO CRANIANO","","","","HCO","HSO","REF","","","TRAÇÃO","","PROCEDIMENTOS CIRÚRGICOS E INVASIVOS"
"","","","","","","","","","","ARTICULAÇÕES",""
"","","","","","","","","","","SISTEMA MÚSCULO-ESQUELÉTICO E",""
"TRAÇÃO CUTÂNEA E OU TRANSESQUELETICA - QUALQUER LOCALIZAÇÃO","","","","HCO","HSO","REF","","","TRAÇÃO","","PROCEDIMENTOS CIRÚRGICOS E INVASIVOS"
"","","","","","","","","","","ARTICULAÇÕES",""
"","","","","","","","","","","SISTEMA MÚSCULO-ESQUELÉTICO E",""
"RETIRADA DE PRÓTESES DE SUBSTITUIÇÃO DE PEQUENAS ARTICULAÇÕES","","","","HCO","HSO","REF","","","RETIRADA DE MATERIAL DE SÍNTESE","","PROCEDIMENTOS CIRÚRGICOS E INVASIVOS"
"","","","","","","","","","","ARTICULAÇÕES",""
"","","","","","","","","","","SISTEMA MÚSCULO-ESQUELÉTICO E",""
"RETIRADA DE MATERIAL DE SÍNTESE (QUALQUER MATERIAL)","","","AMB","HCO","HSO","REF","","","RETIRADA DE MATERIAL DE SÍNTESE","","PROCEDIMENTOS CIRÚRGICOS E INVASIVOS"
"","","","","","","","","","","ARTICULAÇÕES",""
"","","","","","","","","","","SISTEMA MÚSCULO-ESQUELÉTICO E",""
"APARELHOS GESSADOS (QUALQUER TIPO E LOCALIZAÇÃO)","","","AMB","HCO","HSO","REF","","","IMOBILIZAÇÕES","","PROCEDIMENTOS CIRÚRGICOS E INVASIVOS"
"","","","","","","","","","","ARTICULAÇÕES",""
"","","","","","","","","","","SISTEMA MÚSCULO-ESQUELÉTICO E",""
"IMOBILIZAÇÕES NÃO-GESSADAS (QUALQUER LOCALIZAÇÃO)","","","AMB","HCO","HSO","REF","","","IMOBILIZAÇÕES","","PROCEDIMENTOS CIRÚRGICOS E INVASIVOS"
"","","","","","","","","","","ARTICULAÇÕES",""
"","","","","","","","","","","SISTEMA MÚSCULO-ESQUELÉTICO E",""
"AMPUTAÇÃO/DESARTICULAÇÃO DE MEMBRO OU SEGMENTO","","","","HCO","HSO","REF","","","PROCEDIMENTOS GERAIS","","PROCEDIMENTOS CIRÚRGICOS E INVASIVOS"
"","","","","","","","","","","ARTICULAÇÕES",""
"","","","","","","","","","","SISTEMA MÚSCULO-ESQUELÉTICO E",""
"ARTRODESE COM OU SEM FIXADOR EXTERNO (DINÂMICO OU NÃO)","","","","HCO","HSO","REF","","","PROCEDIMENTOS GERAIS","","PROCEDIMENTOS CIRÚRGICOS E INVASIVOS"
"","","","","","","","","","","ARTICULAÇÕES",""
"","","","","","","","","","","SISTEMA MÚSCULO-ESQUELÉTICO E",""
"ARTROPLASTIA COM OU SEM IMPLANTE","","","","HCO","HSO","REF","","","PROCEDIMENTOS GERAIS","","PROCEDIMENTOS CIRÚRGICOS E INVASIVOS"
"","","","","","","","","","","ARTICULAÇÕES",""
"","","","","","","","","","","SISTEMA MÚSCULO-ESQUELÉTICO E",""
"ARTROTOMIA","","","","HCO","HSO","REF","","","PROCEDIMENTOS GERAIS","","PROCEDIMENTOS CIRÚRGICOS E INVASIVOS"
"","","","","","","","","","","ARTICULAÇÕES",""
"","","","","","","","","","","SISTEMA MÚSCULO-ESQUELÉTICO E",""
"AUTOENXERTO ÓSSEO","","","","HCO","HSO","REF","","","PROCEDIMENTOS GERAIS","","PROCEDIMENTOS CIRÚRGICOS E INVASIVOS"
"","","","","","","","","","","ARTICULAÇÕES",""
"","","","","","","","","","","SISTEMA MÚSCULO-ESQUELÉTICO E",""
"BIÓPSIA ÓSSEA COM OU SEM AGULHA - QUALQUER LOCALIZAÇÃO","","","AMB","HCO","HSO","REF","","","PROCEDIMENTOS GERAIS","","PROCEDIMENTOS CIRÚRGICOS E INVASIVOS"
"","","","","","","","","","","ARTICULAÇÕES",""
