"","RN","","","","","","","","","",""
"PROCEDIMENTO","VIGÊNCIA","OD","AMB","HCO","HSO","REF","PAC","DUT","SUBGRUPO","GRUPO","CAPÍTULO"
"","(alteração)","","","","","","","","","",""
"","","","","","","","","","","SISTEMA MÚSCULO-ESQUELÉTICO E",""
"TRATAMENTO CIRURGICO ALONGAMENTO COM OU SEM FIXADOR EXTERNO (DINAMICO OU NÃO)","","","","HCO","HSO","REF","","","PROCEDIMENTOS GERAIS","","PROCEDIMENTOS CIRÚRGICOS E INVASIVOS"
"","","","","","","","","","","ARTICULAÇÕES",""
"","","","","","","","","","","SISTEMA MÚSCULO-ESQUELÉTICO E",""
"TRATAMENTO CIRÚRGICO DA ARTROSE COM OU SEM FIXADOR EXTERNO (DINÂMICO OU NÃO)","","","","HCO","HSO","REF","","","PROCEDIMENTOS GERAIS","","PROCEDIMENTOS CIRÚRGICOS E INVASIVOS"
"","","","","","","","","","","ARTICULAÇÕES",""
"","","","","","","","","","","SISTEMA MÚSCULO-ESQUELÉTICO E",""
"TRATAMENTO CIRÚRGICO DA DESARTICULAÇÃO","","","","HCO","HSO","REF","","","PROCEDIMENTOS GERAIS","","PROCEDIMENTOS CIRÚRGICOS E INVASIVOS"
"","","","","","","","","","","ARTICULAÇÕES",""
"","","","","","","","","","","SISTEMA MÚSCULO-ESQUELÉTICO E",""
"TRATAMENTO CIRÚRGICO DA OSTEOMIELITE","","","","HCO","HSO","REF","","","PROCEDIMENTOS GERAIS","","PROCEDIMENTOS CIRÚRGICOS E INVASIVOS"
"","","","","","","","","","","ARTICULAÇÕES",""
"","","","","","","","","","","SISTEMA MÚSCULO-ESQUELÉTICO E",""
"TRATAMENTO CIRÚRGICO DA PSEUDOARTROSE COM OU SEM FIXADOR EXTERNO (DINÂMICO OU NÃO)","","","","HCO","HSO","REF","","","PROCEDIMENTOS GERAIS","","PROCEDIMENTOS CIRÚRGICOS E INVASIVOS"
"","","","","","","","","","","ARTICULAÇÕES",""
"","","","","","","","","","","SISTEMA MÚSCULO-ESQUELÉTICO E",""
"TRATAMENTO CIRÚRGICO DE FRATURA COM OU SEM FIXADOR EXTERNO (DINÂMICO OU NÃO)","","","","HCO","HSO","REF","","","PROCEDIMENTOS GERAIS","","PROCEDIMENTOS CIRÚRGICOS E INVASIVOS"
"","","","","","","","","","","ARTICULAÇÕES",""
"","","","","","","","","","","SISTEMA MÚSCULO-ESQUELÉTICO E",""
"TRATAMENTO CIRÚRGICO DE FRATURA VICIOSAMENTE CONSOLIDADA","","","","HCO","HSO","REF","","","PROCEDIMENTOS GERAIS","","PROCEDIMENTOS CIRÚRGICOS E INVASIVOS"
"","","","","","","","","","","ARTICULAÇÕES",""
"","","","","","","","","","","SISTEMA MÚSCULO-ESQUELÉTICO E",""
"TRATAMENTO CIRÚRGICO DE LESÕES LIGAMENTARES (AGUDAS OU CRÔNICAS)","","","","HCO","HSO","REF","","","PROCEDIMENTOS GERAIS","","PROCEDIMENTOS CIRÚRGICOS E INVASIVOS"
"","","","","","","","","","","ARTICULAÇÕES",""
"","","","","","","","","","","SISTEMA MÚSCULO-ESQUELÉTICO E",""
"TRATAMENTO CIRÚRGICO DE LUXAÇÃO E/OU AVULSÕES","","","","HCO","HSO","REF","","","PROCEDIMENTOS GERAIS","","PROCEDIMENTOS CIRÚRGICOS E INVASIVOS"
"","","","","","","","","","","ARTICULAÇÕES",""
"","","","","","","","","","","SISTEMA MÚSCULO-ESQUELÉTICO E",""
"TRATAMENTO CONSERVADOR DE FRATURA DE OSSOS","","","AMB","HCO","HSO","REF","","","PROCEDIMENTOS GERAIS","","PROCEDIMENTOS CIRÚRGICOS E INVASIVOS"
"","","","","","","","","","","ARTICULAÇÕES",""
"","","","","","","","","","","SISTEMA MÚSCULO-ESQUELÉTICO E",""
"TUMOR ÓSSEO - TRATAMENTO CIRURGICO","","","","HCO","HSO","REF","","","PROCEDIMENTOS GERAIS","","PROCEDIMENTOS CIRÚRGICOS E INVASIVOS"
"","","","","","","","","","","ARTICULAÇÕES",""
"","","","","","","","","","","SISTEMA MÚSCULO-ESQUELÉTICO E",""
"ARTRODESE DA COLUNA C/ INSTRUMENTAÇÃO","","","","HCO","HSO","REF","","","COLUNA VERTEBRAL","","PROCEDIMENTOS CIRÚRGICOS E INVASIVOS"
"","","","","","","","","","","ARTICULAÇÕES",""
"","","","","","","","","","","SISTEMA MÚSCULO-ESQUELÉTICO E",""
"ARTRODESE DE COLUNA VIA ANTERIOR OU PÓSTERO LATERAL - TRATAMENTO CIRÚRGICO","","","","HCO","HSO","REF","","","COLUNA VERTEBRAL","","PROCEDIMENTOS CIRÚRGICOS E INVASIVOS"
"","","","","","","","","","","ARTICULAÇÕES",""
"","","","","","","","","","","SISTEMA MÚSCULO-ESQUELÉTICO E",""
"ARTROPLASTIA DISCAL DE COLUNA VERTEBRAL (COM DIRETRIZ DE UTILIZAÇÃO)","","","","HCO","HSO","REF","","133","COLUNA VERTEBRAL","","PROCEDIMENTOS CIRÚRGICOS E INVASIVOS"
"","","","","","","","","","","ARTICULAÇÕES",""
"","","","","","","","","","","SISTEMA MÚSCULO-ESQUELÉTICO E",""
"BIÓPSIA CIRÚRGICA DA COLUNA","","","","HCO","HSO","REF","","","COLUNA VERTEBRAL","","PROCEDIMENTOS CIRÚRGICOS E INVASIVOS"
"","","","","","","","","","","ARTICULAÇÕES",""
"","","","","","","","","","","SISTEMA MÚSCULO-ESQUELÉTICO E",""
"BIÓPSIA DE CORPO VERTEBRAL COM AGULHA","","","","HCO","HSO","REF","","","COLUNA VERTEBRAL","","PROCEDIMENTOS CIRÚRGICOS E INVASIVOS"
"","","","","","","","","","","ARTICULAÇÕES",""
"","","","","","","","","","","SISTEMA MÚSCULO-ESQUELÉTICO E",""
"CIRURGIA ENDOSCÓPICA DA COLUNA VERTEBRAL - HÉRNIA DE DISCO LOMBAR","","","","HCO","HSO","REF","","","COLUNA VERTEBRAL","","PROCEDIMENTOS CIRÚRGICOS E INVASIVOS"
"","","","","","","","","","","ARTICULAÇÕES",""
"","","","","","","","","","","SISTEMA MÚSCULO-ESQUELÉTICO E",""
"CORDOTOMIA - MIELOTOMIA","","","","HCO","HSO","REF","","","COLUNA VERTEBRAL","","PROCEDIMENTOS CIRÚRGICOS E INVASIVOS"
"","","","","","","","","","","ARTICULAÇÕES",""
"","","","","","","","","","","SISTEMA MÚSCULO-ESQUELÉTICO E",""
"DERIVAÇÃO LOMBAR EXTERNA","","","","HCO","HSO","REF","","","COLUNA VERTEBRAL","","PROCEDIMENTOS CIRÚRGICOS E INVASIVOS"
"","","","","","","","","","","ARTICULAÇÕES",""
