"","RN","","","","","","","","","",""
"PROCEDIMENTO","VIGÊNCIA","OD","AMB","HCO","HSO","REF","PAC","DUT","SUBGRUPO","GRUPO","CAPÍTULO"
"","(alteração)","","","","","","","","","",""
"RECONSTRUÇÃO DA PAREDE TORÁCICA (COM OU SEM PRÓTESE)","","","","HCO","HSO","REF","","","PAREDE TORÁCICA","PAREDE TORÁCICA","PROCEDIMENTOS CIRÚRGICOS E INVASIVOS"
"RECONSTRUÇÃO DA PAREDE TORÁCICA COM RETALHOS CUTÂNEOS, MUSCULARES OU MIOCUTÂNEOS","","","","HCO","HSO","REF","","","PAREDE TORÁCICA","PAREDE TORÁCICA","PROCEDIMENTOS CIRÚRGICOS E INVASIVOS"
"RECONSTRUÇÃO DA REGIÃO ESTERNAL COM RETALHOS MUSCULARES","","","","HCO","HSO","REF","","","PAREDE TORÁCICA","PAREDE TORÁCICA","PROCEDIMENTOS CIRÚRGICOS E INVASIVOS"
"REDUÇÃO INCRUENTA DE FRATURA LUXAÇÃO DE ESTERNO OU COSTELA","","","AMB","HCO","HSO","REF","","","PAREDE TORÁCICA","PAREDE TORÁCICA","PROCEDIMENTOS CIRÚRGICOS E INVASIVOS"
"RESSECÇÃO DE TUMOR DO DIAFRAGMA E RECONSTRUÇÃO","","","","HCO","HSO","REF","","","PAREDE TORÁCICA","PAREDE TORÁCICA","PROCEDIMENTOS CIRÚRGICOS E INVASIVOS"
"RETIRADA DE CORPO ESTRANHO DA PAREDE TORÁCICA","","","","HCO","HSO","REF","","","PAREDE TORÁCICA","PAREDE TORÁCICA","PROCEDIMENTOS CIRÚRGICOS E INVASIVOS"
"TORACECTOMIA","","","","HCO","HSO","REF","","","PAREDE TORÁCICA","PAREDE TORÁCICA","PROCEDIMENTOS CIRÚRGICOS E INVASIVOS"
"TORACOPLASTIA","","","","HCO","HSO","REF","","","PAREDE TORÁCICA","PAREDE TORÁCICA","PROCEDIMENTOS CIRÚRGICOS E INVASIVOS"
"TORACOTOMIA COM BIÓPSIA","","","","HCO","HSO","REF","","","PAREDE TORÁCICA","PAREDE TORÁCICA","PROCEDIMENTOS CIRÚRGICOS E INVASIVOS"
"TORACOTOMIA EXPLORADORA","","","","HCO","HSO","REF","","","PAREDE TORÁCICA","PAREDE TORÁCICA","PROCEDIMENTOS CIRÚRGICOS E INVASIVOS"
"TORACOTOMIA PARA PROCEDIMENTOS ORTOPÉDICOS SOBRE A COLUNA VERTEBRAL","","","","HCO","HSO","REF","","","PAREDE TORÁCICA","PAREDE TORÁCICA","PROCEDIMENTOS CIRÚRGICOS E INVASIVOS"
"TRAÇÃO ESQUELÉTICA DO GRADIL COSTO-ESTERNAL (TRAUMATISMO)","","","","HCO","HSO","REF","","","PAREDE TORÁCICA","PAREDE TORÁCICA","PROCEDIMENTOS CIRÚRGICOS E INVASIVOS"
"TRATAMENTO CIRÚRGICO DE FRATURA LUXAÇÃO DE ESTERNO OU COSTELA","","","","HCO","HSO","REF","","","PAREDE TORÁCICA","PAREDE TORÁCICA","PROCEDIMENTOS CIRÚRGICOS E INVASIVOS"
"TRATAMENTO CIRÚRGICO DA OSTEOMIELITE DE COSTELA OU ESTERNO","","","","HCO","HSO","REF","","","PAREDE TORÁCICA","PAREDE TORÁCICA","PROCEDIMENTOS CIRÚRGICOS E INVASIVOS"
"TRATAMENTO CIRÚRGICO DE FRATURAS DO GRADIL COSTAL","","","","HCO","HSO","REF","","","PAREDE TORÁCICA","PAREDE TORÁCICA","PROCEDIMENTOS CIRÚRGICOS E INVASIVOS"
"BIÓPSIA INCISIONAL DE MAMA","","","AMB","HCO","HSO","REF","","","MAMAS","PAREDE TORÁCICA","PROCEDIMENTOS CIRÚRGICOS E INVASIVOS"
"BIÓPSIA PERCUTÂNEA À VACUO GUIADA POR RAIO X, ULTRASSONOGRAFIA OU RESSONÂNCIA MAGNÉTICA","","","","","","","","","","",""
"","","","AMB","HCO","HSO","REF","PAC","7","MAMAS","PAREDE TORÁCICA","PROCEDIMENTOS CIRÚRGICOS E INVASIVOS"
"(MAMOTOMIA) - COM DIRETRIZ DE UTILIZAÇÃO","","","","","","","","","","",""
"BIÓPSIA PERCUTÂNEA DE FRAGMENTO MAMÁRIO (CORE BIOPSY) ORIENTADA POR US OU RX - AGULHA","","","","","","","","","","",""
"","","","AMB","HCO","HSO","REF","","","MAMAS","PAREDE TORÁCICA","PROCEDIMENTOS CIRÚRGICOS E INVASIVOS"
"GROSSA","","","","","","","","","","",""
"COLETA DE FLUXO PAPILAR DE MAMA","","","AMB","HCO","HSO","REF","","","MAMAS","PAREDE TORÁCICA","PROCEDIMENTOS CIRÚRGICOS E INVASIVOS"
