"","RN","","","","","","","","","","",""
"PROCEDIMENTO","VIGÊNCIA","OD","AMB","HCO","HSO","REF","PAC","DUT","SUBGRUPO","","GRUPO","CAPÍTULO"
"","(alteração)","","","","","","","","","","",""
"","","","","","","","","","","","","PROCEDIMENTOS DIAGNÓSTICOS E"
"BETATERAPIA OFTÁLMICA","","","AMB","HCO","HSO","REF","PAC","","BETATERAPIA","RADIOTERAPIA","",""
"","","","","","","","","","","","","TERAPÊUTICOS"
"","","","","","","","","","","","","PROCEDIMENTOS DIAGNÓSTICOS E"
"BETATERAPIA PARA PROFILAXIA DE PTERÍGIO","","","AMB","HCO","HSO","REF","PAC","","BETATERAPIA","RADIOTERAPIA","",""
"","","","","","","","","","","","","TERAPÊUTICOS"
"","","","","","","","","","","","","PROCEDIMENTOS DIAGNÓSTICOS E"
"ANESTESIA (INSERÇÃO DA PLACA PARA BRAQUITERAPIA OFTÁLMICA)","","","","HCO","HSO","REF","PAC","","PROCEDIMENTOS SECUNDÁRIOS","RADIOTERAPIA","",""
"","","","","","","","","","","","","TERAPÊUTICOS"
"","","","","","","","","","","","","PROCEDIMENTOS DIAGNÓSTICOS E"
"ANESTESIA (INSERÇÃO DE CATETERES)","","","AMB","HCO","HSO","REF","PAC","","PROCEDIMENTOS SECUNDÁRIOS","RADIOTERAPIA","",""
"","","","","","","","","","","","","TERAPÊUTICOS"
"","","","","","","","","","","","","PROCEDIMENTOS DIAGNÓSTICOS E"
"ANESTESIA PARA RADIOTERAPIA EXTERNA","","","AMB","HCO","HSO","REF","PAC","","PROCEDIMENTOS SECUNDÁRIOS","RADIOTERAPIA","",""
"","","","","","","","","","","","","TERAPÊUTICOS"
"","","","","","","","","","","","","PROCEDIMENTOS DIAGNÓSTICOS E"
"COLIMAÇÃO","","","AMB","HCO","HSO","REF","PAC","","PROCEDIMENTOS SECUNDÁRIOS","RADIOTERAPIA","",""
"","","","","","","","","","","","","TERAPÊUTICOS"
"","","","","","","","","","","","","PROCEDIMENTOS DIAGNÓSTICOS E"
"FILMES DE VERIFICAÇÃO","","","AMB","HCO","HSO","REF","PAC","","PROCEDIMENTOS SECUNDÁRIOS","RADIOTERAPIA","",""
"","","","","","","","","","","","","TERAPÊUTICOS"
"","","","","","","","","","","","","PROCEDIMENTOS DIAGNÓSTICOS E"
"IMOBILIZADOR DE CABEÇA E PESCOÇO E MEMBROS","","","AMB","HCO","HSO","REF","PAC","","PROCEDIMENTOS SECUNDÁRIOS","RADIOTERAPIA","",""
"","","","","","","","","","","","","TERAPÊUTICOS"
"","","","","","","","","","","","","PROCEDIMENTOS DIAGNÓSTICOS E"
"IMOBILIZADOR DE TÓRAX, ABDOME E PÉLVIS","","","AMB","HCO","HSO","REF","PAC","","PROCEDIMENTOS SECUNDÁRIOS","RADIOTERAPIA","",""
"","","","","","","","","","","","","TERAPÊUTICOS"
"","","","","","","","","","","","","PROCEDIMENTOS DIAGNÓSTICOS E"
"IMPLANTAÇÃO DE HALO PARA RADIOCIRURGIA","","","AMB","HCO","HSO","REF","PAC","","PROCEDIMENTOS SECUNDÁRIOS","RADIOTERAPIA","",""
"","","","","","","","","","","","","TERAPÊUTICOS"
"","","","","","","","","","","","","PROCEDIMENTOS DIAGNÓSTICOS E"
"INSERÇÃO DA PLACA PARA BRAQUITERAPIA OFTÁLMICA","","","","HCO","HSO","REF","PAC","","PROCEDIMENTOS SECUNDÁRIOS","RADIOTERAPIA","",""
"","","","","","","","","","","","","TERAPÊUTICOS"
"","","","","","","","","","","","","PROCEDIMENTOS DIAGNÓSTICOS E"
"INSERÇÃO DOS CATETERES","","","AMB","HCO","HSO","REF","","","PROCEDIMENTOS SECUNDÁRIOS","RADIOTERAPIA","",""
"","","","","","","","","","","","","TERAPÊUTICOS"
"","","","","","","","","","","","","PROCEDIMENTOS DIAGNÓSTICOS E"
"PLANEJAMENTO COMPLEXO (COM COMPUTADOR)","","","AMB","HCO","HSO","REF","PAC","","PROCEDIMENTOS SECUNDÁRIOS","RADIOTERAPIA","",""
"","","","","","","","","","","","","TERAPÊUTICOS"
"","","","","","","","","","","","","PROCEDIMENTOS DIAGNÓSTICOS E"
"PLANEJAMENTO SIMPLES (SEM COMPUTADOR)","","","AMB","HCO","HSO","REF","PAC","","PROCEDIMENTOS SECUNDÁRIOS","RADIOTERAPIA","",""
"","","","","","","","","","","","","TERAPÊUTICOS"
"","","","","","","","","","","","","PROCEDIMENTOS DIAGNÓSTICOS E"
"PLANEJAMENTO TRIDIMENSIONAL","","","AMB","HCO","HSO","REF","PAC","","PROCEDIMENTOS SECUNDÁRIOS","RADIOTERAPIA","",""
"","","","","","","","","","","","","TERAPÊUTICOS"
"","","","","","","","","","","","","PROCEDIMENTOS DIAGNÓSTICOS E"
"SIMULAÇÃO COMPLEXA (COM TOMOGRAFIA COMPUTADORIZADA)","","","AMB","HCO","HSO","REF","PAC","","PROCEDIMENTOS SECUNDÁRIOS","RADIOTERAPIA","",""
"","","","","","","","","","","","","TERAPÊUTICOS"
"","","","","","","","","","","","","PROCEDIMENTOS DIAGNÓSTICOS E"
"SIMULAÇÃO INTERMEDIÁRIA (SEM TOMOGRAFIA COMPUTADORIZADA E COM CONTRASTE)","","","AMB","HCO","HSO","REF","PAC","","PROCEDIMENTOS SECUNDÁRIOS","RADIOTERAPIA","",""
"","","","","","","","","","","","","TERAPÊUTICOS"
"","","","","","","","","","","","","PROCEDIMENTOS DIAGNÓSTICOS E"
"SIMULAÇÃO SIMPLES (SEM TOMOGRAFIA COMPUTADORIZADA","","","AMB","HCO","HSO","REF","PAC","","PROCEDIMENTOS SECUNDÁRIOS","RADIOTERAPIA","",""
"","","","","","","","","","","","","TERAPÊUTICOS"
"","","","","","","","","","","","","PROCEDIMENTOS DIAGNÓSTICOS E"
"ANGIOFLUORESCEINOGRAFIA OCULAR","","","AMB","HCO","HSO","REF","","","PROCEDIMENTOS","EXAMES ESPECÍFICOS","",""
"","","","","","","","","","","","","TERAPÊUTICOS"
