"","RN","","","","","","","","","",""
"PROCEDIMENTO","VIGÊNCIA","OD","AMB","HCO","HSO","REF","PAC","DUT","SUBGRUPO","GRUPO","CAPÍTULO"
"","(alteração)","","","","","","","","","",""
"","","","","","","","","","","","PROCEDIMENTOS DIAGNÓSTICOS E"
"BCR/ABL, PESQUISA DE TRANSLOCAÇÃO","","","AMB","HCO","HSO","REF","PAC","","GENÉTICA MOLECULAR","GENÉTICA",""
"","","","","","","","","","","","TERAPÊUTICOS"
"","","","","","","","","","","","PROCEDIMENTOS DIAGNÓSTICOS E"
"BRAF (COM DIRETRIZ DE UTILIZAÇÃO)","","","AMB","HCO","HSO","REF","PAC","9","GENÉTICA MOLECULAR","GENÉTICA",""
"","","","","","","","","","","","TERAPÊUTICOS"
"","","","","","","","","","","","PROCEDIMENTOS DIAGNÓSTICOS E"
"CROMOSSOMO PHILADELFIA, PESQUISA","","","AMB","HCO","HSO","REF","PAC","","GENÉTICA MOLECULAR","GENÉTICA",""
"","","","","","","","","","","","TERAPÊUTICOS"
"","","","","","","","","","","","PROCEDIMENTOS DIAGNÓSTICOS E"
"EGFR (COM DIRETRIZ DE UTILIZAÇÃO)","","","AMB","HCO","HSO","REF","PAC","21","GENÉTICA MOLECULAR","GENÉTICA",""
"","","","","","","","","","","","TERAPÊUTICOS"
"","","","","","","","","","","","PROCEDIMENTOS DIAGNÓSTICOS E"
"FATOR V LEIDEN, ANÁLISE DE MUTAÇÃO (COM DIRETRIZ DE UTILIZAÇÃO)","","","AMB","HCO","HSO","REF","PAC","25","GENÉTICA MOLECULAR","GENÉTICA",""
"","","","","","","","","","","","TERAPÊUTICOS"
"","","","","","","","","","","","PROCEDIMENTOS DIAGNÓSTICOS E"
"HER-2 - DOSAGEM DO RECEPTOR (COM DIRETRIZ DE UTILIZAÇÃO)","","","AMB","HCO","HSO","REF","PAC","30","GENÉTICA MOLECULAR","GENÉTICA",""
"","","","","","","","","","","","TERAPÊUTICOS"
"INSTABILIDADE DE MICROSSATÉLITES (MSI), DETECÇÃO POR PCR, BLOCO DE PARAFINA COM DIRETRIZ DE","","","","","","","","","","","PROCEDIMENTOS DIAGNÓSTICOS E"
"","","","AMB","HCO","HSO","REF","PAC","110","GENÉTICA MOLECULAR","GENÉTICA",""
"UTILIZAÇÃO","","","","","","","","","","","TERAPÊUTICOS"
"","","","","","","","","","","","PROCEDIMENTOS DIAGNÓSTICOS E"
"K-RAS (COM DIRETRIZ DE UTILIZAÇÃO)","","","AMB","HCO","HSO","REF","PAC","50","GENÉTICA MOLECULAR","GENÉTICA",""
"","","","","","","","","","","","TERAPÊUTICOS"
"","","","","","","","","","","","PROCEDIMENTOS DIAGNÓSTICOS E"
"N-RAS (COM DIRETRIZ DE UTILIZAÇÃO)","","","AMB","HCO","HSO","REF","PAC","57","GENÉTICA MOLECULAR","GENÉTICA",""
"","","","","","","","","","","","TERAPÊUTICOS"
"","","","","","","","","","","","PROCEDIMENTOS DIAGNÓSTICOS E"
"PROTROMBINA, PESQUISA DE MUTAÇÃO (COM DIRETRIZ DE UTILIZAÇÃO)","","","AMB","HCO","HSO","REF","PAC","61","GENÉTICA MOLECULAR","GENÉTICA",""
"","","","","","","","","","","","TERAPÊUTICOS"
"","","","","","","","","","","","PROCEDIMENTOS DIAGNÓSTICOS E"
"REARRANJO GÊNICO CÉLULAS B POR PCR","","","AMB","HCO","HSO","REF","PAC","","GENÉTICA MOLECULAR","GENÉTICA",""
"","","","","","","","","","","","TERAPÊUTICOS"
"","","","","","","","","","","","PROCEDIMENTOS DIAGNÓSTICOS E"
"REARRANJO GÊNICO CÉLULAS T POR PCR","","","AMB","HCO","HSO","REF","PAC","","GENÉTICA MOLECULAR","GENÉTICA",""
"","","","","","","","","","","","TERAPÊUTICOS"
"","","","","","","","","","","","PROCEDIMENTOS DIAGNÓSTICOS E"
"FLT3 - PESQUISA DE MUTAÇÕES (COM DIRETRIZ DE UTILIZAÇÃO)","","","AMB","HCO","HSO","REF","PAC","142","GENÉTICA MOLECULAR","GENÉTICA",""
"","","","","","","","","","","","TERAPÊUTICOS"
"","","","","","","","","","","","PROCEDIMENTOS DIAGNÓSTICOS E"
"TESTE DE DEFICIÊNCIA DE RECOMBINAÇÃO HOMÓLOGA, HRD (COM DIRETRIZ DE UTILIZAÇÃO)","577/2023
09/05/2023","","AMB","HCO","HSO","REF","PAC","160","GENÉTICA MOLECULAR","GENÉTICA",""
"","","","","","","","","","","","TERAPÊUTICOS"
"","","","","","","","","","","","PROCEDIMENTOS DIAGNÓSTICOS E"
"TRANSLOCAÇÃO PML/RAR-a","","","AMB","HCO","HSO","REF","PAC","","GENÉTICA MOLECULAR","GENÉTICA",""
"","","","","","","","","","","","TERAPÊUTICOS"
"","","","","","","","","","","","PROCEDIMENTOS DIAGNÓSTICOS E"
"ANÁLISE DE DNA (CONTEÚDO E PLOIDIA) POR CITOMETRIA DE FLUXO","","","AMB","HCO","HSO","REF","PAC","","PROCEDIMENTOS","ANATOMIA PATOLÓGICA E CITOPATOLOGIA",""
"","","","","","","","","","","","TERAPÊUTICOS"
"","","","","","","","","","","","PROCEDIMENTOS DIAGNÓSTICOS E"
"COLORAÇÕES ESPECIAIS, QUANDO NECESSÁRIAS AOS PROCEDIMENTOS ANATOMOPATOLÓGICOS","","","AMB","HCO","HSO","REF","PAC","","PROCEDIMENTOS","ANATOMIA PATOLÓGICA E CITOPATOLOGIA",""
"","","","","","","","","","","","TERAPÊUTICOS"
"DETECÇÃO DE RECEPTORES DE SECREÇÃO HORMONAL E/OU DETECÇÃO DE MARCADORES DE CÉLULAS","","","","","","","","","","",""
"NEOPLÁSICAS E/OU DETECÇÃO DE FATORES DE PROLIFERAÇÃO CELULAR, DE ANGIOGÊNESE TUMORAL,","","","","","","","","","","","PROCEDIMENTOS DIAGNÓSTICOS E"
"","","","AMB","HCO","HSO","REF","PAC","","PROCEDIMENTOS","ANATOMIA PATOLÓGICA E CITOPATOLOGIA",""
"ONCOGENES E PROTEÍNAS ASSOCIADAS E/OU ENSAIO DE RECEPTOR DE ESTROGÊNIO E PROGESTERONA","","","","","","","","","","","TERAPÊUTICOS"
"EM BLOCO DE PARAFINA","","","","","","","","","","",""
"","","","","","","","","","","","PROCEDIMENTOS DIAGNÓSTICOS E"
"HPV (VÍRUS DO PAPILOMA HUMANO), DETECÇÃO POR TÉCNICAS IMUNO-HISTOQUÍMICAS","","","AMB","HCO","HSO","REF","PAC","","PROCEDIMENTOS","ANATOMIA PATOLÓGICA E CITOPATOLOGIA",""
"","","","","","","","","","","","TERAPÊUTICOS"
