"","RN","","","","","","","","","",""
"PROCEDIMENTO","VIGÊNCIA","OD","AMB","HCO","HSO","REF","PAC","DUT","SUBGRUPO","GRUPO","CAPÍTULO"
"","(alteração)","","","","","","","","","",""
"","","","","","","","","","MÉTODOS INTERVENCIONISTAS","",""
"","","","","","","","","","","","PROCEDIMENTOS DIAGNÓSTICOS E"
"COLOCAÇÃO DE STENT BILIAR","","","","HCO","HSO","REF","PAC","","DIAGNÓSTICOS E TERAPÊUTICOS POR","MÉTODOS DIAGNÓSTICOS POR IMAGEM",""
"","","","","","","","","","","","TERAPÊUTICOS"
"","","","","","","","","","IMAGEM","",""
"","","","","","","","","","MÉTODOS INTERVENCIONISTAS","",""
"","","","","","","","","","","","PROCEDIMENTOS DIAGNÓSTICOS E"
"COLOCAÇÃO DE STENT EM TRAQUÉIA OU BRÔNQUIO","","","","HCO","HSO","REF","PAC","","DIAGNÓSTICOS E TERAPÊUTICOS POR","MÉTODOS DIAGNÓSTICOS POR IMAGEM",""
"","","","","","","","","","","","TERAPÊUTICOS"
"","","","","","","","","","IMAGEM","",""
"","","","","","","","","","MÉTODOS INTERVENCIONISTAS","",""
"","","","","","","","","","","","PROCEDIMENTOS DIAGNÓSTICOS E"
"COLOCAÇÃO DE STENT ESOFAGIANO, INTESTINAL OU RETAL","","","","HCO","HSO","REF","PAC","","DIAGNÓSTICOS E TERAPÊUTICOS POR","MÉTODOS DIAGNÓSTICOS POR IMAGEM",""
"","","","","","","","","","","","TERAPÊUTICOS"
"","","","","","","","","","IMAGEM","",""
"","","","","","","","","","MÉTODOS INTERVENCIONISTAS","",""
"","","","","","","","","","","","PROCEDIMENTOS DIAGNÓSTICOS E"
"COLOCAÇÃO DE STENT RENAL","","","","HCO","HSO","REF","PAC","","DIAGNÓSTICOS E TERAPÊUTICOS POR","MÉTODOS DIAGNÓSTICOS POR IMAGEM",""
"","","","","","","","","","","","TERAPÊUTICOS"
"","","","","","","","","","IMAGEM","",""
"","","","","","","","","","MÉTODOS INTERVENCIONISTAS","",""
"","","","","","","","","","","","PROCEDIMENTOS DIAGNÓSTICOS E"
"COLOCAÇÃO DE STENT VASCULAR (ARTERIAL OU VENOSO)","","","","HCO","HSO","REF","PAC","","DIAGNÓSTICOS E TERAPÊUTICOS POR","MÉTODOS DIAGNÓSTICOS POR IMAGEM",""
"","","","","","","","","","","","TERAPÊUTICOS"
"","","","","","","","","","IMAGEM","",""
"","","","","","","","","","MÉTODOS INTERVENCIONISTAS","",""
"","","","","","","","","","","","PROCEDIMENTOS DIAGNÓSTICOS E"
"COLOCAÇÃO PERCUTÂNEA DE CATETER PIELOVESICAL","","","","HCO","HSO","REF","PAC","","DIAGNÓSTICOS E TERAPÊUTICOS POR","MÉTODOS DIAGNÓSTICOS POR IMAGEM",""
"","","","","","","","","","","","TERAPÊUTICOS"
"","","","","","","","","","IMAGEM","",""
"","","","","","","","","","MÉTODOS INTERVENCIONISTAS","",""
"","","","","","","","","","","","PROCEDIMENTOS DIAGNÓSTICOS E"
"COLOCAÇÃO PERCUTÂNEA DE STENT VASCULAR","","","","HCO","HSO","REF","PAC","","DIAGNÓSTICOS E TERAPÊUTICOS POR","MÉTODOS DIAGNÓSTICOS POR IMAGEM",""
"","","","","","","","","","","","TERAPÊUTICOS"
"","","","","","","","","","IMAGEM","",""
"","","","","","","","","","MÉTODOS INTERVENCIONISTAS","",""
"","","","","","","","","","","","PROCEDIMENTOS DIAGNÓSTICOS E"
"COLUNA VERTEBRAL: INFILTRAÇÃO FORAMINAL OU FACETÁRIA OU ARTICULAR","","","AMB","HCO","HSO","REF","PAC","","DIAGNÓSTICOS E TERAPÊUTICOS POR","MÉTODOS DIAGNÓSTICOS POR IMAGEM",""
"","","","","","","","","","","","TERAPÊUTICOS"
"","","","","","","","","","IMAGEM","",""
"","","","","","","","","","MÉTODOS INTERVENCIONISTAS","",""
"","","","","","","","","","","","PROCEDIMENTOS DIAGNÓSTICOS E"
"DILATAÇÃO PERCUTÂNEA DE ESTENOSE BILIAR CICATRICIAL","","","","HCO","HSO","REF","PAC","","DIAGNÓSTICOS E TERAPÊUTICOS POR","MÉTODOS DIAGNÓSTICOS POR IMAGEM",""
"","","","","","","","","","","","TERAPÊUTICOS"
"","","","","","","","","","IMAGEM","",""
"","","","","","","","","","MÉTODOS INTERVENCIONISTAS","",""
"","","","","","","","","","","","PROCEDIMENTOS DIAGNÓSTICOS E"
"DILATAÇÃO PERCUTÂNEA DE ESTENOSE DE CONDUTO URINÁRIO","","","","HCO","HSO","REF","PAC","","DIAGNÓSTICOS E TERAPÊUTICOS POR","MÉTODOS DIAGNÓSTICOS POR IMAGEM",""
"","","","","","","","","","","","TERAPÊUTICOS"
"","","","","","","","","","IMAGEM","",""
"","","","","","","","","","MÉTODOS INTERVENCIONISTAS","",""
"","","","","","","","","","","","PROCEDIMENTOS DIAGNÓSTICOS E"
"DILATAÇÃO PERCUTÂNEA DE ESTENOSE DE DUCTO PANCREÁTICO","","","","HCO","HSO","REF","PAC","","DIAGNÓSTICOS E TERAPÊUTICOS POR","MÉTODOS DIAGNÓSTICOS POR IMAGEM",""
"","","","","","","","","","","","TERAPÊUTICOS"
"","","","","","","","","","IMAGEM","",""
"","","","","","","","","","MÉTODOS INTERVENCIONISTAS","",""
"","","","","","","","","","","","PROCEDIMENTOS DIAGNÓSTICOS E"
"DISCOGRAFIA","","","","HCO","HSO","REF","PAC","","DIAGNÓSTICOS E TERAPÊUTICOS POR","MÉTODOS DIAGNÓSTICOS POR IMAGEM",""
"","","","","","","","","","","","TERAPÊUTICOS"
"","","","","","","","","","IMAGEM","",""
"","","","","","","","","","MÉTODOS INTERVENCIONISTAS","",""
"","","","","","","","","","","","PROCEDIMENTOS DIAGNÓSTICOS E"
"DRENAGEM PERCUTÂNEA DE CISTO OU ABCESSO RENAL","","","AMB","HCO","HSO","REF","PAC","","DIAGNÓSTICOS E TERAPÊUTICOS POR","MÉTODOS DIAGNÓSTICOS POR IMAGEM",""
"","","","","","","","","","","","TERAPÊUTICOS"
"","","","","","","","","","IMAGEM","",""
"","","","","","","","","","MÉTODOS INTERVENCIONISTAS","",""
"","","","","","","","","","","","PROCEDIMENTOS DIAGNÓSTICOS E"
"DRENAGEM PERCUTÂNEA DE CISTO OU ABCESSO HEPÁTICO OU PANCREÁTICO","","","AMB","HCO","HSO","REF","PAC","","DIAGNÓSTICOS E TERAPÊUTICOS POR","MÉTODOS DIAGNÓSTICOS POR IMAGEM",""
"","","","","","","","","","","","TERAPÊUTICOS"
"","","","","","","","","","IMAGEM","",""
"","","","","","","","","","MÉTODOS INTERVENCIONISTAS","",""
"DRENAGEM PERCUTÂNEA DE COLEÇÃO ABDOMINAL, RETROPERITONEAL, PÉLVICA ORIENTADA OU NÃO POR","","","","","","","","","","","PROCEDIMENTOS DIAGNÓSTICOS E"
"","","","AMB","HCO","HSO","REF","PAC","","DIAGNÓSTICOS E TERAPÊUTICOS POR","MÉTODOS DIAGNÓSTICOS POR IMAGEM",""
"US OU TC","","","","","","","","","","","TERAPÊUTICOS"
"","","","","","","","","","IMAGEM","",""
"","","","","","","","","","MÉTODOS INTERVENCIONISTAS","",""
"","","","","","","","","","","","PROCEDIMENTOS DIAGNÓSTICOS E"
"DRENAGEM PERCUTÂNEA DE COLEÇÃO PLEURAL","","","AMB","HCO","HSO","REF","PAC","","DIAGNÓSTICOS E TERAPÊUTICOS POR","MÉTODOS DIAGNÓSTICOS POR IMAGEM",""
"","","","","","","","","","","","TERAPÊUTICOS"
"","","","","","","","","","IMAGEM","",""
"","","","","","","","","","MÉTODOS INTERVENCIONISTAS","",""
"","","","","","","","","","","","PROCEDIMENTOS DIAGNÓSTICOS E"
"DRENAGEM PERCUTÂNEA DE COLEÇÃO PULMONAR OU MEDIASTINAL ORIENTADA OU NÃO POR US OU TC","","","AMB","HCO","HSO","REF","PAC","","DIAGNÓSTICOS E TERAPÊUTICOS POR","MÉTODOS DIAGNÓSTICOS POR IMAGEM",""
"","","","","","","","","","","","TERAPÊUTICOS"
"","","","","","","","","","IMAGEM","",""
"","","","","","","","","","MÉTODOS INTERVENCIONISTAS","",""
"","","","","","","","","","","","PROCEDIMENTOS DIAGNÓSTICOS E"
"DRENAGEM PERCUTÂNEA DE PNEUMOTÓRAX","","","AMB","HCO","HSO","REF","PAC","","DIAGNÓSTICOS E TERAPÊUTICOS POR","MÉTODOS DIAGNÓSTICOS POR IMAGEM",""
"","","","","","","","","","","","TERAPÊUTICOS"
"","","","","","","","","","IMAGEM","",""
"","","","","","","","","","MÉTODOS INTERVENCIONISTAS","",""
"","","","","","","","","","","","PROCEDIMENTOS DIAGNÓSTICOS E"
"DRENAGEM PERCUTÂNEA DE VIA BILIAR","","","AMB","HCO","HSO","REF","PAC","","DIAGNÓSTICOS E TERAPÊUTICOS POR","MÉTODOS DIAGNÓSTICOS POR IMAGEM",""
"","","","","","","","","","","","TERAPÊUTICOS"
"","","","","","","","","","IMAGEM","",""
