"","RN","","","","","","","","","",""
"PROCEDIMENTO","VIGÊNCIA","OD","AMB","HCO","HSO","REF","PAC","DUT","SUBGRUPO","GRUPO","CAPÍTULO"
"","(alteração)","","","","","","","","","",""
"","","","","","","","","","","","PROCEDIMENTOS DIAGNÓSTICOS E"
"PAQUIMETRIA ULTRASSÔNICA","","","AMB","HCO","HSO","REF","","","PROCEDIMENTOS","EXAMES ESPECÍFICOS",""
"","","","","","","","","","","","TERAPÊUTICOS"
"","","","","","","","","","","","PROCEDIMENTOS DIAGNÓSTICOS E"
"POTENCIAL DE ACUIDADE VISUAL","","","AMB","HCO","HSO","REF","","","PROCEDIMENTOS","EXAMES ESPECÍFICOS",""
"","","","","","","","","","","","TERAPÊUTICOS"
"","","","","","","","","","","","PROCEDIMENTOS DIAGNÓSTICOS E"
"PRESSÃO ARTERIAL PENIANA","","","AMB","HCO","HSO","REF","","","PROCEDIMENTOS","EXAMES ESPECÍFICOS",""
"","","","","","","","","","","","TERAPÊUTICOS"
"","","","","","","","","","","","PROCEDIMENTOS DIAGNÓSTICOS E"
"RETINOGRAFIA","","","AMB","HCO","HSO","REF","","","PROCEDIMENTOS","EXAMES ESPECÍFICOS",""
"","","","","","","","","","","","TERAPÊUTICOS"
"","","","","","","","","","","","PROCEDIMENTOS DIAGNÓSTICOS E"
"TESTE DA HISTAMINA","","","AMB","HCO","HSO","REF","","","PROCEDIMENTOS","EXAMES ESPECÍFICOS",""
"","","","","","","","","","","","TERAPÊUTICOS"
"","","","","","","","","","","","PROCEDIMENTOS DIAGNÓSTICOS E"
"TESTE DE BRONCOPROVOCAÇÃO","","","AMB","HCO","HSO","REF","","","PROCEDIMENTOS","EXAMES ESPECÍFICOS",""
"","","","","","","","","","","","TERAPÊUTICOS"
"","","","","","","","","","","","PROCEDIMENTOS DIAGNÓSTICOS E"
"TESTE DE EQUILÍBRIO PERITONEAL (PET)","","","AMB","HCO","HSO","REF","","","PROCEDIMENTOS","EXAMES ESPECÍFICOS",""
"","","","","","","","","","","","TERAPÊUTICOS"
"","","","","","","","","","","","PROCEDIMENTOS DIAGNÓSTICOS E"
"TESTE DE GLICEROL (COM AUDIOMETRIA TONAL LIMIAR PRÉ E PÓS)","","","AMB","HCO","HSO","REF","","","PROCEDIMENTOS","EXAMES ESPECÍFICOS",""
"","","","","","","","","","","","TERAPÊUTICOS"
"","","","","","","","","","","","PROCEDIMENTOS DIAGNÓSTICOS E"
"TESTE DE GLICEROL (COM ELETROCOCLEOGRAFIA PRÉ E PÓS)","","","AMB","HCO","HSO","REF","","","PROCEDIMENTOS","EXAMES ESPECÍFICOS",""
"","","","","","","","","","","","TERAPÊUTICOS"
"","","","","","","","","","","","PROCEDIMENTOS DIAGNÓSTICOS E"
"TESTE DE HILGER PARA PARALISIA FACIAL","","","AMB","HCO","HSO","REF","","","PROCEDIMENTOS","EXAMES ESPECÍFICOS",""
"","","","","","","","","","","","TERAPÊUTICOS"
"","","","","","","","","","","","PROCEDIMENTOS DIAGNÓSTICOS E"
"TESTE DE HUHNER","","","AMB","HCO","HSO","REF","","","PROCEDIMENTOS","EXAMES ESPECÍFICOS",""
"","","","","","","","","","","","TERAPÊUTICOS"
"","","","","","","","","","","","PROCEDIMENTOS DIAGNÓSTICOS E"
"TESTE DE MITSUDA","","","AMB","HCO","HSO","REF","","","PROCEDIMENTOS","EXAMES ESPECÍFICOS",""
"","","","","","","","","","","","TERAPÊUTICOS"
"","","","","","","","","","","","PROCEDIMENTOS DIAGNÓSTICOS E"
"TESTE DE PRÓTESE AUDITIVA","","","AMB","HCO","HSO","REF","","","PROCEDIMENTOS","EXAMES ESPECÍFICOS",""
"","","","","","","","","","","","TERAPÊUTICOS"
"","","","","","","","","","","","PROCEDIMENTOS DIAGNÓSTICOS E"
"TESTE DE SENSIBILIDADE DE CONTRASTE OU DE CORES","","","AMB","HCO","HSO","REF","","","PROCEDIMENTOS","EXAMES ESPECÍFICOS",""
"","","","","","","","","","","","TERAPÊUTICOS"
"","","","","","","","","","","","PROCEDIMENTOS DIAGNÓSTICOS E"
"TESTE PARA BRONCOESPASMO DE EXERCÍCIO","","","AMB","HCO","HSO","REF","","","PROCEDIMENTOS","EXAMES ESPECÍFICOS",""
"","","","","","","","","","","","TERAPÊUTICOS"
"","","","","","","","","","","","PROCEDIMENTOS DIAGNÓSTICOS E"
"TESTE PROVOCATIVO PARA GLAUCOMA","","","AMB","HCO","HSO","REF","","","PROCEDIMENTOS","EXAMES ESPECÍFICOS",""
"","","","","","","","","","","","TERAPÊUTICOS"
"TESTES CUTÂNEO-ALÉRGICOS (POEIRA, ALIMENTOS, FUNGOS, INSETOS, PÓLENS, LÁTEX OU EPITÉLIO DE","","","","","","","","","","","PROCEDIMENTOS DIAGNÓSTICOS E"
"","","","AMB","HCO","HSO","REF","","","PROCEDIMENTOS","EXAMES ESPECÍFICOS",""
"ANIMAIS)","","","","","","","","","","","TERAPÊUTICOS"
"TESTES DE CONTATO (BATERIA PADRÃO, COSMÉTICOS, CAPILAR, UNHAS, REGIONAL, MEDICAMENTOS E","","","","","","","","","","","PROCEDIMENTOS DIAGNÓSTICOS E"
"","","","AMB","HCO","HSO","REF","","","PROCEDIMENTOS","EXAMES ESPECÍFICOS",""
"ALÉRGENOS OCUPACIONAIS)","","","","","","","","","","","TERAPÊUTICOS"
"TESTES DE CONTATO POR FOTOSSENSIBILIZAÇÃO (BATERIA PADRÃO, COSMÉTICOS, CAPILAR, UNHAS,","","","","","","","","","","","PROCEDIMENTOS DIAGNÓSTICOS E"
"","","","AMB","HCO","HSO","REF","","","PROCEDIMENTOS","EXAMES ESPECÍFICOS",""
"REGIONAL, MEDICAMENTOS E ALÉRGENOS OCUPACIONAIS)","","","","","","","","","","","TERAPÊUTICOS"
