"","RN","","","","","","","","","",""
"PROCEDIMENTO","VIGÊNCIA","OD","AMB","HCO","HSO","REF","PAC","DUT","SUBGRUPO","GRUPO","CAPÍTULO"
"","(alteração)","","","","","","","","","",""
"","","","","","","","","","","","PROCEDIMENTOS DIAGNÓSTICOS E"
"MICROSPORÍDIA, PESQUISA","","","AMB","HCO","HSO","REF","","","MICROBIOLOGIA","PROCEDIMENTOS LABORATORIAIS",""
"","","","","","","","","","","","TERAPÊUTICOS"
"","","","","","","","","","","","PROCEDIMENTOS DIAGNÓSTICOS E"
"PARACOCCIDIOIDES, PESQUISA DE","","","AMB","HCO","HSO","REF","","","MICROBIOLOGIA","PROCEDIMENTOS LABORATORIAIS",""
"","","","","","","","","","","","TERAPÊUTICOS"
"","","","","","","","","","","","PROCEDIMENTOS DIAGNÓSTICOS E"
"PLASMÓDIO, PESQUISA","","","AMB","HCO","HSO","REF","","","MICROBIOLOGIA","PROCEDIMENTOS LABORATORIAIS",""
"","","","","","","","","","","","TERAPÊUTICOS"
"","","","","","","","","","","","PROCEDIMENTOS DIAGNÓSTICOS E"
"PNEUMOCYSTI CARINII, PESQUISA","","","AMB","HCO","HSO","REF","","","MICROBIOLOGIA","PROCEDIMENTOS LABORATORIAIS",""
"","","","","","","","","","","","TERAPÊUTICOS"
"","","","","","","","","","","","PROCEDIMENTOS DIAGNÓSTICOS E"
"ROTAVÍRUS, PESQUISA","","","AMB","HCO","HSO","REF","","","MICROBIOLOGIA","PROCEDIMENTOS LABORATORIAIS",""
"","","","","","","","","","","","TERAPÊUTICOS"
"","","","","","","","","","","","PROCEDIMENTOS DIAGNÓSTICOS E"
"SARCOPTES SCABIEI, PESQUISA","","","AMB","HCO","HSO","REF","","","MICROBIOLOGIA","PROCEDIMENTOS LABORATORIAIS",""
"","","","","","","","","","","","TERAPÊUTICOS"
"SENSIBILIDADE AOS ANTIBIÓTICOS E QUIMIOTERÁPICOS POR MÉTODO DA CONCENTRAÇÃO INIBITÓRIA","","","","","","","","","","","PROCEDIMENTOS DIAGNÓSTICOS E"
"","","","AMB","HCO","HSO","REF","","","MICROBIOLOGIA","PROCEDIMENTOS LABORATORIAIS",""
"MÍNIMA (MIC)","","","","","","","","","","","TERAPÊUTICOS"
"","","","","","","","","","","","PROCEDIMENTOS DIAGNÓSTICOS E"
"TESTE RÁPIDO PARA DETECÇÃO DE HIV EM GESTANTE","","","AMB","HCO","HSO","REF","","","MICROBIOLOGIA","PROCEDIMENTOS LABORATORIAIS",""
"","","","","","","","","","","","TERAPÊUTICOS"
"","","","","","","","","","","","PROCEDIMENTOS DIAGNÓSTICOS E"
"TREPONEMA PALLIDUM, MICROSCOPIA DE CAMPO ESCURO","","","AMB","HCO","HSO","REF","","","MICROBIOLOGIA","PROCEDIMENTOS LABORATORIAIS",""
"","","","","","","","","","","","TERAPÊUTICOS"
"","","","","","","","","","","","PROCEDIMENTOS DIAGNÓSTICOS E"
"TRYPANOSOMA CRUZII, PESQUISA","","","AMB","HCO","HSO","REF","","","MICROBIOLOGIA","PROCEDIMENTOS LABORATORIAIS",""
"","","","","","","","","","","","TERAPÊUTICOS"
"","","","","","","","","","","","PROCEDIMENTOS DIAGNÓSTICOS E"
"VIBRIO CHOLERAE, CULTURA","","","AMB","HCO","HSO","REF","","","MICROBIOLOGIA","PROCEDIMENTOS LABORATORIAIS",""
"","","","","","","","","","","","TERAPÊUTICOS"
"","","","","","","","","","","","PROCEDIMENTOS DIAGNÓSTICOS E"
"ÁCIDO HOMOGENTÍSICO","","","AMB","HCO","HSO","REF","","","URINÁLISE","PROCEDIMENTOS LABORATORIAIS",""
"","","","","","","","","","","","TERAPÊUTICOS"
"","","","","","","","","","","","PROCEDIMENTOS DIAGNÓSTICOS E"
"ALCAPTONÚRIA - PESQUISA E/OU DOSAGEM NA URINA","","","AMB","HCO","HSO","REF","","","URINÁLISE","PROCEDIMENTOS LABORATORIAIS",""
"","","","","","","","","","","","TERAPÊUTICOS"
"","","","","","","","","","","","PROCEDIMENTOS DIAGNÓSTICOS E"
"CÁLCULOS URINÁRIOS, ANÁLISE QUÍMICA","","","AMB","HCO","HSO","REF","","","URINÁLISE","PROCEDIMENTOS LABORATORIAIS",""
"","","","","","","","","","","","TERAPÊUTICOS"
"","","","","","","","","","","","PROCEDIMENTOS DIAGNÓSTICOS E"
"CATECOLAMINAS URINÁRIAS, FRACIONAMENTO (DOPAMINA, EPINEFRINA, NOREPINEFRINA)","","","AMB","HCO","HSO","REF","","","URINÁLISE","PROCEDIMENTOS LABORATORIAIS",""
"","","","","","","","","","","","TERAPÊUTICOS"
"","","","","","","","","","","","PROCEDIMENTOS DIAGNÓSTICOS E"
"CISTINA, PESQUISA E/OU DOSAGEM","","","AMB","HCO","HSO","REF","","","URINÁLISE","PROCEDIMENTOS LABORATORIAIS",""
"","","","","","","","","","","","TERAPÊUTICOS"
"","","","","","","","","","","","PROCEDIMENTOS DIAGNÓSTICOS E"
"CISTINÚRIA, PESQUISA","","","AMB","HCO","HSO","REF","","","URINÁLISE","PROCEDIMENTOS LABORATORIAIS",""
"","","","","","","","","","","","TERAPÊUTICOS"
"","","","","","","","","","","","PROCEDIMENTOS DIAGNÓSTICOS E"
"COPROPORFIRINAS URINÁRIAS, ISÔMEROS I E III","","","AMB","HCO","HSO","REF","","","URINÁLISE","PROCEDIMENTOS LABORATORIAIS",""
"","","","","","","","","","","","TERAPÊUTICOS"
"","","","","","","","","","","","PROCEDIMENTOS DIAGNÓSTICOS E"
"CORPOS CETÔNICOS, PESQUISA","","","AMB","HCO","HSO","REF","","","URINÁLISE","PROCEDIMENTOS LABORATORIAIS",""
"","","","","","","","","","","","TERAPÊUTICOS"
