"","RN","","","","","","","","","",""
"PROCEDIMENTO","VIGÊNCIA","OD","AMB","HCO","HSO","REF","PAC","DUT","","SUBGRUPO","GRUPO
CAPÍTULO"
"","(alteração)","","","","","","","","","",""
"","","","","","","","","","","PARTOS E OUTROS PROCEDIMENTOS",""
"GRAVIDEZ  ECTÓPICA - CIRURGIA POR VIDEOLAPAROSCOPIA","","","","HCO","HSO","REF","","","","","SISTEMA GENITAL E REPRODUTOR FEMININO PROCEDIMENTOS CIRÚRGICOS E INVASIVOS"
"","","","","","","","","","OBSTÉTRICOS","",""
"","","","","","","","","","","PARTOS E OUTROS PROCEDIMENTOS",""
"MATURAÇÃO CERVICAL PARA INDUÇÃO DE ABORTAMENTO OU TRABALHO DE PARTO","","","","HCO","HSO","REF","","","","","SISTEMA GENITAL E REPRODUTOR FEMININO PROCEDIMENTOS CIRÚRGICOS E INVASIVOS"
"","","","","","","","","","OBSTÉTRICOS","",""
"","","","","","","","","","","PARTOS E OUTROS PROCEDIMENTOS",""
"INVERSÃO UTERINA - REDUÇÃO MANUAL OU TRATAMENTO CIRURGICO","","","","HCO","","REF","","","","","SISTEMA GENITAL E REPRODUTOR FEMININO PROCEDIMENTOS CIRÚRGICOS E INVASIVOS"
"","","","","","","","","","OBSTÉTRICOS","",""
"","","","","","","","","","","PARTOS E OUTROS PROCEDIMENTOS",""
"PARTO POR VIA VAGINAL","","","","HCO","","REF","","","","","SISTEMA GENITAL E REPRODUTOR FEMININO PROCEDIMENTOS CIRÚRGICOS E INVASIVOS"
"","","","","","","","","","OBSTÉTRICOS","",""
"","","","","","","","","","","PARTOS E OUTROS PROCEDIMENTOS",""
"PARTO CESARIANO (COM DIRETRIZ DE UTILIZAÇÃO)","","","","HCO","","REF","","145","","","SISTEMA GENITAL E REPRODUTOR FEMININO PROCEDIMENTOS CIRÚRGICOS E INVASIVOS"
"","","","","","","","","","OBSTÉTRICOS","",""
"REVISÃO OBSTÉTRICA DE PARTO OCORRIDO FORA DO HOSPITAL (INCLUI EXAME, DEQUITAÇÃO E SUTURA DE","","","","","","","","","","PARTOS E OUTROS PROCEDIMENTOS",""
"","","","","HCO","","REF","","","","","SISTEMA GENITAL E REPRODUTOR FEMININO PROCEDIMENTOS CIRÚRGICOS E INVASIVOS"
"LACERAÇÕES ATÉ DE 2º GRAU)","","","","","","","","","OBSTÉTRICOS","",""
"","","","","","","","","","","PARTOS E OUTROS PROCEDIMENTOS",""
"VERSÃO CEFÁLICA EXTERNA","","","","HCO","","REF","","","","","SISTEMA GENITAL E REPRODUTOR FEMININO PROCEDIMENTOS CIRÚRGICOS E INVASIVOS"
"","","","","","","","","","OBSTÉTRICOS","",""
"BIÓPSIA ESTEREOTÁXICA DE ENCÉFALO","","","","HCO","HSO","REF","","","ENCÉFALO","","SISTEMA NERVOSO - CENTRAL E PERIFÉRICO PROCEDIMENTOS CIRÚRGICOS E INVASIVOS"
"CIRURGIA INTRACRANIANA POR VIA ENDOSCÓPICA","","","","HCO","HSO","REF","","","ENCÉFALO","","SISTEMA NERVOSO - CENTRAL E PERIFÉRICO PROCEDIMENTOS CIRÚRGICOS E INVASIVOS"
"CRANIOTOMIA PARA REMOÇÃO DE CORPO ESTRANHO","","","","HCO","HSO","REF","","","ENCÉFALO","","SISTEMA NERVOSO - CENTRAL E PERIFÉRICO PROCEDIMENTOS CIRÚRGICOS E INVASIVOS"
"DERIVAÇÃO VENTRICULAR EXTERNA","","","","HCO","HSO","REF","","","ENCÉFALO","","SISTEMA NERVOSO - CENTRAL E PERIFÉRICO PROCEDIMENTOS CIRÚRGICOS E INVASIVOS"
"DRENAGEM ESTEREOTÁXICA - CISTOS, HEMATOMAS OU ABSCESSOS","","","","HCO","HSO","REF","","","ENCÉFALO","","SISTEMA NERVOSO - CENTRAL E PERIFÉRICO PROCEDIMENTOS CIRÚRGICOS E INVASIVOS"
"HIPOFISECTOMIA","","","","HCO","HSO","REF","","","ENCÉFALO","","SISTEMA NERVOSO - CENTRAL E PERIFÉRICO PROCEDIMENTOS CIRÚRGICOS E INVASIVOS"
"IMPLANTE DE CATETER INTRACRANIANO","","","","HCO","HSO","REF","","","ENCÉFALO","","SISTEMA NERVOSO - CENTRAL E PERIFÉRICO PROCEDIMENTOS CIRÚRGICOS E INVASIVOS"
"IMPLANTE DE ELETRODOS E/OU GERADOR PARA ESTIMULAÇÃO CEREBRAL PROFUNDA (COM DIRETRIZ DE","","","","","","","","","","",""
"","","","","HCO","HSO","REF","","38","ENCÉFALO","","SISTEMA NERVOSO - CENTRAL E PERIFÉRICO PROCEDIMENTOS CIRÚRGICOS E INVASIVOS"
"UTILIZAÇÃO)","","","","","","","","","","",""
"IMPLANTE ESTEREOTÁXICO DE CATETER PARA BRAQUITERAPIA","","","","HCO","HSO","REF","","","ENCÉFALO","","SISTEMA NERVOSO - CENTRAL E PERIFÉRICO PROCEDIMENTOS CIRÚRGICOS E INVASIVOS"
"IMPLANTE INTRACEREBROVENTRICULAR DE BOMBA DE INFUSÃO DE FARMACOS","538/2022
22/10/2022","","","HCO","HSO","REF","","","ENCÉFALO","","SISTEMA NERVOSO - CENTRAL E PERIFÉRICO PROCEDIMENTOS CIRÚRGICOS E INVASIVOS"
"IMPLANTE INTRA-TECAL DE BOMBAS PARA INFUSÃO DE FÁRMACOS (INCLUI MEDICAMENTO) - COM DIRETRIZ","","","","","","","","","","",""
"","","","","HCO","HSO","REF","","45","ENCÉFALO","","SISTEMA NERVOSO - CENTRAL E PERIFÉRICO PROCEDIMENTOS CIRÚRGICOS E INVASIVOS"
"DE UTILIZAÇÃO","","","","","","","","","","",""
"LOCALIZAÇÃO ESTEREOTÁXICA DE CORPO ESTRANHO INTRACRANIANO COM REMOÇÃO","","","","HCO","HSO","REF","","","ENCÉFALO","","SISTEMA NERVOSO - CENTRAL E PERIFÉRICO PROCEDIMENTOS CIRÚRGICOS E INVASIVOS"
