"","RN","","","","","","","","","","",""
"PROCEDIMENTO","VIGÊNCIA","OD","AMB","HCO","HSO","REF","PAC","DUT","","SUBGRUPO","GRUPO","CAPÍTULO"
"","(alteração)","","","","","","","","","","",""
"","","","","","","","","","","","","PROCEDIMENTOS DIAGNÓSTICOS E"
"DENGUE, ANTICORPOS IGM, SORO (TESTE RÁPIDO)","","","AMB","HCO","HSO","REF","","","IMUNOLOGIA","","PROCEDIMENTOS LABORATORIAIS",""
"","","","","","","","","","","","","TERAPÊUTICOS"
"","","","","","","","","","","","","PROCEDIMENTOS DIAGNÓSTICOS E"
"ECHOVÍRUS, ANTICORPOS","","","AMB","HCO","HSO","REF","","","IMUNOLOGIA","","PROCEDIMENTOS LABORATORIAIS",""
"","","","","","","","","","","","","TERAPÊUTICOS"
"","","","","","","","","","","","","PROCEDIMENTOS DIAGNÓSTICOS E"
"ENSAIO PARA DOSAGEM DA LIBERAÇÃO DE INTERFERON GAMA  (COM DIRETRIZ DE UTILIZAÇÃO)","","","AMB","HCO","HSO","REF","","140","IMUNOLOGIA","","PROCEDIMENTOS LABORATORIAIS",""
"","","","","","","","","","","","","TERAPÊUTICOS"
"","","","","","","","","","","","","PROCEDIMENTOS DIAGNÓSTICOS E"
"ENTAMOEBA HISTOLYTICA, ANTICORPOS IGG - PESQUISA E/OU DOSAGEM (AMEBÍASE)","","","AMB","HCO","HSO","REF","","","IMUNOLOGIA","","PROCEDIMENTOS LABORATORIAIS",""
"","","","","","","","","","","","","TERAPÊUTICOS"
"","","","","","","","","","","","","PROCEDIMENTOS DIAGNÓSTICOS E"
"ENTAMOEBA HISTOLYTICA, ANTICORPOS IGM - PESQUISA E/OU DOSAGEM (AMEBÍASE)","","","AMB","HCO","HSO","REF","","","IMUNOLOGIA","","PROCEDIMENTOS LABORATORIAIS",""
"","","","","","","","","","","","","TERAPÊUTICOS"
"","","","","","","","","","","","","PROCEDIMENTOS DIAGNÓSTICOS E"
"EPSTEIN-BARR VÍRUS, ANTI-EA (ANTÍGENO PRECOCE), IGG","","","AMB","HCO","HSO","REF","","","IMUNOLOGIA","","PROCEDIMENTOS LABORATORIAIS",""
"","","","","","","","","","","","","TERAPÊUTICOS"
"","","","","","","","","","","","","PROCEDIMENTOS DIAGNÓSTICOS E"
"EPSTEIN-BARR VÍRUS, ANTI-EBNA (ANTÍGENO NUCLEAR), IGG","","","AMB","HCO","HSO","REF","","","IMUNOLOGIA","","PROCEDIMENTOS LABORATORIAIS",""
"","","","","","","","","","","","","TERAPÊUTICOS"
"","","","","","","","","","","","","PROCEDIMENTOS DIAGNÓSTICOS E"
"EPSTEIN-BARR VÍRUS, ANTI-VCA (ANTÍGENO DO CAPSÍDEO VIRAL), IGG E/OU IGM","","","AMB","HCO","HSO","REF","","","IMUNOLOGIA","","PROCEDIMENTOS LABORATORIAIS",""
"","","","","","","","","","","","","TERAPÊUTICOS"
"","","","","","","","","","","","","PROCEDIMENTOS DIAGNÓSTICOS E"
"EQUINOCOCOSE, ANTICORPOS TOTAIS E/ OU IGG","","","AMB","HCO","HSO","REF","","","IMUNOLOGIA","","PROCEDIMENTOS LABORATORIAIS",""
"","","","","","","","","","","","","TERAPÊUTICOS"
"","","","","","","","","","","","","PROCEDIMENTOS DIAGNÓSTICOS E"
"FATOR ANTINÚCLEO, (FAN)","","","AMB","HCO","HSO","REF","","","IMUNOLOGIA","","PROCEDIMENTOS LABORATORIAIS",""
"","","","","","","","","","","","","TERAPÊUTICOS"
"","","","","","","","","","","","","PROCEDIMENTOS DIAGNÓSTICOS E"
"FATOR B (C3 ATIVADOR, C3A; C3 PROATIVADOR, C3PA)","","","AMB","HCO","HSO","REF","","","IMUNOLOGIA","","PROCEDIMENTOS LABORATORIAIS",""
"","","","","","","","","","","","","TERAPÊUTICOS"
"","","","","","","","","","","","","PROCEDIMENTOS DIAGNÓSTICOS E"
"FATOR REUMATÓIDE","","","AMB","HCO","HSO","REF","","","IMUNOLOGIA","","PROCEDIMENTOS LABORATORIAIS",""
"","","","","","","","","","","","","TERAPÊUTICOS"
"","","","","","","","","","","","","PROCEDIMENTOS DIAGNÓSTICOS E"
"FATOR REUMATÓIDE, TESTE DO LÁTEX","","","AMB","HCO","HSO","REF","","","IMUNOLOGIA","","PROCEDIMENTOS LABORATORIAIS",""
"","","","","","","","","","","","","TERAPÊUTICOS"
"","","","","","","","","","","","","PROCEDIMENTOS DIAGNÓSTICOS E"
"FILARIA SOROLOGIA","","","AMB","HCO","HSO","REF","","","IMUNOLOGIA","","PROCEDIMENTOS LABORATORIAIS",""
"","","","","","","","","","","","","TERAPÊUTICOS"
"","","","","","","","","","","","","PROCEDIMENTOS DIAGNÓSTICOS E"
"GIARDIA, SOROLOGIA","","","AMB","HCO","HSO","REF","","","IMUNOLOGIA","","PROCEDIMENTOS LABORATORIAIS",""
"","","","","","","","","","","","","TERAPÊUTICOS"
"HAEMOPHILUS INFLUENZAE - PESQUISA DE ANTICORPOS - PESQUISA E/OU DOSAGEM EM LÍQUIDOS","","","","","","","","","","","","PROCEDIMENTOS DIAGNÓSTICOS E"
"","","","AMB","HCO","HSO","REF","","","IMUNOLOGIA","","PROCEDIMENTOS LABORATORIAIS",""
"ORGÂNICOS","","","","","","","","","","","","TERAPÊUTICOS"
"","","","","","","","","","","","","PROCEDIMENTOS DIAGNÓSTICOS E"
"HELICOBACTER PYLORI - IGA - PESQUISA E/OU DOSAGEM","","","AMB","HCO","HSO","REF","","","IMUNOLOGIA","","PROCEDIMENTOS LABORATORIAIS",""
"","","","","","","","","","","","","TERAPÊUTICOS"
"","","","","","","","","","","","","PROCEDIMENTOS DIAGNÓSTICOS E"
"HELICOBACTER PYLORI - IGG - PESQUISA E/OU DOSAGEM","","","AMB","HCO","HSO","REF","","","IMUNOLOGIA","","PROCEDIMENTOS LABORATORIAIS",""
"","","","","","","","","","","","","TERAPÊUTICOS"
"","","","","","","","","","","","","PROCEDIMENTOS DIAGNÓSTICOS E"
"HELICOBACTER PYLORI - IGM - PESQUISA E/OU DOSAGEM","","","AMB","HCO","HSO","REF","","","IMUNOLOGIA","","PROCEDIMENTOS LABORATORIAIS",""
"","","","","","","","","","","","","TERAPÊUTICOS"
