"","RN","","","","","","","","","",""
"PROCEDIMENTO","VIGÊNCIA","OD","AMB","HCO","HSO","REF","PAC","DUT","SUBGRUPO","GRUPO","CAPÍTULO"
"","(alteração)","","","","","","","","","",""
"","","","","","","","","","BIOQUÍMICA (SANGUE, URINA E OUTROS","","PROCEDIMENTOS DIAGNÓSTICOS E"
"ELETROFORESE DE GLICOPROTEÍNAS","","","AMB","HCO","HSO","REF","","","","PROCEDIMENTOS LABORATORIAIS",""
"","","","","","","","","","MATERIAIS)","","TERAPÊUTICOS"
"","","","","","","","","","BIOQUÍMICA (SANGUE, URINA E OUTROS","","PROCEDIMENTOS DIAGNÓSTICOS E"
"ELETROFORESE DE LIPOPROTEÍNAS","","","AMB","HCO","HSO","REF","","","","PROCEDIMENTOS LABORATORIAIS",""
"","","","","","","","","","MATERIAIS)","","TERAPÊUTICOS"
"","","","","","","","","","BIOQUÍMICA (SANGUE, URINA E OUTROS","","PROCEDIMENTOS DIAGNÓSTICOS E"
"ELETROFORESE DE PROTEÍNAS","","","AMB","HCO","HSO","REF","","","","PROCEDIMENTOS LABORATORIAIS",""
"","","","","","","","","","MATERIAIS)","","TERAPÊUTICOS"
"","","","","","","","","","BIOQUÍMICA (SANGUE, URINA E OUTROS","","PROCEDIMENTOS DIAGNÓSTICOS E"
"ELETROFORESE DE PROTEÍNAS DE ALTA RESOLUÇÃO (COM DIRETRIZ DE UTILIZAÇÃO)","","","AMB","HCO","HSO","REF","PAC","22","","PROCEDIMENTOS LABORATORIAIS",""
"","","","","","","","","","MATERIAIS)","","TERAPÊUTICOS"
"","","","","","","","","","BIOQUÍMICA (SANGUE, URINA E OUTROS","","PROCEDIMENTOS DIAGNÓSTICOS E"
"ENOLASE NEURÔNIO-ESPECÍFICA","","","AMB","HCO","HSO","REF","","","","PROCEDIMENTOS LABORATORIAIS",""
"","","","","","","","","","MATERIAIS)","","TERAPÊUTICOS"
"","","","","","","","","","BIOQUÍMICA (SANGUE, URINA E OUTROS","","PROCEDIMENTOS DIAGNÓSTICOS E"
"ETOSUXIMIDA","","","AMB","HCO","HSO","REF","","","","PROCEDIMENTOS LABORATORIAIS",""
"","","","","","","","","","MATERIAIS)","","TERAPÊUTICOS"
"","","","","","","","","","BIOQUÍMICA (SANGUE, URINA E OUTROS","","PROCEDIMENTOS DIAGNÓSTICOS E"
"FENILALANINA, DOSAGEM","","","AMB","HCO","HSO","REF","","","","PROCEDIMENTOS LABORATORIAIS",""
"","","","","","","","","","MATERIAIS)","","TERAPÊUTICOS"
"","","","","","","","","","BIOQUÍMICA (SANGUE, URINA E OUTROS","","PROCEDIMENTOS DIAGNÓSTICOS E"
"FERRITINA","","","AMB","HCO","HSO","REF","","","","PROCEDIMENTOS LABORATORIAIS",""
"","","","","","","","","","MATERIAIS)","","TERAPÊUTICOS"
"","","","","","","","","","BIOQUÍMICA (SANGUE, URINA E OUTROS","","PROCEDIMENTOS DIAGNÓSTICOS E"
"FERRO SÉRICO","","","AMB","HCO","HSO","REF","","","","PROCEDIMENTOS LABORATORIAIS",""
"","","","","","","","","","MATERIAIS)","","TERAPÊUTICOS"
"","","","","","","","","","BIOQUÍMICA (SANGUE, URINA E OUTROS","","PROCEDIMENTOS DIAGNÓSTICOS E"
"FOSFATASE ÁCIDA FRAÇÃO PROSTÁTICA","","","AMB","HCO","HSO","REF","","","","PROCEDIMENTOS LABORATORIAIS",""
"","","","","","","","","","MATERIAIS)","","TERAPÊUTICOS"
"","","","","","","","","","BIOQUÍMICA (SANGUE, URINA E OUTROS","","PROCEDIMENTOS DIAGNÓSTICOS E"
"FOSFATASE ÁCIDA TOTAL","","","AMB","HCO","HSO","REF","","","","PROCEDIMENTOS LABORATORIAIS",""
"","","","","","","","","","MATERIAIS)","","TERAPÊUTICOS"
"","","","","","","","","","BIOQUÍMICA (SANGUE, URINA E OUTROS","","PROCEDIMENTOS DIAGNÓSTICOS E"
"FOSFATASE ALCALINA","","","AMB","HCO","HSO","REF","","","","PROCEDIMENTOS LABORATORIAIS",""
"","","","","","","","","","MATERIAIS)","","TERAPÊUTICOS"
"","","","","","","","","","BIOQUÍMICA (SANGUE, URINA E OUTROS","","PROCEDIMENTOS DIAGNÓSTICOS E"
"FOSFATASE ALCALINA COM FRACIONAMENTO DE ISOENZIMAS","","","AMB","HCO","HSO","REF","","","","PROCEDIMENTOS LABORATORIAIS",""
"","","","","","","","","","MATERIAIS)","","TERAPÊUTICOS"
"","","","","","","","","","BIOQUÍMICA (SANGUE, URINA E OUTROS","","PROCEDIMENTOS DIAGNÓSTICOS E"
"FOSFATASE ALCALINA FRAÇÃO ÓSSEA","","","AMB","HCO","HSO","REF","","","","PROCEDIMENTOS LABORATORIAIS",""
"","","","","","","","","","MATERIAIS)","","TERAPÊUTICOS"
"","","","","","","","","","BIOQUÍMICA (SANGUE, URINA E OUTROS","","PROCEDIMENTOS DIAGNÓSTICOS E"
"FOSFATASE ALCALINA TERMO-ESTÁVEL","","","AMB","HCO","HSO","REF","","","","PROCEDIMENTOS LABORATORIAIS",""
"","","","","","","","","","MATERIAIS)","","TERAPÊUTICOS"
"","","","","","","","","","BIOQUÍMICA (SANGUE, URINA E OUTROS","","PROCEDIMENTOS DIAGNÓSTICOS E"
"FÓSFORO","","","AMB","HCO","HSO","REF","","","","PROCEDIMENTOS LABORATORIAIS",""
"","","","","","","","","","MATERIAIS)","","TERAPÊUTICOS"
"","","","","","","","","","BIOQUÍMICA (SANGUE, URINA E OUTROS","","PROCEDIMENTOS DIAGNÓSTICOS E"
"FÓSFORO, PROVA DE REABSORÇÃO TUBULAR","","","AMB","HCO","HSO","REF","","","","PROCEDIMENTOS LABORATORIAIS",""
"","","","","","","","","","MATERIAIS)","","TERAPÊUTICOS"
"","","","","","","","","","BIOQUÍMICA (SANGUE, URINA E OUTROS","","PROCEDIMENTOS DIAGNÓSTICOS E"
"FRUTOSAMINAS (PROTEÍNAS GLICOSILADAS)","","","AMB","HCO","HSO","REF","","","","PROCEDIMENTOS LABORATORIAIS",""
"","","","","","","","","","MATERIAIS)","","TERAPÊUTICOS"
"","","","","","","","","","BIOQUÍMICA (SANGUE, URINA E OUTROS","","PROCEDIMENTOS DIAGNÓSTICOS E"
"FRUTOSE","","","AMB","HCO","HSO","REF","","","","PROCEDIMENTOS LABORATORIAIS",""
"","","","","","","","","","MATERIAIS)","","TERAPÊUTICOS"
