"","RN","","","","","","","","","",""
"PROCEDIMENTO","VIGÊNCIA","OD","AMB","HCO","HSO","REF","PAC","DUT","SUBGRUPO","GRUPO","CAPÍTULO"
"","(alteração)","","","","","","","","","",""
"","","","","","","","","","HEMODIÁLISE DE CURTA E LONGA","",""
"HEMODIÁLISE CRÔNICA","","","AMB","HCO","HSO","REF","PAC","","","SISTEMA CÁRDIO-CIRCULATÓRIO","PROCEDIMENTOS CIRÚRGICOS E INVASIVOS"
"","","","","","","","","","PERMANÊNCIA","",""
"","","","","","","","","","HEMODIÁLISE DE CURTA E LONGA","",""
"IMPLANTE POR PUNÇÃO DE CATETER PARA HEMODIÁLISE","","","AMB","HCO","HSO","REF","","","","SISTEMA CÁRDIO-CIRCULATÓRIO","PROCEDIMENTOS CIRÚRGICOS E INVASIVOS"
"","","","","","","","","","PERMANÊNCIA","",""
"","","","","","","","","","HEMODIÁLISE DE CURTA E LONGA","",""
"IMPLANTE CIRÚRGICO DE CATETER DE LONGA PERMANÊNCIA PARA HEMODIÁLISE","","","","HCO","HSO","REF","","","","SISTEMA CÁRDIO-CIRCULATÓRIO","PROCEDIMENTOS CIRÚRGICOS E INVASIVOS"
"","","","","","","","","","PERMANÊNCIA","",""
"","","","","","","","","","HEMODIÁLISE DE CURTA E LONGA","",""
"RETIRADA DE CATETER PARA HEMODIÁLISE","","","AMB","HCO","HSO","REF","","","","SISTEMA CÁRDIO-CIRCULATÓRIO","PROCEDIMENTOS CIRÚRGICOS E INVASIVOS"
"","","","","","","","","","PERMANÊNCIA","",""
"","","","","","","","","","HEMODIÁLISE DE CURTA E LONGA","",""
"RETIRADA DE SHUNT OU DESATIVAÇÃO DE FÍSTULA ARTERIOVENOSA","","","AMB","HCO","HSO","REF","","","","SISTEMA CÁRDIO-CIRCULATÓRIO","PROCEDIMENTOS CIRÚRGICOS E INVASIVOS"
"","","","","","","","","","PERMANÊNCIA","",""
"","","","","","","","","","HEMODIÁLISE DE CURTA E LONGA","",""
"ULTRAFILTRAÇÃO","","","AMB","HCO","HSO","REF","","","","SISTEMA CÁRDIO-CIRCULATÓRIO","PROCEDIMENTOS CIRÚRGICOS E INVASIVOS"
"","","","","","","","","","PERMANÊNCIA","",""
"ANEURISMA ROTO OU TROMBOSADO DE AORTA ABDOMINAL INFRA-RENAL","","","","HCO","HSO","REF","","","CIRURGIA VASCULAR DE URGÊNCIA","SISTEMA CÁRDIO-CIRCULATÓRIO","PROCEDIMENTOS CIRÚRGICOS E INVASIVOS"
"EMBOLECTOMIA OU TROMBO - EMBOLECTOMIA ARTERIAL","","","","HCO","HSO","REF","","","CIRURGIA VASCULAR DE URGÊNCIA","SISTEMA CÁRDIO-CIRCULATÓRIO","PROCEDIMENTOS CIRÚRGICOS E INVASIVOS"
"EXPLORAÇÃO VASCULAR EM TRAUMAS","","","","HCO","HSO","REF","","","CIRURGIA VASCULAR DE URGÊNCIA","SISTEMA CÁRDIO-CIRCULATÓRIO","PROCEDIMENTOS CIRÚRGICOS E INVASIVOS"
"LESÕES VASCULARES CERVICAIS E CÉRVICO TORÁCICAS","","","","HCO","HSO","REF","","","CIRURGIA VASCULAR DE URGÊNCIA","SISTEMA CÁRDIO-CIRCULATÓRIO","PROCEDIMENTOS CIRÚRGICOS E INVASIVOS"
"LESÕES VASCULARES DE MEMBRO INFERIOR OU SUPERIOR","","","","HCO","HSO","REF","","","CIRURGIA VASCULAR DE URGÊNCIA","SISTEMA CÁRDIO-CIRCULATÓRIO","PROCEDIMENTOS CIRÚRGICOS E INVASIVOS"
"LESÕES VASCULARES INTRA-ABDOMINAIS","","","","HCO","HSO","REF","","","CIRURGIA VASCULAR DE URGÊNCIA","SISTEMA CÁRDIO-CIRCULATÓRIO","PROCEDIMENTOS CIRÚRGICOS E INVASIVOS"
"LESÕES VASCULARES TRAUMÁTICAS INTRATORÁCICAS","","","","HCO","HSO","REF","","","CIRURGIA VASCULAR DE URGÊNCIA","SISTEMA CÁRDIO-CIRCULATÓRIO","PROCEDIMENTOS CIRÚRGICOS E INVASIVOS"
"","","","","","","","","","HEMODINÂMICA - CARDIOLOGIA","",""
"ABLAÇÃO PERCUTÂNEA POR CORRENTE DE CRIOABLAÇÃO PARA O TRATAMENTO DA FIBRILAÇÃO ATRIAL","","","","","","","","","","",""
"","","","","HCO","HSO","REF","PAC","","INTERVENCIONISTA (PROCEDIMENTOS","SISTEMA CÁRDIO-CIRCULATÓRIO","PROCEDIMENTOS CIRÚRGICOS E INVASIVOS"
"PAROXÍSTICA","","","","","","","","","","",""
"","","","","","","","","","DIAGNÓSTICOS/TERAPÊUTICOS)","",""
"","","","","","","","","","HEMODINÂMICA - CARDIOLOGIA","",""
"ABLAÇÃO PERCUTÂNEA POR CORRENTE DE RADIOFREQUÊNCIA PARA TRATAMENTO DE ARRITMIAS","","","","HCO","HSO","REF","PAC","","INTERVENCIONISTA (PROCEDIMENTOS","SISTEMA CÁRDIO-CIRCULATÓRIO","PROCEDIMENTOS CIRÚRGICOS E INVASIVOS"
"","","","","","","","","","DIAGNÓSTICOS/TERAPÊUTICOS)","",""
"","","","","","","","","","HEMODINÂMICA - CARDIOLOGIA","",""
"ANGIOPLASTIA TRANSLUMINAL DA AORTA OU RAMOS OU DA ARTÉRIA PULMONAR E RAMOS","","","","HCO","HSO","REF","PAC","","INTERVENCIONISTA (PROCEDIMENTOS","SISTEMA CÁRDIO-CIRCULATÓRIO","PROCEDIMENTOS CIRÚRGICOS E INVASIVOS"
"","","","","","","","","","DIAGNÓSTICOS/TERAPÊUTICOS)","",""
"","","","","","","","","","HEMODINÂMICA - CARDIOLOGIA","",""
"ANGIOPLASTIA TRANSLUMINAL PERCUTÂNEA DE MÚLTIPLOS VASOS OU DE BIFURCAÇÃO COM IMPLANTE DE","","","","","","","","","","",""
"","","","","HCO","HSO","REF","PAC","","INTERVENCIONISTA (PROCEDIMENTOS","SISTEMA CÁRDIO-CIRCULATÓRIO","PROCEDIMENTOS CIRÚRGICOS E INVASIVOS"
"STENT","","","","","","","","","","",""
"","","","","","","","","","DIAGNÓSTICOS/TERAPÊUTICOS)","",""
"","","","","","","","","","HEMODINÂMICA - CARDIOLOGIA","",""
"ANGIOPLASTIA TRANSLUMINAL PERCUTÂNEA POR BALÃO","","","","HCO","HSO","REF","PAC","","INTERVENCIONISTA (PROCEDIMENTOS","SISTEMA CÁRDIO-CIRCULATÓRIO","PROCEDIMENTOS CIRÚRGICOS E INVASIVOS"
"","","","","","","","","","DIAGNÓSTICOS/TERAPÊUTICOS)","",""
"","","","","","","","","","HEMODINÂMICA - CARDIOLOGIA","",""
"ATRIOSSEPTOSTOMIA","","","","HCO","HSO","REF","PAC","","INTERVENCIONISTA (PROCEDIMENTOS","SISTEMA CÁRDIO-CIRCULATÓRIO","PROCEDIMENTOS CIRÚRGICOS E INVASIVOS"
"","","","","","","","","","DIAGNÓSTICOS/TERAPÊUTICOS)","",""
