"","RN","","","","","","","","","","",""
"PROCEDIMENTO","VIGÊNCIA","OD","AMB","HCO","HSO","REF","PAC","DUT","","SUBGRUPO","GRUPO","CAPÍTULO"
"","(alteração)","","","","","","","","","","",""
"","","","","","","","","","","","SISTEMA GENITAL E REPRODUTOR",""
"RESSECÇÃO DA BOLSA ESCROTAL","","","","HCO","HSO","REF","","","ESCROTO","","","PROCEDIMENTOS CIRÚRGICOS E INVASIVOS"
"","","","","","","","","","","","MASCULINO",""
"","","","","","","","","","","","SISTEMA GENITAL E REPRODUTOR",""
"AUTOTRANSPLANTE DE UM TESTÍCULO","","","","HCO","HSO","REF","","","TESTÍCULO","","","PROCEDIMENTOS CIRÚRGICOS E INVASIVOS"
"","","","","","","","","","","","MASCULINO",""
"","","","","","","","","","","","SISTEMA GENITAL E REPRODUTOR",""
"BIÓPSIA DE TESTÍCULO","","","AMB","HCO","HSO","REF","","","TESTÍCULO","","","PROCEDIMENTOS CIRÚRGICOS E INVASIVOS"
"","","","","","","","","","","","MASCULINO",""
"","","","","","","","","","","","SISTEMA GENITAL E REPRODUTOR",""
"ESCROTO AGUDO - EXPLORAÇÃO CIRÚRGICA","","","","HCO","HSO","REF","","","TESTÍCULO","","","PROCEDIMENTOS CIRÚRGICOS E INVASIVOS"
"","","","","","","","","","","","MASCULINO",""
"","","","","","","","","","","","SISTEMA GENITAL E REPRODUTOR",""
"HIDROCELE - CORREÇÃO CIRÚRGICA","","","","HCO","HSO","REF","","","TESTÍCULO","","","PROCEDIMENTOS CIRÚRGICOS E INVASIVOS"
"","","","","","","","","","","","MASCULINO",""
"","","","","","","","","","","","SISTEMA GENITAL E REPRODUTOR",""
"IMPLANTE DE PRÓTESE TESTICULAR","","","","HCO","HSO","REF","","","TESTÍCULO","","","PROCEDIMENTOS CIRÚRGICOS E INVASIVOS"
"","","","","","","","","","","","MASCULINO",""
"","","","","","","","","","","","SISTEMA GENITAL E REPRODUTOR",""
"ORQUIDOPEXIA","","","","HCO","HSO","REF","","","TESTÍCULO","","","PROCEDIMENTOS CIRÚRGICOS E INVASIVOS"
"","","","","","","","","","","","MASCULINO",""
"","","","","","","","","","","","SISTEMA GENITAL E REPRODUTOR",""
"ORQUIDOPEXIA LAPAROSCÓPICA","","","","HCO","HSO","REF","","","TESTÍCULO","","","PROCEDIMENTOS CIRÚRGICOS E INVASIVOS"
"","","","","","","","","","","","MASCULINO",""
"","","","","","","","","","","","SISTEMA GENITAL E REPRODUTOR",""
"ORQUIECTOMIA","","","","HCO","HSO","REF","","","TESTÍCULO","","","PROCEDIMENTOS CIRÚRGICOS E INVASIVOS"
"","","","","","","","","","","","MASCULINO",""
"","","","","","","","","","","","SISTEMA GENITAL E REPRODUTOR",""
"PUNÇÃO DA VAGINAL","","","AMB","HCO","HSO","REF","","","TESTÍCULO","","","PROCEDIMENTOS CIRÚRGICOS E INVASIVOS"
"","","","","","","","","","","","MASCULINO",""
"","","","","","","","","","","","SISTEMA GENITAL E REPRODUTOR",""
"REPARAÇÃO PLÁSTICA (TRAUMA)","","","","HCO","HSO","REF","","","TESTÍCULO","","","PROCEDIMENTOS CIRÚRGICOS E INVASIVOS"
"","","","","","","","","","","","MASCULINO",""
"","","","","","","","","","","","SISTEMA GENITAL E REPRODUTOR",""
"TORÇÃO DE TESTÍCULO - CURA CIRÚRGICA","","","","HCO","HSO","REF","","","TESTÍCULO","","","PROCEDIMENTOS CIRÚRGICOS E INVASIVOS"
"","","","","","","","","","","","MASCULINO",""
"","","","","","","","","","","","SISTEMA GENITAL E REPRODUTOR",""
"TUMOR DE TESTÍCULO - RESSECÇÃO","","","","HCO","HSO","REF","","","TESTÍCULO","","","PROCEDIMENTOS CIRÚRGICOS E INVASIVOS"
"","","","","","","","","","","","MASCULINO",""
"","","","","","","","","","","","SISTEMA GENITAL E REPRODUTOR",""
"VARICOCELE - CORREÇÃO CIRÚRGICA","","","","HCO","HSO","REF","","","TESTÍCULO","","","PROCEDIMENTOS CIRÚRGICOS E INVASIVOS"
"","","","","","","","","","","","MASCULINO",""
"","","","","","","","","","","","SISTEMA GENITAL E REPRODUTOR",""
"BIÓPSIA DE EPIDÍDIMO","","","AMB","HCO","HSO","REF","","","EPIDÍDIMO","","","PROCEDIMENTOS CIRÚRGICOS E INVASIVOS"
"","","","","","","","","","","","MASCULINO",""
"","","","","","","","","","","","SISTEMA GENITAL E REPRODUTOR",""
"DRENAGEM DE ABSCESSO","","","AMB","HCO","HSO","REF","","","EPIDÍDIMO","","","PROCEDIMENTOS CIRÚRGICOS E INVASIVOS"
"","","","","","","","","","","","MASCULINO",""
"","","","","","","","","","","","SISTEMA GENITAL E REPRODUTOR",""
"EPIDIDIMECTOMIA","","","","HCO","HSO","REF","","","EPIDÍDIMO","","","PROCEDIMENTOS CIRÚRGICOS E INVASIVOS"
"","","","","","","","","","","","MASCULINO",""
"","","","","","","","","","","","SISTEMA GENITAL E REPRODUTOR",""
"EPIDIDIMOVASOPLASTIA (INCLUINDO MICROCIRURGIA)","","","","HCO","HSO","REF","","","EPIDÍDIMO","","","PROCEDIMENTOS CIRÚRGICOS E INVASIVOS"
"","","","","","","","","","","","MASCULINO",""
"","","","","","","","","","","","SISTEMA GENITAL E REPRODUTOR",""
"EXÉRESE DE CISTO","","","AMB","HCO","HSO","REF","","","EPIDÍDIMO","","","PROCEDIMENTOS CIRÚRGICOS E INVASIVOS"
"","","","","","","","","","","","MASCULINO",""
