"","RN","","","","","","","","","","",""
"PROCEDIMENTO","VIGÊNCIA","OD","AMB","HCO","HSO","REF","PAC","DUT","","SUBGRUPO","GRUPO","CAPÍTULO"
"","(alteração)","","","","","","","","","","",""
"EXCISÃO COM RECONSTRUÇÃO COM OU SEM RETALHOS","","","","HCO","HSO","REF","","","LÁBIO","","CABEÇA E PESCOÇO","PROCEDIMENTOS CIRÚRGICOS E INVASIVOS"
"EXCISÃO EM CUNHA","","","AMB","HCO","HSO","REF","","","LÁBIO","","CABEÇA E PESCOÇO","PROCEDIMENTOS CIRÚRGICOS E INVASIVOS"
"FRENOTOMIA/FRENULOTOMIA LABIAL","","OD","AMB","HCO","HSO","REF","","","LÁBIO","","CABEÇA E PESCOÇO","PROCEDIMENTOS CIRÚRGICOS E INVASIVOS"
"FRENULECTOMIA  LABIAL","","OD","AMB","HCO","HSO","REF","","","LÁBIO","","CABEÇA E PESCOÇO","PROCEDIMENTOS CIRÚRGICOS E INVASIVOS"
"QUEILOPLASTIA PARA FISSURA LABIAL","","","","HCO","HSO","REF","","","LÁBIO","","CABEÇA E PESCOÇO","PROCEDIMENTOS CIRÚRGICOS E INVASIVOS"
"RECONSTRUÇÃO DE SULCO GENGIVO-LABIAL","","","","HCO","HSO","REF","","","LÁBIO","","CABEÇA E PESCOÇO","PROCEDIMENTOS CIRÚRGICOS E INVASIVOS"
"RECONSTRUÇÃO TOTAL DO LÁBIO","","","","HCO","HSO","REF","","","LÁBIO","","CABEÇA E PESCOÇO","PROCEDIMENTOS CIRÚRGICOS E INVASIVOS"
"TRATAMENTO CIRÚRGICO DE HIPERTROFIA DO LÁBIO","","","","HCO","HSO","REF","","","LÁBIO","","CABEÇA E PESCOÇO","PROCEDIMENTOS CIRÚRGICOS E INVASIVOS"
"ADEQUAÇÃO DO MEIO BUCAL (COM DIRETRIZ DE UTILIZAÇÃO)","","OD","","","","","","78","BOCA","","CABEÇA E PESCOÇO","PROCEDIMENTOS CIRÚRGICOS E INVASIVOS"
"AJUSTE OCLUSAL POR ACRÉSCIMO","","OD","","","","","","","BOCA","","CABEÇA E PESCOÇO","PROCEDIMENTOS CIRÚRGICOS E INVASIVOS"
"AJUSTE OCLUSAL POR DESGASTE SELETIVO","","OD","","","","","","","BOCA","","CABEÇA E PESCOÇO","PROCEDIMENTOS CIRÚRGICOS E INVASIVOS"
"ALONGAMENTO CIRÚRGICO DO PALATO MOLE","","","","HCO","HSO","REF","","","BOCA","","CABEÇA E PESCOÇO","PROCEDIMENTOS CIRÚRGICOS E INVASIVOS"
"ALVEOLOPLASTIA","","OD","","","","","","","BOCA","","CABEÇA E PESCOÇO","PROCEDIMENTOS CIRÚRGICOS E INVASIVOS"
"AMPUTAÇÃO RADICULAR COM OBTURAÇÃO RETRÓGRADA","","OD","","","","","","","BOCA","","CABEÇA E PESCOÇO","PROCEDIMENTOS CIRÚRGICOS E INVASIVOS"
"AMPUTAÇÃO RADICULAR SEM OBTURAÇÃO RETRÓGRADA","","OD","","","","","","","BOCA","","CABEÇA E PESCOÇO","PROCEDIMENTOS CIRÚRGICOS E INVASIVOS"
"APICETOMIA BIRRADICULARES COM OBTURAÇÃO RETRÓGRADA","","OD","","","","","","","BOCA","","CABEÇA E PESCOÇO","PROCEDIMENTOS CIRÚRGICOS E INVASIVOS"
"APICETOMIA BIRRADICULARES SEM OBTURAÇÃO RETRÓGRADA","","OD","","","","","","","BOCA","","CABEÇA E PESCOÇO","PROCEDIMENTOS CIRÚRGICOS E INVASIVOS"
"APICETOMIA MULTIRRADICULARES COM OBTURAÇÃO RETRÓGRADA","","OD","","","","","","","BOCA","","CABEÇA E PESCOÇO","PROCEDIMENTOS CIRÚRGICOS E INVASIVOS"
"APICETOMIA MULTIRRADICULARES SEM OBTURAÇÃO RETRÓGRADA","","OD","","","","","","","BOCA","","CABEÇA E PESCOÇO","PROCEDIMENTOS CIRÚRGICOS E INVASIVOS"
