"","RN","","","","","","","","","","",""
"PROCEDIMENTO","VIGÊNCIA","OD","AMB","HCO","HSO","REF","PAC","DUT","","SUBGRUPO","GRUPO","CAPÍTULO"
"","(alteração)","","","","","","","","","","",""
"PILOROPLASTIA POR VIDEOLAPAROSCOPIA","","","","HCO","HSO","REF","","","ESTÔMAGO","","SISTEMA DIGESTIVO E ANEXOS","PROCEDIMENTOS CIRÚRGICOS E INVASIVOS"
"TRATAMENTO CIRÚRGICO DAS VARIZES GÁSTRICAS","","","","HCO","HSO","REF","","","ESTÔMAGO","","SISTEMA DIGESTIVO E ANEXOS","PROCEDIMENTOS CIRÚRGICOS E INVASIVOS"
"VAGOTOMIA (QUALQUER TIPO)","","","","HCO","HSO","REF","","","ESTÔMAGO","","SISTEMA DIGESTIVO E ANEXOS","PROCEDIMENTOS CIRÚRGICOS E INVASIVOS"
"VAGOTOMIA SUPERSELETIVA OU VAGOTOMIA GÁSTRICA PROXIMAL POR VIDEOLAPAROSCOPIA","","","","HCO","HSO","REF","","","ESTÔMAGO","","SISTEMA DIGESTIVO E ANEXOS","PROCEDIMENTOS CIRÚRGICOS E INVASIVOS"
"AMPUTAÇÃO ABDÔMINO-PERINEAL DO RETO","","","","HCO","HSO","REF","","","INTESTINOS","","SISTEMA DIGESTIVO E ANEXOS","PROCEDIMENTOS CIRÚRGICOS E INVASIVOS"
"AMPUTAÇÃO ABDÔMINO-PERINEAL DO RETO POR VIDEOLAPAROSCOPIA","","","","HCO","HSO","REF","","","INTESTINOS","","SISTEMA DIGESTIVO E ANEXOS","PROCEDIMENTOS CIRÚRGICOS E INVASIVOS"
"AMPUTAÇÃO DO RETO POR PROCIDÊNCIA","","","","HCO","HSO","REF","","","INTESTINOS","","SISTEMA DIGESTIVO E ANEXOS","PROCEDIMENTOS CIRÚRGICOS E INVASIVOS"
"ANOMALIA ANORRETAL - TRATAMENTO CIRÚRGICO","","","","HCO","HSO","REF","","","INTESTINOS","","SISTEMA DIGESTIVO E ANEXOS","PROCEDIMENTOS CIRÚRGICOS E INVASIVOS"
"ANORRETOMIOMECTOMIA","","","","HCO","HSO","REF","","","INTESTINOS","","SISTEMA DIGESTIVO E ANEXOS","PROCEDIMENTOS CIRÚRGICOS E INVASIVOS"
"APENDICECTOMIA","","","","HCO","HSO","REF","","","INTESTINOS","","SISTEMA DIGESTIVO E ANEXOS","PROCEDIMENTOS CIRÚRGICOS E INVASIVOS"
"APENDICECTOMIA POR VIDEOLAPAROSCOPIA","","","","HCO","HSO","REF","","","INTESTINOS","","SISTEMA DIGESTIVO E ANEXOS","PROCEDIMENTOS CIRÚRGICOS E INVASIVOS"
"APPLE-PEEL - TRATAMENTO CIRÚRGICO","","","","HCO","HSO","REF","","","INTESTINOS","","SISTEMA DIGESTIVO E ANEXOS","PROCEDIMENTOS CIRÚRGICOS E INVASIVOS"
"ATRESIA INTESTINAL - TRATAMENTO CIRÚRGICO","","","","HCO","HSO","REF","","","INTESTINOS","","SISTEMA DIGESTIVO E ANEXOS","PROCEDIMENTOS CIRÚRGICOS E INVASIVOS"
"CIRURGIA DE ABAIXAMENTO","","","","HCO","HSO","REF","","","INTESTINOS","","SISTEMA DIGESTIVO E ANEXOS","PROCEDIMENTOS CIRÚRGICOS E INVASIVOS"
"CIRURGIA DE ABAIXAMENTO POR VIDEOLAPAROSCOPIA","","","","HCO","HSO","REF","","","INTESTINOS","","SISTEMA DIGESTIVO E ANEXOS","PROCEDIMENTOS CIRÚRGICOS E INVASIVOS"
"CIRURGIA DE ACESSO POSTERIOR","","","","HCO","HSO","REF","","","INTESTINOS","","SISTEMA DIGESTIVO E ANEXOS","PROCEDIMENTOS CIRÚRGICOS E INVASIVOS"
"CISTO MESENTÉRICO - TRATAMENTO CIRÚRGICO","","","","HCO","HSO","REF","","","INTESTINOS","","SISTEMA DIGESTIVO E ANEXOS","PROCEDIMENTOS CIRÚRGICOS E INVASIVOS"
"CISTO MESENTÉRICO - TRATAMENTO POR VIDEOLAPAROSCOPIA","","","","HCO","HSO","REF","","","INTESTINOS","","SISTEMA DIGESTIVO E ANEXOS","PROCEDIMENTOS CIRÚRGICOS E INVASIVOS"
"COLECTOMIA COM OU SEM COLOSTOMIA","","","","HCO","HSO","REF","","","INTESTINOS","","SISTEMA DIGESTIVO E ANEXOS","PROCEDIMENTOS CIRÚRGICOS E INVASIVOS"
