"","RN","","","","","","","","","",""
"PROCEDIMENTO","VIGÊNCIA","OD","AMB","HCO","HSO","REF","PAC","DUT","SUBGRUPO","GRUPO","CAPÍTULO"
"","(alteração)","","","","","","","","","",""
"","","","","","","","","","TOXICOLOGIA / MONITORIZAÇÃO","","PROCEDIMENTOS DIAGNÓSTICOS E"
"FLÚOR E FLUORETOS","","","AMB","HCO","HSO","REF","","","","PROCEDIMENTOS LABORATORIAIS",""
"","","","","","","","","","TERAPÊUTICA","","TERAPÊUTICOS"
"","","","","","","","","","TOXICOLOGIA / MONITORIZAÇÃO","","PROCEDIMENTOS DIAGNÓSTICOS E"
"FORMALDEÍDO","","","AMB","HCO","HSO","REF","","","","PROCEDIMENTOS LABORATORIAIS",""
"","","","","","","","","","TERAPÊUTICA","","TERAPÊUTICOS"
"","","","","","","","","","TOXICOLOGIA / MONITORIZAÇÃO","","PROCEDIMENTOS DIAGNÓSTICOS E"
"METANOL","","","AMB","HCO","HSO","REF","","","","PROCEDIMENTOS LABORATORIAIS",""
"","","","","","","","","","TERAPÊUTICA","","TERAPÊUTICOS"
"","","","","","","","","","TOXICOLOGIA / MONITORIZAÇÃO","","PROCEDIMENTOS DIAGNÓSTICOS E"
"METIL-ETIL-CETONA","","","AMB","HCO","HSO","REF","","","","PROCEDIMENTOS LABORATORIAIS",""
"","","","","","","","","","TERAPÊUTICA","","TERAPÊUTICOS"
"","","","","","","","","","TOXICOLOGIA / MONITORIZAÇÃO","","PROCEDIMENTOS DIAGNÓSTICOS E"
"P-AMINOFENOL, AVALIAÇÃO DA EXPOSIÇÃO À ANILINA","","","AMB","HCO","HSO","REF","","","","PROCEDIMENTOS LABORATORIAIS",""
"","","","","","","","","","TERAPÊUTICA","","TERAPÊUTICOS"
"","","","","","","","","","TOXICOLOGIA / MONITORIZAÇÃO","","PROCEDIMENTOS DIAGNÓSTICOS E"
"TRICLOROCOMPOSTOS TOTAIS, AVALIAÇÃO DA EXPOSIÇÃO AO TRICLOROETANO E TRICLOROETILENO","","","AMB","HCO","HSO","REF","","","","PROCEDIMENTOS LABORATORIAIS",""
"","","","","","","","","","TERAPÊUTICA","","TERAPÊUTICOS"
"","","","","","","","","","TOXICOLOGIA / MONITORIZAÇÃO","","PROCEDIMENTOS DIAGNÓSTICOS E"
"ZINCO","","","AMB","HCO","HSO","REF","","","","PROCEDIMENTOS LABORATORIAIS",""
"","","","","","","","","","TERAPÊUTICA","","TERAPÊUTICOS"
"","","","","","","","","","TOXICOLOGIA / MONITORIZAÇÃO","","PROCEDIMENTOS DIAGNÓSTICOS E"
"ZINCOPROTOPORFIRINA","","","AMB","HCO","HSO","REF","","","","PROCEDIMENTOS LABORATORIAIS",""
"","","","","","","","","","TERAPÊUTICA","","TERAPÊUTICOS"
"AGENTES INFECCIOSOS NA ENCEFALITE E MENINGITE - DETECÇÃO POR PCR MULTIPLEX EM PAINEL NO","","","","","","","","","","","PROCEDIMENTOS DIAGNÓSTICOS E"
"","627/2025
17/02/2025","","AMB","HCO","HSO","REF","","","BIOLOGIA MOLECULAR","PROCEDIMENTOS LABORATORIAIS",""
"LÍQUOR","","","","","","","","","","","TERAPÊUTICOS"
"CHLAMYDIA TRACHOMATIS, DETECÇÃO DO DNA POR TÉCNICAS DE HIBRIDIZAÇÃO OU PCR; CHLAMYDIA","","","","","","","","","","","PROCEDIMENTOS DIAGNÓSTICOS E"
"","","","AMB","HCO","HSO","REF","PAC","","BIOLOGIA MOLECULAR","PROCEDIMENTOS LABORATORIAIS",""
"TRACHOMATIS, ANTÍGENO.","","","","","","","","","","","TERAPÊUTICOS"
"","","","","","","","","","","","PROCEDIMENTOS DIAGNÓSTICOS E"
"CITOMEGALOVÍRUS - QUALITATIVO, POR PCR (COM DIRETRIZ DE UTILIZAÇÃO)","","","AMB","HCO","HSO","REF","PAC","14","BIOLOGIA MOLECULAR","PROCEDIMENTOS LABORATORIAIS",""
"","","","","","","","","","","","TERAPÊUTICOS"
"","","","","","","","","","","","PROCEDIMENTOS DIAGNÓSTICOS E"
"DETECÇÃO/TIPAGEM HERPES VÍRUS 1 E 2 NO LÍQUOR","","","AMB","HCO","HSO","REF","PAC","","BIOLOGIA MOLECULAR","PROCEDIMENTOS LABORATORIAIS",""
"","","","","","","","","","","","TERAPÊUTICOS"
"","","","","","","","","","","","PROCEDIMENTOS DIAGNÓSTICOS E"
"FOCALIZAÇÃO ISOELÉTRICA DA TRANSFERRINA (COM DIRETRIZ DE UTILIZAÇÃO)","","","AMB","HCO","HSO","REF","PAC","120","BIOLOGIA MOLECULAR","PROCEDIMENTOS LABORATORIAIS",""
"","","","","","","","","","","","TERAPÊUTICOS"
"","","","","","","","","","","","PROCEDIMENTOS DIAGNÓSTICOS E"
"HEPATITE B - TESTE QUANTITATIVO (COM DIRETRIZ DE UTILIZAÇÃO)","","","AMB","HCO","HSO","REF","PAC","28","BIOLOGIA MOLECULAR","PROCEDIMENTOS LABORATORIAIS",""
"","","","","","","","","","","","TERAPÊUTICOS"
"","","","","","","","","","","","PROCEDIMENTOS DIAGNÓSTICOS E"
"HEPATITE C - GENOTIPAGEM (COM DIRETRIZ DE UTILIZAÇÃO)","","","AMB","HCO","HSO","REF","PAC","29","BIOLOGIA MOLECULAR","PROCEDIMENTOS LABORATORIAIS",""
"","","","","","","","","","","","TERAPÊUTICOS"
"","","","","","","","","","","","PROCEDIMENTOS DIAGNÓSTICOS E"
"HEPATITE C (QUALITATIVO) POR PCR OU BDNA","","","AMB","HCO","HSO","REF","PAC","","BIOLOGIA MOLECULAR","PROCEDIMENTOS LABORATORIAIS",""
"","","","","","","","","","","","TERAPÊUTICOS"
"","","","","","","","","","","","PROCEDIMENTOS DIAGNÓSTICOS E"
"HEPATITE C (QUANTITATIVO) POR PCR OU BDNA","","","AMB","HCO","HSO","REF","PAC","","BIOLOGIA MOLECULAR","PROCEDIMENTOS LABORATORIAIS",""
"","","","","","","","","","","","TERAPÊUTICOS"
"","","","","","","","","","","","PROCEDIMENTOS DIAGNÓSTICOS E"
"HIV - CARGA VIRAL POR PCR, NASBA OU BDNA","","","AMB","HCO","HSO","REF","PAC","","BIOLOGIA MOLECULAR","PROCEDIMENTOS LABORATORIAIS",""
"","","","","","","","","","","","TERAPÊUTICOS"
"","","","","","","","","","","","PROCEDIMENTOS DIAGNÓSTICOS E"
"HIV - QUALITATIVO POR PCR","","","AMB","HCO","HSO","REF","PAC","","BIOLOGIA MOLECULAR","PROCEDIMENTOS LABORATORIAIS",""
"","","","","","","","","","","","TERAPÊUTICOS"
