"","RN","","","","","","","","","","",""
"PROCEDIMENTO","VIGÊNCIA","OD","AMB","HCO","HSO","REF","PAC","DUT","","SUBGRUPO","GRUPO","CAPÍTULO"
"","(alteração)","","","","","","","","","","",""
"","","","","","","","","","","","","PROCEDIMENTOS DIAGNÓSTICOS E"
"RADIOGRAFIA DE MÃO OU QUIRODÁCTILO","","","AMB","HCO","HSO","REF","","","RADIOGRAFIAS","","MÉTODOS DIAGNÓSTICOS POR IMAGEM",""
"","","","","","","","","","","","","TERAPÊUTICOS"
"","","","","","","","","","","","","PROCEDIMENTOS DIAGNÓSTICOS E"
"RADIOGRAFIA DE MÃOS E PUNHOS PARA IDADE ÓSSEA","","","AMB","HCO","HSO","REF","","","RADIOGRAFIAS","","MÉTODOS DIAGNÓSTICOS POR IMAGEM",""
"","","","","","","","","","","","","TERAPÊUTICOS"
"","","","","","","","","","","","","PROCEDIMENTOS DIAGNÓSTICOS E"
"RADIOGRAFIA DE ÓRBITAS","","","AMB","HCO","HSO","REF","","","RADIOGRAFIAS","","MÉTODOS DIAGNÓSTICOS POR IMAGEM",""
"","","","","","","","","","","","","TERAPÊUTICOS"
"","","","","","","","","","","","","PROCEDIMENTOS DIAGNÓSTICOS E"
"RADIOGRAFIA DE ORELHA, MASTÓIDES OU ROCHEDOS","","","AMB","HCO","HSO","REF","","","RADIOGRAFIAS","","MÉTODOS DIAGNÓSTICOS POR IMAGEM",""
"","","","","","","","","","","","","TERAPÊUTICOS"
"","","","","","","","","","","","","PROCEDIMENTOS DIAGNÓSTICOS E"
"RADIOGRAFIA DE OSSOS DA FACE","","","AMB","HCO","HSO","REF","","","RADIOGRAFIAS","","MÉTODOS DIAGNÓSTICOS POR IMAGEM",""
"","","","","","","","","","","","","TERAPÊUTICOS"
"","","","","","","","","","","","","PROCEDIMENTOS DIAGNÓSTICOS E"
"RADIOGRAFIA DE PATELA","","","AMB","HCO","HSO","REF","","","RADIOGRAFIAS","","MÉTODOS DIAGNÓSTICOS POR IMAGEM",""
"","","","","","","","","","","","","TERAPÊUTICOS"
"","","","","","","","","","","","","PROCEDIMENTOS DIAGNÓSTICOS E"
"RADIOGRAFIA DE PÉ OU PODODÁCTILO","","","AMB","HCO","HSO","REF","","","RADIOGRAFIAS","","MÉTODOS DIAGNÓSTICOS POR IMAGEM",""
"","","","","","","","","","","","","TERAPÊUTICOS"
"","","","","","","","","","","","","PROCEDIMENTOS DIAGNÓSTICOS E"
"RADIOGRAFIA DE PERNA","","","AMB","HCO","HSO","REF","","","RADIOGRAFIAS","","MÉTODOS DIAGNÓSTICOS POR IMAGEM",""
"","","","","","","","","","","","","TERAPÊUTICOS"
"","","","","","","","","","","","","PROCEDIMENTOS DIAGNÓSTICOS E"
"RADIOGRAFIA DE PUNHO","","","AMB","HCO","HSO","REF","","","RADIOGRAFIAS","","MÉTODOS DIAGNÓSTICOS POR IMAGEM",""
"","","","","","","","","","","","","TERAPÊUTICOS"
"","","","","","","","","","","","","PROCEDIMENTOS DIAGNÓSTICOS E"
"RADIOGRAFIA DE SACRO-COCCIX","","","AMB","HCO","HSO","REF","","","RADIOGRAFIAS","","MÉTODOS DIAGNÓSTICOS POR IMAGEM",""
"","","","","","","","","","","","","TERAPÊUTICOS"
"","","","","","","","","","","","","PROCEDIMENTOS DIAGNÓSTICOS E"
"RADIOGRAFIA DE SEIOS DA FACE","","","AMB","HCO","HSO","REF","","","RADIOGRAFIAS","","MÉTODOS DIAGNÓSTICOS POR IMAGEM",""
"","","","","","","","","","","","","TERAPÊUTICOS"
"","","","","","","","","","","","","PROCEDIMENTOS DIAGNÓSTICOS E"
"RADIOGRAFIA DE SELA TÚRCICA","","","AMB","HCO","HSO","REF","","","RADIOGRAFIAS","","MÉTODOS DIAGNÓSTICOS POR IMAGEM",""
"","","","","","","","","","","","","TERAPÊUTICOS"
"","","","","","","","","","","","","PROCEDIMENTOS DIAGNÓSTICOS E"
"RADIOGRAFIA DE TÓRAX","","","AMB","HCO","HSO","REF","","","RADIOGRAFIAS","","MÉTODOS DIAGNÓSTICOS POR IMAGEM",""
"","","","","","","","","","","","","TERAPÊUTICOS"
"","","","","","","","","","","","","PROCEDIMENTOS DIAGNÓSTICOS E"
"RADIOGRAFIA INTERPROXIMAL - BITE-WING","","OD","","","","","","","RADIOGRAFIAS","","MÉTODOS DIAGNÓSTICOS POR IMAGEM",""
"","","","","","","","","","","","","TERAPÊUTICOS"
"","","","","","","","","","","","","PROCEDIMENTOS DIAGNÓSTICOS E"
"RADIOGRAFIA OCLUSAL","","OD","","","","","","","RADIOGRAFIAS","","MÉTODOS DIAGNÓSTICOS POR IMAGEM",""
"","","","","","","","","","","","","TERAPÊUTICOS"
"","","","","","","","","","","","","PROCEDIMENTOS DIAGNÓSTICOS E"
"RADIOGRAFIA PANORÂMICA DE MANDÍBULA/MAXILA (ORTOPANTOMOGRAFIA)","","OD","AMB","HCO","HSO","REF","","","RADIOGRAFIAS","","MÉTODOS DIAGNÓSTICOS POR IMAGEM",""
"","","","","","","","","","","","","TERAPÊUTICOS"
"","","","","","","","","","","","","PROCEDIMENTOS DIAGNÓSTICOS E"
"RADIOGRAFIA PANORÂMICA DOS MEMBROS INFERIORES","","","AMB","HCO","HSO","REF","","","RADIOGRAFIAS","","MÉTODOS DIAGNÓSTICOS POR IMAGEM",""
"","","","","","","","","","","","","TERAPÊUTICOS"
"","","","","","","","","","","","","PROCEDIMENTOS DIAGNÓSTICOS E"
"RADIOGRAFIA PERIAPICAL","","OD","","","","","","","RADIOGRAFIAS","","MÉTODOS DIAGNÓSTICOS POR IMAGEM",""
"","","","","","","","","","","","","TERAPÊUTICOS"
"","","","","","","","","","","","","PROCEDIMENTOS DIAGNÓSTICOS E"
"LEVANTAMENTO RADIOGRÁFICO (EXAME RADIODÔNTICO/PERIAPICAL COMPLETO)","","OD","","","","","","","RADIOGRAFIAS","","MÉTODOS DIAGNÓSTICOS POR IMAGEM",""
"","","","","","","","","","","","","TERAPÊUTICOS"
