"","RN","","","","","","","","","",""
"PROCEDIMENTO","VIGÊNCIA","OD","AMB","HCO","HSO","REF","PAC","DUT","SUBGRUPO","GRUPO","CAPÍTULO"
"","(alteração)","","","","","","","","","",""
"PIELOPLASTIA LAPAROSCÓPICA","","","","HCO","HSO","REF","","","RIM, BACINETE E SUPRA-RENAL","SISTEMA URINÁRIO","PROCEDIMENTOS CIRÚRGICOS E INVASIVOS"
"PIELOSTOMIA","","","","HCO","HSO","REF","","","RIM, BACINETE E SUPRA-RENAL","SISTEMA URINÁRIO","PROCEDIMENTOS CIRÚRGICOS E INVASIVOS"
"PIELOTOMIA EXPLORADORA","","","","HCO","HSO","REF","","","RIM, BACINETE E SUPRA-RENAL","SISTEMA URINÁRIO","PROCEDIMENTOS CIRÚRGICOS E INVASIVOS"
"PUNÇÃO ASPIRATIVA RENAL PARA DIAGNÓSTICO DE REJEIÇÃO","","","","HCO","HSO","REF","PAC","","RIM, BACINETE E SUPRA-RENAL","SISTEMA URINÁRIO","PROCEDIMENTOS CIRÚRGICOS E INVASIVOS"
"PUNÇÃO BIÓPSIA RENAL PERCUTÂNEA","","","AMB","HCO","HSO","REF","","","RIM, BACINETE E SUPRA-RENAL","SISTEMA URINÁRIO","PROCEDIMENTOS CIRÚRGICOS E INVASIVOS"
"REVASCULARIZAÇÃO RENAL","","","","HCO","HSO","REF","","","RIM, BACINETE E SUPRA-RENAL","SISTEMA URINÁRIO","PROCEDIMENTOS CIRÚRGICOS E INVASIVOS"
"SINFISIOTOMIA (RIM EM FERRADURA)","","","","HCO","HSO","REF","","","RIM, BACINETE E SUPRA-RENAL","SISTEMA URINÁRIO","PROCEDIMENTOS CIRÚRGICOS E INVASIVOS"
"TRANSURETERO ANASTOMOSE","","","","HCO","HSO","REF","","","RIM, BACINETE E SUPRA-RENAL","SISTEMA URINÁRIO","PROCEDIMENTOS CIRÚRGICOS E INVASIVOS"
"TRATAMENTO CIRÚRGICO DA FÍSTULA PIELO-INTESTINAL","","","","HCO","HSO","REF","","","RIM, BACINETE E SUPRA-RENAL","SISTEMA URINÁRIO","PROCEDIMENTOS CIRÚRGICOS E INVASIVOS"
"TUMOR RENAL - ENUCLEAÇÃO","","","","HCO","HSO","REF","","","RIM, BACINETE E SUPRA-RENAL","SISTEMA URINÁRIO","PROCEDIMENTOS CIRÚRGICOS E INVASIVOS"
"TUMOR WILMS - TRATAMENTO CIRÚRGICO","","","","HCO","HSO","REF","","","RIM, BACINETE E SUPRA-RENAL","SISTEMA URINÁRIO","PROCEDIMENTOS CIRÚRGICOS E INVASIVOS"
"TUMORES RETRO-PERITONEAIS - EXÉRESE","","","","HCO","HSO","REF","","","RIM, BACINETE E SUPRA-RENAL","SISTEMA URINÁRIO","PROCEDIMENTOS CIRÚRGICOS E INVASIVOS"
"BIÓPSIA CIRÚRGICA DE URETER","","","","HCO","HSO","REF","","","URETER","SISTEMA URINÁRIO","PROCEDIMENTOS CIRÚRGICOS E INVASIVOS"
"BIÓPSIA ENDOSCÓPICA DE URETER","","","AMB","HCO","HSO","REF","","","URETER","SISTEMA URINÁRIO","PROCEDIMENTOS CIRÚRGICOS E INVASIVOS"
"CATETERISMO URETERAL","","","","HCO","HSO","REF","","","URETER","SISTEMA URINÁRIO","PROCEDIMENTOS CIRÚRGICOS E INVASIVOS"
"COLOCAÇÃO CIRÚRGICA DE DUPLO J","","","","HCO","HSO","REF","","","URETER","SISTEMA URINÁRIO","PROCEDIMENTOS CIRÚRGICOS E INVASIVOS"
"COLOCAÇÃO ENDOSCÓPICA DE DUPLO J","","","","HCO","HSO","REF","","","URETER","SISTEMA URINÁRIO","PROCEDIMENTOS CIRÚRGICOS E INVASIVOS"
"COLOCAÇÃO NEFROSCÓPICA DE DUPLO J","","","","HCO","HSO","REF","","","URETER","SISTEMA URINÁRIO","PROCEDIMENTOS CIRÚRGICOS E INVASIVOS"
"COLOCAÇÃO URETEROSCÓPICA DE DUPLO J","","","","HCO","HSO","REF","","","URETER","SISTEMA URINÁRIO","PROCEDIMENTOS CIRÚRGICOS E INVASIVOS"
