"","RN","","","","","","","","","",""
"PROCEDIMENTO","VIGÊNCIA","OD","AMB","HCO","HSO","REF","PAC","DUT","SUBGRUPO","GRUPO","CAPÍTULO"
"","(alteração)","","","","","","","","","",""
"","","","","","","","","","","","PROCEDIMENTOS DIAGNÓSTICOS E"
"RADIOSCOPIA DIAGNÓSTICA","","","AMB","HCO","HSO","REF","","","RADIOGRAFIAS","MÉTODOS DIAGNÓSTICOS POR IMAGEM",""
"","","","","","","","","","","","TERAPÊUTICOS"
"","","","","","","","","","","","PROCEDIMENTOS DIAGNÓSTICOS E"
"RADIOSCOPIA PARA ACOMPANHAMENTO DE PROCEDIMENTO CIRÚRGICO","","","AMB","HCO","HSO","REF","","","RADIOGRAFIAS","MÉTODOS DIAGNÓSTICOS POR IMAGEM",""
"","","","","","","","","","","","TERAPÊUTICOS"
"","","","","","","","","","","","PROCEDIMENTOS DIAGNÓSTICOS E"
"SIALOGRAFIA","","","AMB","HCO","HSO","REF","","","RADIOGRAFIAS","MÉTODOS DIAGNÓSTICOS POR IMAGEM",""
"","","","","","","","","","","","TERAPÊUTICOS"
"","","","","","","","","","","","PROCEDIMENTOS DIAGNÓSTICOS E"
"TESTE DE OCLUSÃO DE ARTÉRIA CARÓTIDA OU VERTEBRAL","","","AMB","HCO","HSO","REF","PAC","","RADIOGRAFIAS","MÉTODOS DIAGNÓSTICOS POR IMAGEM",""
"","","","","","","","","","","","TERAPÊUTICOS"
"","","","","","","","","","","","PROCEDIMENTOS DIAGNÓSTICOS E"
"TOMOGRAFIA RENAL","","","AMB","HCO","HSO","REF","","","RADIOGRAFIAS","MÉTODOS DIAGNÓSTICOS POR IMAGEM",""
"","","","","","","","","","","","TERAPÊUTICOS"
"","","","","","","","","","","","PROCEDIMENTOS DIAGNÓSTICOS E"
"TRÂNSITO E MORFOLOGIA DO APARELHO DIGESTIVO","","","AMB","HCO","HSO","REF","","","RADIOGRAFIAS","MÉTODOS DIAGNÓSTICOS POR IMAGEM",""
"","","","","","","","","","","","TERAPÊUTICOS"
"","","","","","","","","","","","PROCEDIMENTOS DIAGNÓSTICOS E"
"URETROCISTOGRAFIA","","","AMB","HCO","HSO","REF","","","RADIOGRAFIAS","MÉTODOS DIAGNÓSTICOS POR IMAGEM",""
"","","","","","","","","","","","TERAPÊUTICOS"
"","","","","","","","","","","","PROCEDIMENTOS DIAGNÓSTICOS E"
"UROGRAFIA VENOSA COM BEXIGA PRÉ E PÓS-MICCIONAL","","","AMB","HCO","HSO","REF","","","RADIOGRAFIAS","MÉTODOS DIAGNÓSTICOS POR IMAGEM",""
"","","","","","","","","","","","TERAPÊUTICOS"
"","","","","","","","","","","","PROCEDIMENTOS DIAGNÓSTICOS E"
"UROGRAFIA VENOSA COM NEFROTOMOGRAFIA","","","AMB","HCO","HSO","REF","","","RADIOGRAFIAS","MÉTODOS DIAGNÓSTICOS POR IMAGEM",""
"","","","","","","","","","","","TERAPÊUTICOS"
"","","","","","","","","","","","PROCEDIMENTOS DIAGNÓSTICOS E"
"UROGRAFIA VENOSA MINUTADA 1-2-3","","","AMB","HCO","HSO","REF","","","RADIOGRAFIAS","MÉTODOS DIAGNÓSTICOS POR IMAGEM",""
"","","","","","","","","","","","TERAPÊUTICOS"
"","","","","","","","","","MÉTODOS INTERVENCIONISTAS","",""
"","","","","","","","","","","","PROCEDIMENTOS DIAGNÓSTICOS E"
"ABLAÇÃO PERCUTÂNEA POR RADIOFREQUÊNCIA PARA TRATAMENTO DE OSTEOMA OSTEÓIDE","","","","HCO","HSO","REF","PAC","","DIAGNÓSTICOS E TERAPÊUTICOS POR","MÉTODOS DIAGNÓSTICOS POR IMAGEM",""
"","","","","","","","","","","","TERAPÊUTICOS"
"","","","","","","","","","IMAGEM","",""
"","","","","","","","","","MÉTODOS INTERVENCIONISTAS","",""
"","","","","","","","","","","","PROCEDIMENTOS DIAGNÓSTICOS E"
"ANGIOPLASTIA ARTERIAL OU VENOSA","","","","HCO","HSO","REF","PAC","","DIAGNÓSTICOS E TERAPÊUTICOS POR","MÉTODOS DIAGNÓSTICOS POR IMAGEM",""
"","","","","","","","","","","","TERAPÊUTICOS"
"","","","","","","","","","IMAGEM","",""
"","","","","","","","","","MÉTODOS INTERVENCIONISTAS","",""
"ANGIOPLASTIA EM ENXERTOS VENOSOS E/OU ARTERIAIS COM OU SEM IMPLANTE DE STENT COM OU SEM","","","","","","","","","","","PROCEDIMENTOS DIAGNÓSTICOS E"
"","","","","HCO","HSO","REF","PAC","","DIAGNÓSTICOS E TERAPÊUTICOS POR","MÉTODOS DIAGNÓSTICOS POR IMAGEM",""
"USO DE DISPOSITIVO DE PROTEÇÃO EMBÓLICA DISTAL","","","","","","","","","","","TERAPÊUTICOS"
"","","","","","","","","","IMAGEM","",""
"","","","","","","","","","MÉTODOS INTERVENCIONISTAS","",""
"","","","","","","","","","","","PROCEDIMENTOS DIAGNÓSTICOS E"
"ANGIOPLASTIA TRANSLUMINAL PERCUTÂNEA","","","","HCO","HSO","REF","PAC","","DIAGNÓSTICOS E TERAPÊUTICOS POR","MÉTODOS DIAGNÓSTICOS POR IMAGEM",""
"","","","","","","","","","","","TERAPÊUTICOS"
"","","","","","","","","","IMAGEM","",""
"","","","","","","","","","MÉTODOS INTERVENCIONISTAS","",""
"","","","","","","","","","","","PROCEDIMENTOS DIAGNÓSTICOS E"
"ATERECTOMIA PERCUTÂNEA ORIENTADA POR RX","","","","HCO","HSO","REF","PAC","","DIAGNÓSTICOS E TERAPÊUTICOS POR","MÉTODOS DIAGNÓSTICOS POR IMAGEM",""
"","","","","","","","","","","","TERAPÊUTICOS"
"","","","","","","","","","IMAGEM","",""
"","","","","","","","","","MÉTODOS INTERVENCIONISTAS","",""
"","","","","","","","","","","","PROCEDIMENTOS DIAGNÓSTICOS E"
"CATETERISMO ARTERIAL PARA QUIMIOTERAPIA","","","","HCO","HSO","REF","","","DIAGNÓSTICOS E TERAPÊUTICOS POR","MÉTODOS DIAGNÓSTICOS POR IMAGEM",""
"","","","","","","","","","","","TERAPÊUTICOS"
"","","","","","","","","","IMAGEM","",""
"","","","","","","","","","MÉTODOS INTERVENCIONISTAS","",""
"","","","","","","","","","","","PROCEDIMENTOS DIAGNÓSTICOS E"
"COLECISTOSTOMIA PERCUTÂNEA ORIENTADA POR RX, US OU TC","","","","HCO","HSO","REF","PAC","","DIAGNÓSTICOS E TERAPÊUTICOS POR","MÉTODOS DIAGNÓSTICOS POR IMAGEM",""
"","","","","","","","","","","","TERAPÊUTICOS"
"","","","","","","","","","IMAGEM","",""
"","","","","","","","","","MÉTODOS INTERVENCIONISTAS","",""
"","","","","","","","","","","","PROCEDIMENTOS DIAGNÓSTICOS E"
"COLOCAÇÃO DE CATETER VENOSO CENTRAL OU PORTOCATH","","","","HCO","HSO","REF","PAC","","DIAGNÓSTICOS E TERAPÊUTICOS POR","MÉTODOS DIAGNÓSTICOS POR IMAGEM",""
"","","","","","","","","","","","TERAPÊUTICOS"
"","","","","","","","","","IMAGEM","",""
"","","","","","","","","","MÉTODOS INTERVENCIONISTAS","",""
"","","","","","","","","","","","PROCEDIMENTOS DIAGNÓSTICOS E"
"COLOCAÇÃO DE FILTRO DE VCI PARA PREVENÇÃO DE TEP","","","","HCO","HSO","REF","PAC","","DIAGNÓSTICOS E TERAPÊUTICOS POR","MÉTODOS DIAGNÓSTICOS POR IMAGEM",""
"","","","","","","","","","","","TERAPÊUTICOS"
"","","","","","","","","","IMAGEM","",""
