"","RN","","","","","","","","","",""
"PROCEDIMENTO","VIGÊNCIA","OD","AMB","HCO","HSO","REF","PAC","DUT","SUBGRUPO","GRUPO","CAPÍTULO"
"","(alteração)","","","","","","","","","",""
"","","","","","","","","","EXAMES DE QUALIFICAÇÃO NO SANGUE DO","",""
"","","","","","","","","","","","PROCEDIMENTOS DIAGNÓSTICOS E"
"PLAQUETAS - PROVA CRUZADA","","","AMB","HCO","HSO","REF","","","DOADOR OU PROVA PRÉ-TRANSFUSIONAL","MEDICINA TRANSFUSIONAL",""
"","","","","","","","","","","","TERAPÊUTICOS"
"","","","","","","","","","NO SANGUE DO RECEPTOR","",""
"","","","","","","","","","EXAMES DE QUALIFICAÇÃO NO SANGUE DO","",""
"PROVA DE COMPATIBILIDADE ENTRE AS HEMÁCIAS DO DOADOR E O SORO DO RECEPTOR (PROVA DE","","","","","","","","","","","PROCEDIMENTOS DIAGNÓSTICOS E"
"","","","AMB","HCO","HSO","REF","","","DOADOR OU PROVA PRÉ-TRANSFUSIONAL","MEDICINA TRANSFUSIONAL",""
"COMPATIBILIDADE MAIOR)","","","","","","","","","","","TERAPÊUTICOS"
"","","","","","","","","","NO SANGUE DO RECEPTOR","",""
"","","","","","","","","","EXAMES DE QUALIFICAÇÃO NO SANGUE DO","",""
"","","","","","","","","","","","PROCEDIMENTOS DIAGNÓSTICOS E"
"PROVAS PRÉ-TRANSFUSIONAIS: RETIPIFICAÇÃO ABO E RH DA BOLSA DE SANGUE","","","AMB","HCO","HSO","REF","","","DOADOR OU PROVA PRÉ-TRANSFUSIONAL","MEDICINA TRANSFUSIONAL",""
"","","","","","","","","","","","TERAPÊUTICOS"
"","","","","","","","","","NO SANGUE DO RECEPTOR","",""
"","","","","","","","","","EXAMES DE QUALIFICAÇÃO NO SANGUE DO","",""
"","","","","","","","","","","","PROCEDIMENTOS DIAGNÓSTICOS E"
"SÍFILIS - TESTE TREPONÊMICO OU NÃO-TREPONÊMICO","","","AMB","HCO","HSO","REF","","","DOADOR OU PROVA PRÉ-TRANSFUSIONAL","MEDICINA TRANSFUSIONAL",""
"","","","","","","","","","","","TERAPÊUTICOS"
"","","","","","","","","","NO SANGUE DO RECEPTOR","",""
"","","","","","","","","","EXAMES DE QUALIFICAÇÃO NO SANGUE DO","",""
"","","","","","","","","","","","PROCEDIMENTOS DIAGNÓSTICOS E"
"TESTE DE COOMBS DIRETO E INDIRETO - INCLUI PESQUISA DE ANTICORPOS E COMPLEMENTO","","","AMB","HCO","HSO","REF","","","DOADOR OU PROVA PRÉ-TRANSFUSIONAL","MEDICINA TRANSFUSIONAL",""
"","","","","","","","","","","","TERAPÊUTICOS"
"","","","","","","","","","NO SANGUE DO RECEPTOR","",""
"","","","","","","","","","EXAMES DE QUALIFICAÇÃO NO SANGUE DO","",""
"TIPIFICAÇÃO ABO, INCLUINDO TIPAGEM REVERSA NO SANGUE DO RECEPTOR (SEM TIPAGEM REVERSA ATÉ 4","","","","","","","","","","","PROCEDIMENTOS DIAGNÓSTICOS E"
"","","","AMB","HCO","HSO","REF","","","DOADOR OU PROVA PRÉ-TRANSFUSIONAL","MEDICINA TRANSFUSIONAL",""
"MESES DE IDADE);","","","","","","","","","","","TERAPÊUTICOS"
"","","","","","","","","","NO SANGUE DO RECEPTOR","",""
"CITOMEGALOVÍRUS APÓS TRANSPLANTE DE RIM, MEDULA ÓSSEA OU FÍGADO POR REAÇÃO DE CADEIA DE","","","","","","","","","","","PROCEDIMENTOS DIAGNÓSTICOS E"
"","546/2022
03/10/2022","","AMB","HCO","HSO","REF","PAC","","PROCEDIMENTOS","MEDICINA TRANSFUSIONAL",""
"POLIMERASE (PCR) - PESQUISA QUANTITATIVA","","","","","","","","","","","TERAPÊUTICOS"
"VÍRUS EPSTEIN BARR APÓS TRANSPLANTE DE RIM OU FÍGADO POR REAÇÃO DE CADEIA DE POLIMERASE","","","","","","","","","","","PROCEDIMENTOS DIAGNÓSTICOS E"
"","546/2022
03/10/2022","","AMB","HCO","HSO","REF","PAC","","PROCEDIMENTOS","MEDICINA TRANSFUSIONAL",""
"(PCR) - PESQUISA QUANTITATIVA","","","","","","","","","","","TERAPÊUTICOS"
"","","","","","","","","","","","PROCEDIMENTOS DIAGNÓSTICOS E"
"EXSANGUÍNEO TRANSFUSÃO","","","AMB","HCO","HSO","REF","","","PROCEDIMENTOS","MEDICINA TRANSFUSIONAL",""
"","","","","","","","","","","","TERAPÊUTICOS"
"","","","","","","","","","","","PROCEDIMENTOS DIAGNÓSTICOS E"
"TRANSFUSÃO FETAL INTRA-UTERINA","","","","HCO","","REF","","","PROCEDIMENTOS","MEDICINA TRANSFUSIONAL",""
"","","","","","","","","","","","TERAPÊUTICOS"
"","","","","","","","","","","","PROCEDIMENTOS DIAGNÓSTICOS E"
"CARIÓTIPO COM BANDAS, BIÓPSIA DE PELE OU OUTROS TECIDOS","","","AMB","HCO","HSO","REF","","","CITOGENÉTICA","GENÉTICA",""
"","","","","","","","","","","","TERAPÊUTICOS"
"","","","","","","","","","","","PROCEDIMENTOS DIAGNÓSTICOS E"
"CARIÓTIPO COM BANDAS, MATERIAL DE ABORTO OU NATIMORTO","","","AMB","HCO","HSO","REF","","","CITOGENÉTICA","GENÉTICA",""
"","","","","","","","","","","","TERAPÊUTICOS"
"CARIÓTIPO COM BANDAS, PARA DOENÇAS HEMATOLÓGICAS, SANGUE PERIFÉRICO, TECIDOS LINFÓIDES E","","","","","","","","","","","PROCEDIMENTOS DIAGNÓSTICOS E"
"","","","AMB","HCO","HSO","REF","","","CITOGENÉTICA","GENÉTICA",""
"MEDULA ÓSSEA","","","","","","","","","","","TERAPÊUTICOS"
"","","","","","","","","","","","PROCEDIMENTOS DIAGNÓSTICOS E"
"CARIÓTIPO COM BANDAS, SANGUE FETAL","","","AMB","HCO","","REF","","","CITOGENÉTICA","GENÉTICA",""
"","","","","","","","","","","","TERAPÊUTICOS"
"","","","","","","","","","","","PROCEDIMENTOS DIAGNÓSTICOS E"
"CARIÓTIPO COM BANDAS, SANGUE PERIFÉRICO","","","AMB","HCO","HSO","REF","","","CITOGENÉTICA","GENÉTICA",""
"","","","","","","","","","","","TERAPÊUTICOS"
"","","","","","","","","","","","PROCEDIMENTOS DIAGNÓSTICOS E"
"CARIÓTIPO COM BANDAS, VILOSIDADES CORIÔNICAS","","","AMB","HCO","HSO","REF","","","CITOGENÉTICA","GENÉTICA",""
"","","","","","","","","","","","TERAPÊUTICOS"
"","","","","","","","","","","","PROCEDIMENTOS DIAGNÓSTICOS E"
"CARIÓTIPO COM PESQUISA DE TROCA DE CROMÁTIDES IRMÃS","","","AMB","HCO","HSO","REF","","","CITOGENÉTICA","GENÉTICA",""
"","","","","","","","","","","","TERAPÊUTICOS"
"","","","","","","","","","","","PROCEDIMENTOS DIAGNÓSTICOS E"
"CARIÓTIPO COM TÉCNICAS DE ALTA RESOLUÇÃO (ESTUDO EM PROMETÁFASE)","","","AMB","HCO","HSO","REF","","","CITOGENÉTICA","GENÉTICA",""
"","","","","","","","","","","","TERAPÊUTICOS"
"","","","","","","","","","","","PROCEDIMENTOS DIAGNÓSTICOS E"
"CARIÓTIPO PARA SÍNDROMES DE QUEBRAS CROMOSSÔMICAS, SANGUE PERIFÉRICO","","","AMB","HCO","HSO","REF","","","CITOGENÉTICA","GENÉTICA",""
"","","","","","","","","","","","TERAPÊUTICOS"
