"","RN","","","","","","","","","",""
"PROCEDIMENTO","VIGÊNCIA","OD","AMB","HCO","HSO","REF","PAC","DUT","SUBGRUPO","GRUPO","CAPÍTULO"
"","(alteração)","","","","","","","","","",""
"","","","","","","","","","","SISTEMA MÚSCULO-ESQUELÉTICO E",""
"BIÓPSIA CIRÚRGICA DO TORNOZELO","","","AMB","HCO","HSO","REF","","","MEMBROS INFERIORES","","PROCEDIMENTOS CIRÚRGICOS E INVASIVOS"
"","","","","","","","","","","ARTICULAÇÕES",""
"","","","","","","","","","","SISTEMA MÚSCULO-ESQUELÉTICO E",""
"BIÓPSIA CIRÚRGICA DOS OSSOS DO PÉ","","","AMB","HCO","HSO","REF","","","MEMBROS INFERIORES","","PROCEDIMENTOS CIRÚRGICOS E INVASIVOS"
"","","","","","","","","","","ARTICULAÇÕES",""
"","","","","","","","","","","SISTEMA MÚSCULO-ESQUELÉTICO E",""
"CORREÇÃO DE DEFORMIDADE ÓSSEA CONGÊNITA OU ADQUIRIDA COM FIXADOR EXTERNO","","","","HCO","HSO","REF","","","MEMBROS INFERIORES","","PROCEDIMENTOS CIRÚRGICOS E INVASIVOS"
"","","","","","","","","","","ARTICULAÇÕES",""
"","","","","","","","","","","SISTEMA MÚSCULO-ESQUELÉTICO E",""
"CORREÇÃO DE DEFORMIDADES DO PÉ COM FIXADOR EXTERNO DINÂMICO - TRATAMENTO CIRÚRGICO","","","","HCO","HSO","REF","","","MEMBROS INFERIORES","","PROCEDIMENTOS CIRÚRGICOS E INVASIVOS"
"","","","","","","","","","","ARTICULAÇÕES",""
"","","","","","","","","","","SISTEMA MÚSCULO-ESQUELÉTICO E",""
"DESARTICULAÇÃO DE JOELHO - TRATAMENTO CIRÚRGICO","","","","HCO","HSO","REF","","","MEMBROS INFERIORES","","PROCEDIMENTOS CIRÚRGICOS E INVASIVOS"
"","","","","","","","","","","ARTICULAÇÕES",""
"","","","","","","","","","","SISTEMA MÚSCULO-ESQUELÉTICO E",""
"DESCOLAMENTO EPIFISÁRIO (TRAUMÁTICO OU NÃO) - REDUÇÃO INCRUENTA","","","AMB","HCO","HSO","REF","","","MEMBROS INFERIORES","","PROCEDIMENTOS CIRÚRGICOS E INVASIVOS"
"","","","","","","","","","","ARTICULAÇÕES",""
"","","","","","","","","","","SISTEMA MÚSCULO-ESQUELÉTICO E",""
"DESCOLAMENTO EPIFISÁRIO (TRAUMÁTICO OU NÃO) - TRATAMENTO CIRÚRGICO","","","","HCO","HSO","REF","","","MEMBROS INFERIORES","","PROCEDIMENTOS CIRÚRGICOS E INVASIVOS"
"","","","","","","","","","","ARTICULAÇÕES",""
"","","","","","","","","","","SISTEMA MÚSCULO-ESQUELÉTICO E",""
"ENCURTAMENTO DE FÊMUR - TRATAMENTO CIRÚRGICO","","","","HCO","HSO","REF","","","MEMBROS INFERIORES","","PROCEDIMENTOS CIRÚRGICOS E INVASIVOS"
"","","","","","","","","","","ARTICULAÇÕES",""
"","","","","","","","","","","SISTEMA MÚSCULO-ESQUELÉTICO E",""
"ENCURTAMENTO DOS OSSOS DA PERNA - TRATAMENTO CIRÚRGICO","","","","HCO","HSO","REF","","","MEMBROS INFERIORES","","PROCEDIMENTOS CIRÚRGICOS E INVASIVOS"
"","","","","","","","","","","ARTICULAÇÕES",""
"","","","","","","","","","","SISTEMA MÚSCULO-ESQUELÉTICO E",""
"EPIFISIODESE - TRATAMENTO CIRÚRGICO","","","","HCO","HSO","REF","","","MEMBROS INFERIORES","","PROCEDIMENTOS CIRÚRGICOS E INVASIVOS"
"","","","","","","","","","","ARTICULAÇÕES",""
"","","","","","","","","","","SISTEMA MÚSCULO-ESQUELÉTICO E",""
"EPIFISIODESE DE TÍBIA / FÍBULA - TRATAMENTO CIRÚRGICO","","","","HCO","HSO","REF","","","MEMBROS INFERIORES","","PROCEDIMENTOS CIRÚRGICOS E INVASIVOS"
"","","","","","","","","","","ARTICULAÇÕES",""
"","","","","","","","","","","SISTEMA MÚSCULO-ESQUELÉTICO E",""
"FASCIOTOMIA OU RESSECÇÃO DE FASCIA PLANTAR","","","","HCO","HSO","REF","","","MEMBROS INFERIORES","","PROCEDIMENTOS CIRÚRGICOS E INVASIVOS"
"","","","","","","","","","","ARTICULAÇÕES",""
"","","","","","","","","","","SISTEMA MÚSCULO-ESQUELÉTICO E",""
"FRATURA E/OU LUXAÇÃO DE PATELA - TRATAMENTO CIRÚRGICO","","","","HCO","HSO","REF","","","MEMBROS INFERIORES","","PROCEDIMENTOS CIRÚRGICOS E INVASIVOS"
"","","","","","","","","","","ARTICULAÇÕES",""
"","","","","","","","","","","SISTEMA MÚSCULO-ESQUELÉTICO E",""
"FRATURA E/OU LUXAÇÃO DE PATELA (INCLUSIVE OSTEOCONDRAL) - REDUÇÃO INCRUENTA","","","","HCO","HSO","REF","","","MEMBROS INFERIORES","","PROCEDIMENTOS CIRÚRGICOS E INVASIVOS"
"","","","","","","","","","","ARTICULAÇÕES",""
"","","","","","","","","","","SISTEMA MÚSCULO-ESQUELÉTICO E",""
"FRATURA E/OU LUXAÇÕES DO PÉ (EXCETO ANTEPÉ) - REDUÇÃO INCRUENTA","","","AMB","HCO","HSO","REF","","","MEMBROS INFERIORES","","PROCEDIMENTOS CIRÚRGICOS E INVASIVOS"
"","","","","","","","","","","ARTICULAÇÕES",""
"","","","","","","","","","","SISTEMA MÚSCULO-ESQUELÉTICO E",""
"FRATURA E/OU LUXAÇÕES DO PÉ (EXCETO ANTEPÉ) - TRATAMENTO CIRÚRGICO","","","","HCO","HSO","REF","","","MEMBROS INFERIORES","","PROCEDIMENTOS CIRÚRGICOS E INVASIVOS"
"","","","","","","","","","","ARTICULAÇÕES",""
"","","","","","","","","","","SISTEMA MÚSCULO-ESQUELÉTICO E",""
"FRATURAS DE FÊMUR - REDUÇÃO INCRUENTA","","","","HCO","HSO","REF","","","MEMBROS INFERIORES","","PROCEDIMENTOS CIRÚRGICOS E INVASIVOS"
"","","","","","","","","","","ARTICULAÇÕES",""
"","","","","","","","","","","SISTEMA MÚSCULO-ESQUELÉTICO E",""
"FRATURAS DE FÊMUR - TRATAMENTO CIRÚRGICO","","","","HCO","HSO","REF","","","MEMBROS INFERIORES","","PROCEDIMENTOS CIRÚRGICOS E INVASIVOS"
"","","","","","","","","","","ARTICULAÇÕES",""
"","","","","","","","","","","SISTEMA MÚSCULO-ESQUELÉTICO E",""
"FRATURAS DE FÍBULA - (INCLUI DESCOLAMENTO EPIFISÁRIO) - REDUÇÃO INCRUENTA","","","AMB","HCO","HSO","REF","","","MEMBROS INFERIORES","","PROCEDIMENTOS CIRÚRGICOS E INVASIVOS"
"","","","","","","","","","","ARTICULAÇÕES",""
