"","RN","","","","","","","","","",""
"PROCEDIMENTO","VIGÊNCIA","OD","AMB","HCO","HSO","REF","PAC","DUT","SUBGRUPO","GRUPO","CAPÍTULO"
"","(alteração)","","","","","","","","","",""
"","","","","","","","","","","","PROCEDIMENTOS DIAGNÓSTICOS E"
"ANGIOGRAFIA OCULAR COM INDOCIANINA VERDE","","","AMB","HCO","HSO","REF","","","PROCEDIMENTOS","EXAMES ESPECÍFICOS",""
"","","","","","","","","","","","TERAPÊUTICOS"
"","","","","","","","","","","","PROCEDIMENTOS DIAGNÓSTICOS E"
"AVALIAÇÃO DE VIAS LACRIMAIS","","","AMB","HCO","HSO","REF","","","PROCEDIMENTOS","EXAMES ESPECÍFICOS",""
"","","","","","","","","","","","TERAPÊUTICOS"
"","","","","","","","","","","","PROCEDIMENTOS DIAGNÓSTICOS E"
"AVALIAÇÃO ÓRBITO-PALPEBRAL-EXOFTALMOMETRIA","","","AMB","HCO","HSO","REF","","","PROCEDIMENTOS","EXAMES ESPECÍFICOS",""
"","","","","","","","","","","","TERAPÊUTICOS"
"","","","","","","","","","","","PROCEDIMENTOS DIAGNÓSTICOS E"
"BIOIMPEDANCIOMETRIA","","","AMB","HCO","HSO","REF","","","PROCEDIMENTOS","EXAMES ESPECÍFICOS",""
"","","","","","","","","","","","TERAPÊUTICOS"
"","","","","","","","","","","","PROCEDIMENTOS DIAGNÓSTICOS E"
"BIOMETRIA ULTRASSÔNICA","","","AMB","HCO","HSO","REF","","","PROCEDIMENTOS","EXAMES ESPECÍFICOS",""
"","","","","","","","","","","","TERAPÊUTICOS"
"","","","","","","","","","","","PROCEDIMENTOS DIAGNÓSTICOS E"
"BIÓPSIA","","","AMB","HCO","HSO","REF","","","PROCEDIMENTOS","EXAMES ESPECÍFICOS",""
"","","","","","","","","","","","TERAPÊUTICOS"
"","","","","","","","","","","","PROCEDIMENTOS DIAGNÓSTICOS E"
"BIÓPSIA DO VILO CORIAL","","","AMB","HCO","","REF","","","PROCEDIMENTOS","EXAMES ESPECÍFICOS",""
"","","","","","","","","","","","TERAPÊUTICOS"
"","","","","","","","","","","","PROCEDIMENTOS DIAGNÓSTICOS E"
"CALORIMETRIA INDIRETA","","","AMB","HCO","HSO","REF","","","PROCEDIMENTOS","EXAMES ESPECÍFICOS",""
"","","","","","","","","","","","TERAPÊUTICOS"
"","","","","","","","","","","","PROCEDIMENTOS DIAGNÓSTICOS E"
"CAMPIMETRIA MANUAL OU COMPUTADORIZADA","","","AMB","HCO","HSO","REF","","","PROCEDIMENTOS","EXAMES ESPECÍFICOS",""
"","","","","","","","","","","","TERAPÊUTICOS"
"","","","","","","","","","","","PROCEDIMENTOS DIAGNÓSTICOS E"
"CAPILAROSCOPIA PERIUNGUEAL","","","AMB","HCO","HSO","REF","","","PROCEDIMENTOS","EXAMES ESPECÍFICOS",""
"","","","","","","","","","","","TERAPÊUTICOS"
"","","","","","","","","","","","PROCEDIMENTOS DIAGNÓSTICOS E"
"CAVERNOSOMETRIA","","","AMB","HCO","HSO","REF","","","PROCEDIMENTOS","EXAMES ESPECÍFICOS",""
"","","","","","","","","","","","TERAPÊUTICOS"
"","","","","","","","","","","","PROCEDIMENTOS DIAGNÓSTICOS E"
"CERATOSCOPIA COMPUTADORIZADA","","","AMB","HCO","HSO","REF","","","PROCEDIMENTOS","EXAMES ESPECÍFICOS",""
"","","","","","","","","","","","TERAPÊUTICOS"
"","","","","","","","","","","","PROCEDIMENTOS DIAGNÓSTICOS E"
"COLETA DE MATERIAL CÉRVICO-VAGINAL","","","AMB","HCO","HSO","REF","","","PROCEDIMENTOS","EXAMES ESPECÍFICOS",""
"","","","","","","","","","","","TERAPÊUTICOS"
"","","","","","","","","","","","PROCEDIMENTOS DIAGNÓSTICOS E"
"COLETA DE RASPADO DÉRMICO EM LESÕES E SÍTIOS ESPECÍFICOS PARA BACILOSCOPIA","","","AMB","HCO","HSO","REF","","","PROCEDIMENTOS","EXAMES ESPECÍFICOS",""
"","","","","","","","","","","","TERAPÊUTICOS"
"","","","","","","","","","","","PROCEDIMENTOS DIAGNÓSTICOS E"
"COLPOSCOPIA, VULVOSCOPIA, PENISCOPIA, ANUSCOPIA","","","AMB","HCO","HSO","REF","","","PROCEDIMENTOS","EXAMES ESPECÍFICOS",""
"","","","","","","","","","","","TERAPÊUTICOS"
"","","","","","","","","","","","PROCEDIMENTOS DIAGNÓSTICOS E"
"CORDOCENTESE","","","AMB","HCO","HSO","REF","","","PROCEDIMENTOS","EXAMES ESPECÍFICOS",""
"","","","","","","","","","","","TERAPÊUTICOS"
"","","","","","","","","","","","PROCEDIMENTOS DIAGNÓSTICOS E"
"CURVA TENSIONAL OCULAR DIÁRIA","","","AMB","HCO","HSO","REF","","","PROCEDIMENTOS","EXAMES ESPECÍFICOS",""
"","","","","","","","","","","","TERAPÊUTICOS"
"","","","","","","","","","","","PROCEDIMENTOS DIAGNÓSTICOS E"
"DERMATOSCOPIA / FOTODERMATOSCOPIA (EXCETO PARA MAPEAMENTO CORPORAL)","","","AMB","HCO","HSO","REF","","","PROCEDIMENTOS","EXAMES ESPECÍFICOS",""
"","","","","","","","","","","","TERAPÊUTICOS"
"","","","","","","","","","","","PROCEDIMENTOS DIAGNÓSTICOS E"
"DOPPLERMETRIA DOS CORDÕES ESPERMÁTICOS","","","AMB","HCO","HSO","REF","","","PROCEDIMENTOS","EXAMES ESPECÍFICOS",""
"","","","","","","","","","","","TERAPÊUTICOS"
