"","RN","","","","","","","","","",""
"PROCEDIMENTO","VIGÊNCIA","OD","AMB","HCO","HSO","REF","PAC","DUT","SUBGRUPO","GRUPO","CAPÍTULO"
"","(alteração)","","","","","","","","","",""
"","","","","","","","","","MÉTODOS INTERVENCIONISTAS","",""
"","","","","","","","","","","","PROCEDIMENTOS DIAGNÓSTICOS E"
"DRENAGEM PERCUTÂNEA ORIENTADA POR IMAGEM","","","AMB","HCO","HSO","REF","PAC","","DIAGNÓSTICOS E TERAPÊUTICOS POR","MÉTODOS DIAGNÓSTICOS POR IMAGEM",""
"","","","","","","","","","","","TERAPÊUTICOS"
"","","","","","","","","","IMAGEM","",""
"","","","","","","","","","MÉTODOS INTERVENCIONISTAS","",""
"","","","","","","","","","","","PROCEDIMENTOS DIAGNÓSTICOS E"
"EMBOLIZAÇÃO ARTERIAL PARA TRATAMENTO DE PRIAPISMO","","","","HCO","HSO","REF","PAC","","DIAGNÓSTICOS E TERAPÊUTICOS POR","MÉTODOS DIAGNÓSTICOS POR IMAGEM",""
"","","","","","","","","","","","TERAPÊUTICOS"
"","","","","","","","","","IMAGEM","",""
"","","","","","","","","","MÉTODOS INTERVENCIONISTAS","",""
"","","","","","","","","","","","PROCEDIMENTOS DIAGNÓSTICOS E"
"EMBOLIZAÇÃO BRÔNQUICA PARA TRATAMENTO DE HEMOPTISE","","","","HCO","HSO","REF","PAC","","DIAGNÓSTICOS E TERAPÊUTICOS POR","MÉTODOS DIAGNÓSTICOS POR IMAGEM",""
"","","","","","","","","","","","TERAPÊUTICOS"
"","","","","","","","","","IMAGEM","",""
"","","","","","","","","","MÉTODOS INTERVENCIONISTAS","",""
"","","","","","","","","","","","PROCEDIMENTOS DIAGNÓSTICOS E"
"EMBOLIZAÇÃO DE ANEURISMA CEREBRAL","","","","HCO","HSO","REF","PAC","","DIAGNÓSTICOS E TERAPÊUTICOS POR","MÉTODOS DIAGNÓSTICOS POR IMAGEM",""
"","","","","","","","","","","","TERAPÊUTICOS"
"","","","","","","","","","IMAGEM","",""
"","","","","","","","","","MÉTODOS INTERVENCIONISTAS","",""
"","","","","","","","","","","","PROCEDIMENTOS DIAGNÓSTICOS E"
"EMBOLIZAÇÃO DE ANEURISMA OU PSEUDOANEURISMA VISCERAL","","","","HCO","HSO","REF","PAC","","DIAGNÓSTICOS E TERAPÊUTICOS POR","MÉTODOS DIAGNÓSTICOS POR IMAGEM",""
"","","","","","","","","","","","TERAPÊUTICOS"
"","","","","","","","","","IMAGEM","",""
"","","","","","","","","","MÉTODOS INTERVENCIONISTAS","",""
"","","","","","","","","","","","PROCEDIMENTOS DIAGNÓSTICOS E"
"EMBOLIZAÇÃO DE ARTÉRIA RENAL PARA NEFRECTOMIA","","","","HCO","HSO","REF","PAC","","DIAGNÓSTICOS E TERAPÊUTICOS POR","MÉTODOS DIAGNÓSTICOS POR IMAGEM",""
"","","","","","","","","","","","TERAPÊUTICOS"
"","","","","","","","","","IMAGEM","",""
"","","","","","","","","","MÉTODOS INTERVENCIONISTAS","",""
"","","","","","","","","","","","PROCEDIMENTOS DIAGNÓSTICOS E"
"EMBOLIZAÇÃO DE ARTÉRIA UTERINA (COM DIRETRIZ DE UTILIZAÇÃO)","","","","HCO","HSO","REF","PAC","23","DIAGNÓSTICOS E TERAPÊUTICOS POR","MÉTODOS DIAGNÓSTICOS POR IMAGEM",""
"","","","","","","","","","","","TERAPÊUTICOS"
"","","","","","","","","","IMAGEM","",""
"","","","","","","","","","MÉTODOS INTERVENCIONISTAS","",""
"","","","","","","","","","","","PROCEDIMENTOS DIAGNÓSTICOS E"
"EMBOLIZAÇÃO DE FÍSTULA ARTERIOVENOSA","","","","HCO","HSO","REF","PAC","","DIAGNÓSTICOS E TERAPÊUTICOS POR","MÉTODOS DIAGNÓSTICOS POR IMAGEM",""
"","","","","","","","","","","","TERAPÊUTICOS"
"","","","","","","","","","IMAGEM","",""
"","","","","","","","","","MÉTODOS INTERVENCIONISTAS","",""
"","","","","","","","","","","","PROCEDIMENTOS DIAGNÓSTICOS E"
"EMBOLIZAÇÃO DE HEMORRAGIA DIGESTIVA","","","","HCO","HSO","REF","PAC","","DIAGNÓSTICOS E TERAPÊUTICOS POR","MÉTODOS DIAGNÓSTICOS POR IMAGEM",""
"","","","","","","","","","","","TERAPÊUTICOS"
"","","","","","","","","","IMAGEM","",""
"","","","","","","","","","MÉTODOS INTERVENCIONISTAS","",""
"","","","","","","","","","","","PROCEDIMENTOS DIAGNÓSTICOS E"
"EMBOLIZAÇÃO DE MALFORMAÇÃO ARTERIOVENOSA CEREBRAL OU MEDULAR","","","","HCO","HSO","REF","PAC","","DIAGNÓSTICOS E TERAPÊUTICOS POR","MÉTODOS DIAGNÓSTICOS POR IMAGEM",""
"","","","","","","","","","","","TERAPÊUTICOS"
"","","","","","","","","","IMAGEM","",""
"","","","","","","","","","MÉTODOS INTERVENCIONISTAS","",""
"","","","","","","","","","","","PROCEDIMENTOS DIAGNÓSTICOS E"
"EMBOLIZAÇÃO DE MALFORMAÇÃO VASCULAR","","","","HCO","HSO","REF","PAC","","DIAGNÓSTICOS E TERAPÊUTICOS POR","MÉTODOS DIAGNÓSTICOS POR IMAGEM",""
"","","","","","","","","","","","TERAPÊUTICOS"
"","","","","","","","","","IMAGEM","",""
"","","","","","","","","","MÉTODOS INTERVENCIONISTAS","",""
"","","","","","","","","","","","PROCEDIMENTOS DIAGNÓSTICOS E"
"EMBOLIZAÇÃO DE PSEUDOANEURISMA","","","","HCO","HSO","REF","PAC","","DIAGNÓSTICOS E TERAPÊUTICOS POR","MÉTODOS DIAGNÓSTICOS POR IMAGEM",""
"","","","","","","","","","","","TERAPÊUTICOS"
"","","","","","","","","","IMAGEM","",""
"","","","","","","","","","MÉTODOS INTERVENCIONISTAS","",""
"","","","","","","","","","","","PROCEDIMENTOS DIAGNÓSTICOS E"
"EMBOLIZAÇÃO DE RAMO PORTAL","","","","HCO","HSO","REF","PAC","","DIAGNÓSTICOS E TERAPÊUTICOS POR","MÉTODOS DIAGNÓSTICOS POR IMAGEM",""
"","","","","","","","","","","","TERAPÊUTICOS"
"","","","","","","","","","IMAGEM","",""
"","","","","","","","","","MÉTODOS INTERVENCIONISTAS","",""
"","","","","","","","","","","","PROCEDIMENTOS DIAGNÓSTICOS E"
"EMBOLIZAÇÃO DE RAMOS HIPOGÁSTRICOS PARA TRATAMENTO DE SANGRAMENTO GINECOLÓGICO","","","","HCO","HSO","REF","PAC","","DIAGNÓSTICOS E TERAPÊUTICOS POR","MÉTODOS DIAGNÓSTICOS POR IMAGEM",""
"","","","","","","","","","","","TERAPÊUTICOS"
"","","","","","","","","","IMAGEM","",""
"","","","","","","","","","MÉTODOS INTERVENCIONISTAS","",""
"","","","","","","","","","","","PROCEDIMENTOS DIAGNÓSTICOS E"
"EMBOLIZAÇÃO DE TUMOR - QUALQUER LOCALIZAÇÃO (EXCETO PARA ARTÉRIA UTERINA)","","","","HCO","HSO","REF","PAC","","DIAGNÓSTICOS E TERAPÊUTICOS POR","MÉTODOS DIAGNÓSTICOS POR IMAGEM",""
"","","","","","","","","","","","TERAPÊUTICOS"
"","","","","","","","","","IMAGEM","",""
"","","","","","","","","","MÉTODOS INTERVENCIONISTAS","",""
"","","","","","","","","","","","PROCEDIMENTOS DIAGNÓSTICOS E"
"EMBOLIZAÇÃO DE VARIZES ESOFAGIANAS OU GÁSTRICAS","","","","HCO","HSO","REF","PAC","","DIAGNÓSTICOS E TERAPÊUTICOS POR","MÉTODOS DIAGNÓSTICOS POR IMAGEM",""
"","","","","","","","","","","","TERAPÊUTICOS"
"","","","","","","","","","IMAGEM","",""
"","","","","","","","","","MÉTODOS INTERVENCIONISTAS","",""
"","","","","","","","","","","","PROCEDIMENTOS DIAGNÓSTICOS E"
"EMBOLIZAÇÃO DE VEIA ESPERMÁTICA PARA TRATAMENTO DE VARICOCELE","","","","HCO","HSO","REF","PAC","","DIAGNÓSTICOS E TERAPÊUTICOS POR","MÉTODOS DIAGNÓSTICOS POR IMAGEM",""
"","","","","","","","","","","","TERAPÊUTICOS"
"","","","","","","","","","IMAGEM","",""
"","","","","","","","","","MÉTODOS INTERVENCIONISTAS","",""
"","","","","","","","","","","","PROCEDIMENTOS DIAGNÓSTICOS E"
"EMBOLIZAÇÃO ESPLÊNICA PARA TRATAMENTO DE HIPERESPLENISMO OU OUTRA SITUAÇÃO","","","","HCO","HSO","REF","PAC","","DIAGNÓSTICOS E TERAPÊUTICOS POR","MÉTODOS DIAGNÓSTICOS POR IMAGEM",""
"","","","","","","","","","","","TERAPÊUTICOS"
"","","","","","","","","","IMAGEM","",""
"","","","","","","","","","MÉTODOS INTERVENCIONISTAS","",""
"","","","","","","","","","","","PROCEDIMENTOS DIAGNÓSTICOS E"
"EMBOLIZAÇÃO PARA TRATAMENTO DE EPISTAXE","","","","HCO","HSO","REF","PAC","","DIAGNÓSTICOS E TERAPÊUTICOS POR","MÉTODOS DIAGNÓSTICOS POR IMAGEM",""
"","","","","","","","","","","","TERAPÊUTICOS"
"","","","","","","","","","IMAGEM","",""
