"","RN","","","","","","","","","",""
"PROCEDIMENTO","VIGÊNCIA","OD","AMB","HCO","HSO","REF","PAC","DUT","SUBGRUPO","GRUPO","CAPÍTULO"
"","(alteração)","","","","","","","","","",""
"","","","","","","","","","","PROCEDIMENTOS CLÍNICOS AMBULATORIAIS","PROCEDIMENTOS CLÍNICOS AMBULATORIAIS"
"BETATERAPIA","","","AMB","HCO","HSO","REF","PAC","TERAPÊUTICA","","",""
"","","","","","","","","","","E HOSPITALARES","E HOSPITALARES"
"","","","","","","","","","","PROCEDIMENTOS CLÍNICOS AMBULATORIAIS","PROCEDIMENTOS CLÍNICOS AMBULATORIAIS"
"CARDIOVERSÃO QUÍMICA DE ARRITMIA PAROXÍSTA","","","AMB","HCO","HSO","REF","","TERAPÊUTICA","","",""
"","","","","","","","","","","E HOSPITALARES","E HOSPITALARES"
"","","","","","","","","","","PROCEDIMENTOS CLÍNICOS AMBULATORIAIS","PROCEDIMENTOS CLÍNICOS AMBULATORIAIS"
"CATETERISMO VESICAL","","","AMB","HCO","HSO","REF","","TERAPÊUTICA","","",""
"","","","","","","","","","","E HOSPITALARES","E HOSPITALARES"
"","","","","","","","","","","PROCEDIMENTOS CLÍNICOS AMBULATORIAIS","PROCEDIMENTOS CLÍNICOS AMBULATORIAIS"
"CERUMEN - REMOÇÃO","","","AMB","HCO","HSO","REF","","TERAPÊUTICA","","",""
"","","","","","","","","","","E HOSPITALARES","E HOSPITALARES"
"","","","","","","","","","","PROCEDIMENTOS CLÍNICOS AMBULATORIAIS","PROCEDIMENTOS CLÍNICOS AMBULATORIAIS"
"CRIOTERAPIA","","","AMB","HCO","HSO","REF","","TERAPÊUTICA","","",""
"","","","","","","","","","","E HOSPITALARES","E HOSPITALARES"
"","","","","","","","","","","PROCEDIMENTOS CLÍNICOS AMBULATORIAIS","PROCEDIMENTOS CLÍNICOS AMBULATORIAIS"
"CURATIVOS EM GERAL COM OU SEM ANESTESIA","","","AMB","HCO","HSO","REF","","TERAPÊUTICA","","",""
"","","","","","","","","","","E HOSPITALARES","E HOSPITALARES"
"","","","","","","","","","","PROCEDIMENTOS CLÍNICOS AMBULATORIAIS","PROCEDIMENTOS CLÍNICOS AMBULATORIAIS"
"DILATAÇÃO URETRAL","","","AMB","HCO","HSO","REF","","TERAPÊUTICA","","",""
"","","","","","","","","","","E HOSPITALARES","E HOSPITALARES"
"","","","","","","","","","","PROCEDIMENTOS CLÍNICOS AMBULATORIAIS","PROCEDIMENTOS CLÍNICOS AMBULATORIAIS"
"DESSENSIBILIZAÇÃO DENTÁRIA","","OD","","","","","","TERAPÊUTICA","","",""
"","","","","","","","","","","E HOSPITALARES","E HOSPITALARES"
"","","","","","","","","","","PROCEDIMENTOS CLÍNICOS AMBULATORIAIS","PROCEDIMENTOS CLÍNICOS AMBULATORIAIS"
"ESTIMULAÇÃO ELÉTRICA TRANSCUTÂNEA (COM DIRETRIZ DE UTILIZAÇÃO)","","","AMB","HCO","HSO","REF","","24
TERAPÊUTICA","","",""
"","","","","","","","","","","E HOSPITALARES","E HOSPITALARES"
"","","","","","","","","","","PROCEDIMENTOS CLÍNICOS AMBULATORIAIS","PROCEDIMENTOS CLÍNICOS AMBULATORIAIS"
"FOTOTERAPIA COM UVA (PUVA) PARA TRATAMENTO DE PSORÍASE OU VITILIGO","","","AMB","","","REF","PAC","TERAPÊUTICA","","",""
"","","","","","","","","","","E HOSPITALARES","E HOSPITALARES"
"","","","","","","","","","","PROCEDIMENTOS CLÍNICOS AMBULATORIAIS","PROCEDIMENTOS CLÍNICOS AMBULATORIAIS"
"INSTILAÇÃO VESICAL OU URETRAL","","","AMB","HCO","HSO","REF","","TERAPÊUTICA","","",""
"","","","","","","","","","","E HOSPITALARES","E HOSPITALARES"
"","","","","","","","","","","PROCEDIMENTOS CLÍNICOS AMBULATORIAIS","PROCEDIMENTOS CLÍNICOS AMBULATORIAIS"
"LESÕES MÚSCULO TENDINOSAS - TRATAMENTO INCRUENTO","","","AMB","HCO","HSO","REF","","TERAPÊUTICA","","",""
"","","","","","","","","","","E HOSPITALARES","E HOSPITALARES"
"","","","","","","","","","","PROCEDIMENTOS CLÍNICOS AMBULATORIAIS","PROCEDIMENTOS CLÍNICOS AMBULATORIAIS"
"PLANEJAMENTO TÉCNICO DA IMUNOTERAPIA ALÉRGENO INESPECÍFICA","","","AMB","HCO","HSO","REF","","TERAPÊUTICA","","",""
"","","","","","","","","","","E HOSPITALARES","E HOSPITALARES"
"","","","","","","","","","","PROCEDIMENTOS CLÍNICOS AMBULATORIAIS","PROCEDIMENTOS CLÍNICOS AMBULATORIAIS"
"PLANEJAMENTO TÉCNICO DA IMUNOTERAPIA ALÉRGENO-ESPECÍFICA","","","AMB","HCO","HSO","REF","","TERAPÊUTICA","","",""
"","","","","","","","","","","E HOSPITALARES","E HOSPITALARES"
"","","","","","","","","","","PROCEDIMENTOS CLÍNICOS AMBULATORIAIS","PROCEDIMENTOS CLÍNICOS AMBULATORIAIS"
"PRIAPISMO - TRATAMENTO NÃO CIRÚRGICO","","","AMB","HCO","HSO","REF","","TERAPÊUTICA","","",""
"","","","","","","","","","","E HOSPITALARES","E HOSPITALARES"
"","","","","","","","","","","PROCEDIMENTOS CLÍNICOS AMBULATORIAIS","PROCEDIMENTOS CLÍNICOS AMBULATORIAIS"
"PULSOTERAPIA","","","AMB","HCO","HSO","REF","","TERAPÊUTICA","","",""
"","","","","","","","","","","E HOSPITALARES","E HOSPITALARES"
"","","","","","","","","","","PROCEDIMENTOS CLÍNICOS AMBULATORIAIS","PROCEDIMENTOS CLÍNICOS AMBULATORIAIS"
"OXIGENOTERAPIA HIPERBÁRICA (COM DIRETRIZ DE UTILIZAÇÃO)","","","","HCO","HSO","REF","PAC","58
TERAPÊUTICA","","",""
"","","","","","","","","","","E HOSPITALARES","E HOSPITALARES"
"","","","","","","","","","","PROCEDIMENTOS CLÍNICOS AMBULATORIAIS","PROCEDIMENTOS CLÍNICOS AMBULATORIAIS"
"REDUÇÃO DE LUXAÇÃO DA ATM (COM DIRETRIZ DE UTILIZAÇÃO)","","OD","AMB","HCO","HSO","REF","","96
TERAPÊUTICA","","",""
"","","","","","","","","","","E HOSPITALARES","E HOSPITALARES"
"","","","","","","","","","","PROCEDIMENTOS CLÍNICOS AMBULATORIAIS","PROCEDIMENTOS CLÍNICOS AMBULATORIAIS"
"REMINERALIZAÇÃO DENTÁRIA","","OD","","","","","","TERAPÊUTICA","","",""
"","","","","","","","","","","E HOSPITALARES","E HOSPITALARES"
