"","RN","","","","","","","","","","",""
"PROCEDIMENTO","VIGÊNCIA","OD","AMB","HCO","HSO","REF","PAC","DUT","","SUBGRUPO","GRUPO","CAPÍTULO"
"","(alteração)","","","","","","","","","","",""
"COLECTOMIA COM OU SEM COLOSTOMIA POR VIDEOLAPAROSCOPIA","","","","HCO","HSO","REF","","","INTESTINOS","","SISTEMA DIGESTIVO E ANEXOS","PROCEDIMENTOS CIRÚRGICOS E INVASIVOS"
"COLECTOMIA COM ÍLEO-RETO-ANASTOMOSE","","","","HCO","HSO","REF","","","INTESTINOS","","SISTEMA DIGESTIVO E ANEXOS","PROCEDIMENTOS CIRÚRGICOS E INVASIVOS"
"COLECTOMIA COM ILEOSTOMIA","","","","HCO","HSO","REF","","","INTESTINOS","","SISTEMA DIGESTIVO E ANEXOS","PROCEDIMENTOS CIRÚRGICOS E INVASIVOS"
"COLECTOMIA COM ILEOSTOMIA POR VIDEOLAPAROSCOPIA","","","","HCO","HSO","REF","","","INTESTINOS","","SISTEMA DIGESTIVO E ANEXOS","PROCEDIMENTOS CIRÚRGICOS E INVASIVOS"
"COLECTOMIA COM ÍLEO-RETO-ANASTOMOSE POR VIDEOLAPAROSCOPIA","","","","HCO","HSO","REF","","","INTESTINOS","","SISTEMA DIGESTIVO E ANEXOS","PROCEDIMENTOS CIRÚRGICOS E INVASIVOS"
"COLOCAÇÃO DE SONDA ENTERAL","","","","HCO","HSO","REF","","","INTESTINOS","","SISTEMA DIGESTIVO E ANEXOS","PROCEDIMENTOS CIRÚRGICOS E INVASIVOS"
"COLOSTOMIA OU ENTEROSTOMIA - CONFECÇÃO / FECHAMENTO","","","","HCO","HSO","REF","","","INTESTINOS","","SISTEMA DIGESTIVO E ANEXOS","PROCEDIMENTOS CIRÚRGICOS E INVASIVOS"
"COLOTOMIA E COLORRAFIA","","","","HCO","HSO","REF","","","INTESTINOS","","SISTEMA DIGESTIVO E ANEXOS","PROCEDIMENTOS CIRÚRGICOS E INVASIVOS"
"DESTORÇÃO DE VOLVO POR LAPAROTOMIA OU POR VIA ENDOSCÓPICA","","","","HCO","HSO","REF","","","INTESTINOS","","SISTEMA DIGESTIVO E ANEXOS","PROCEDIMENTOS CIRÚRGICOS E INVASIVOS"
"DISTORÇÃO DE VOLVO POR VIDEOLAPAROSCOPIA","","","","HCO","HSO","REF","","","INTESTINOS","","SISTEMA DIGESTIVO E ANEXOS","PROCEDIMENTOS CIRÚRGICOS E INVASIVOS"
"DIVERTÍCULO DE MECKEL - EXÉRESE","","","","HCO","HSO","REF","","","INTESTINOS","","SISTEMA DIGESTIVO E ANEXOS","PROCEDIMENTOS CIRÚRGICOS E INVASIVOS"
"DIVERTÍCULO DE MECKEL - EXÉRESE POR VIDEOLAPAROSCOPIA","","","","HCO","HSO","REF","","","INTESTINOS","","SISTEMA DIGESTIVO E ANEXOS","PROCEDIMENTOS CIRÚRGICOS E INVASIVOS"
"DUPLICAÇÃO DO TUBO DIGESTIVO - TRATAMENTO CIRÚRGICO","","","","HCO","HSO","REF","","","INTESTINOS","","SISTEMA DIGESTIVO E ANEXOS","PROCEDIMENTOS CIRÚRGICOS E INVASIVOS"
"ENTERECTOMIA","","","","HCO","HSO","REF","","","INTESTINOS","","SISTEMA DIGESTIVO E ANEXOS","PROCEDIMENTOS CIRÚRGICOS E INVASIVOS"
"ENTERECTOMIA POR VIDEOLAPAROSCOPIA","","","","HCO","HSO","REF","","","INTESTINOS","","SISTEMA DIGESTIVO E ANEXOS","PROCEDIMENTOS CIRÚRGICOS E INVASIVOS"
"ENTERO-ANASTOMOSE","","","","HCO","HSO","REF","","","INTESTINOS","","SISTEMA DIGESTIVO E ANEXOS","PROCEDIMENTOS CIRÚRGICOS E INVASIVOS"
"ENTERO-ANASTOMOSE POR VIDEOLAPAROSCOPIA","","","","HCO","HSO","REF","","","INTESTINOS","","SISTEMA DIGESTIVO E ANEXOS","PROCEDIMENTOS CIRÚRGICOS E INVASIVOS"
"ENTEROCOLITE NECROTIZANTE - TRATAMENTO CIRÚRGICO","","","","HCO","HSO","REF","","","INTESTINOS","","SISTEMA DIGESTIVO E ANEXOS","PROCEDIMENTOS CIRÚRGICOS E INVASIVOS"
"ENTEROPEXIA","","","","HCO","HSO","REF","","","INTESTINOS","","SISTEMA DIGESTIVO E ANEXOS","PROCEDIMENTOS CIRÚRGICOS E INVASIVOS"
