"(RN 465/2021, vigente a partir de 01/04/2021, e suas alterações)","","","","","","","","","","","",""
"","RN","","","","","","","","","","",""
"PROCEDIMENTO","","VIGÊNCIA","OD","AMB","HCO","HSO","REF","PAC","DUT","SUBGRUPO","GRUPO","CAPÍTULO"
"","(alteração)","","","","","","","","","","",""
"","","","","","","","","","","","","PROCEDIMENTOS DIAGNÓSTICOS E"
"HIV, GENOTIPAGEM (COM DIRETRIZ DE UTILIZAÇÃO)","","","","AMB","HCO","HSO","REF","PAC","31","BIOLOGIA MOLECULAR","PROCEDIMENTOS LABORATORIAIS",""
"","","","","","","","","","","","","TERAPÊUTICOS"
"","465/2021","01/04/2021","","","","","","","","","","PROCEDIMENTOS DIAGNÓSTICOS E"
"HLA B27, FENOTIPAGEM/GENOTIPAGEM (COM DIRETRIZ DE UTILIZAÇÃO)","","","","AMB","HCO","HSO","REF","PAC","32","BIOLOGIA MOLECULAR","PROCEDIMENTOS LABORATORIAIS",""
"","625/2024","23/12/2024","","","","","","","","","","TERAPÊUTICOS"
"","","","","","","","","","","","","PROCEDIMENTOS DIAGNÓSTICOS E"
"HPV - TIPAGEM POR PCR","","","","AMB","HCO","HSO","REF","PAC","","BIOLOGIA MOLECULAR","PROCEDIMENTOS LABORATORIAIS",""
"","","","","","","","","","","","","TERAPÊUTICOS"
"","","","","","","","","","","","","PROCEDIMENTOS DIAGNÓSTICOS E"
"HPV (VÍRUS DO PAPILOMA HUMANO) - DETECÇÃO DO DNA POR TÉCNICAS DE HIBRIDIZAÇÃO","","","","AMB","HCO","HSO","REF","PAC","","BIOLOGIA MOLECULAR","PROCEDIMENTOS LABORATORIAIS",""
"","","","","","","","","","","","","TERAPÊUTICOS"
"","","","","","","","","","","","","PROCEDIMENTOS DIAGNÓSTICOS E"
"HTLV-I, POR PCR","","","","AMB","HCO","HSO","REF","PAC","","BIOLOGIA MOLECULAR","PROCEDIMENTOS LABORATORIAIS",""
"","","","","","","","","","","","","TERAPÊUTICOS"
"","","","","","","","","","","","","PROCEDIMENTOS DIAGNÓSTICOS E"
"MYCOBACTERIUM TUBERCULOSIS, DETECÇÃO POR PCR","","","","AMB","HCO","HSO","REF","PAC","","BIOLOGIA MOLECULAR","PROCEDIMENTOS LABORATORIAIS",""
"","","","","","","","","","","","","TERAPÊUTICOS"
"","","","","","","","","","","","","PROCEDIMENTOS DIAGNÓSTICOS E"
"MYCOBACTERIUM LEPRAE (BACILO DE HANSEN), DETECÇÃO DE RESISTÊNCIA A ANTIBIÓTICOS POR PCR","480/2022","02/07/2022","","AMB","HCO","HSO","REF","","","BIOLOGIA MOLECULAR","PROCEDIMENTOS LABORATORIAIS",""
"","","","","","","","","","","","","TERAPÊUTICOS"
"","","","","","","","","","","","","PROCEDIMENTOS DIAGNÓSTICOS E"
"MYCOBACTERIUM LEPRAE (BACILO DE HANSEN), PESQUISA PCR EM TEMPO REAL","480/2022","02/07/2022","","AMB","HCO","HSO","REF","","","BIOLOGIA MOLECULAR","PROCEDIMENTOS LABORATORIAIS",""
"","","","","","","","","","","","","TERAPÊUTICOS"
"","","","","","","","","","","","","PROCEDIMENTOS DIAGNÓSTICOS E"
"PCR EM TEMPO REAL PARA INFLUENZA A E B (COM DIRETRIZ DE UTILIZAÇÃO)","","","","AMB","HCO","HSO","REF","","129","BIOLOGIA MOLECULAR","PROCEDIMENTOS LABORATORIAIS",""
"","","","","","","","","","","","","TERAPÊUTICOS"
"","","","","","","","","","","","","PROCEDIMENTOS DIAGNÓSTICOS E"
"PCR EM TEMPO REAL PARA VÍRUS SINCICIAL RESPIRATÓRIO (COM DIRETRIZ DE UTILIZAÇÃO)","","","","AMB","HCO","HSO","REF","","131","BIOLOGIA MOLECULAR","PROCEDIMENTOS LABORATORIAIS",""
"","","","","","","","","","","","","TERAPÊUTICOS"
"","","","","","","","","","","","","PROCEDIMENTOS DIAGNÓSTICOS E"
"PROTEÍNA S TOTAL + LIVRE, DOSAGEM","","","","AMB","HCO","HSO","REF","PAC","","BIOLOGIA MOLECULAR","PROCEDIMENTOS LABORATORIAIS",""
"","","","","","","","","","","","","TERAPÊUTICOS"
"","","","","","","","","","","","","PROCEDIMENTOS DIAGNÓSTICOS E"
"SARS-CoV-2 (CORONAVÍRUS COVID-19) - PESQUISA POR RT - PCR (COM DIRETRIZ DE UTILIZAÇÃO)","","","","AMB","HCO","HSO","REF","","126","BIOLOGIA MOLECULAR","PROCEDIMENTOS LABORATORIAIS",""
"","","","","","","","","","","","","TERAPÊUTICOS"
"","","","","","","","","","","","","PROCEDIMENTOS DIAGNÓSTICOS E"
"TESTE DE HIBRIDIZAÇÃO COM SONDA EM LINHA (LPA 1ª LINHA) (COM DIRETRIZ DE UTILIZAÇÃO)","619/2024","02/01/2025","","AMB","HCO","HSO","REF","","168","BIOLOGIA MOLECULAR","PROCEDIMENTOS LABORATORIAIS",""
"","","","","","","","","","","","","TERAPÊUTICOS"
"","","","","","","","","","","","","PROCEDIMENTOS DIAGNÓSTICOS E"
"TESTE DE HIBRIDIZAÇÃO COM SONDA EM LINHA (LPA 2ª LINHA) (COM DIRETRIZ DE UTILIZAÇÃO)","619/2024","02/01/2025","","AMB","HCO","HSO","REF","","169","BIOLOGIA MOLECULAR","PROCEDIMENTOS LABORATORIAIS",""
"","","","","","","","","","","","","TERAPÊUTICOS"
"TESTE PARA DETECÇÃO DO VÍRUS MONKEYPOX (MPXV) POR BIOLOGIA MOLECULAR","","","","","","","","","","","","PROCEDIMENTOS DIAGNÓSTICOS E"
"","544/2022","21/09/2022","","AMB","HCO","HSO","REF","","157","BIOLOGIA MOLECULAR","PROCEDIMENTOS LABORATORIAIS",""
"(COM DIRETRIZ DE UTILIZAÇÃO","","","","","","","","","","","","TERAPÊUTICOS"
"","","","","","","","","","","","","PROCEDIMENTOS DIAGNÓSTICOS E"
"TOXOPLASMOSE - PESQUISA EM LÍQUIDO AMINIÓTICO POR PCR (COM DIRETRIZ DE UTILIZAÇÃO)","","","","AMB","HCO","HSO","REF","PAC","125","BIOLOGIA MOLECULAR","PROCEDIMENTOS LABORATORIAIS",""
"","","","","","","","","","","","","TERAPÊUTICOS"
"","","","","","","","","","","","","PROCEDIMENTOS DIAGNÓSTICOS E"
"VÍRUS ZIKA - POR PCR (COM DIRETRIZ DE UTILIZAÇÃO)","","","","AMB","HCO","HSO","REF","","111","BIOLOGIA MOLECULAR","PROCEDIMENTOS LABORATORIAIS",""
"","","","","","","","","","","","","TERAPÊUTICOS"
"","","","","","","","","","","","","PROCEDIMENTOS DIAGNÓSTICOS E"
"TRANSFUSÃO AMBULATORIAL","","","","AMB","HCO","HSO","REF","","","TRANSFUSÃO","MEDICINA TRANSFUSIONAL",""
"","","","","","","","","","","","","TERAPÊUTICOS"
"","","","","","","","","","","","","PROCEDIMENTOS DIAGNÓSTICOS E"
"TRANSFUSÃO HOSPITALAR","","","","AMB","HCO","HSO","REF","","","TRANSFUSÃO","MEDICINA TRANSFUSIONAL",""
"","","","","","","","","","","","","TERAPÊUTICOS"
