"","RN","","","","","","","","","",""
"PROCEDIMENTO","VIGÊNCIA","OD","AMB","HCO","HSO","REF","PAC","DUT","SUBGRUPO","GRUPO","CAPÍTULO"
"","(alteração)","","","","","","","","","",""
"","","","","","","","","","BIOQUÍMICA (SANGUE, URINA E OUTROS","","PROCEDIMENTOS DIAGNÓSTICOS E"
"LÍTIO","","","AMB","HCO","HSO","REF","","","","PROCEDIMENTOS LABORATORIAIS",""
"","","","","","","","","","MATERIAIS)","","TERAPÊUTICOS"
"","","","","","","","","","BIOQUÍMICA (SANGUE, URINA E OUTROS","","PROCEDIMENTOS DIAGNÓSTICOS E"
"MAGNÉSIO","","","AMB","HCO","HSO","REF","","","","PROCEDIMENTOS LABORATORIAIS",""
"","","","","","","","","","MATERIAIS)","","TERAPÊUTICOS"
"","","","","","","","","","BIOQUÍMICA (SANGUE, URINA E OUTROS","","PROCEDIMENTOS DIAGNÓSTICOS E"
"MALTOSE, TESTE DE TOLERÂNCIA","","","AMB","HCO","HSO","REF","","","","PROCEDIMENTOS LABORATORIAIS",""
"","","","","","","","","","MATERIAIS)","","TERAPÊUTICOS"
"","","","","","","","","","BIOQUÍMICA (SANGUE, URINA E OUTROS","","PROCEDIMENTOS DIAGNÓSTICOS E"
"MICOBACTÉRIA - TESTE DE SENSIBILIDADE A DROGAS MIC, POR DROGA TESTADA","","","AMB","HCO","HSO","REF","","","","PROCEDIMENTOS LABORATORIAIS",""
"","","","","","","","","","MATERIAIS)","","TERAPÊUTICOS"
"","","","","","","","","","BIOQUÍMICA (SANGUE, URINA E OUTROS","","PROCEDIMENTOS DIAGNÓSTICOS E"
"MIOGLOBINA","","","AMB","HCO","HSO","REF","","","","PROCEDIMENTOS LABORATORIAIS",""
"","","","","","","","","","MATERIAIS)","","TERAPÊUTICOS"
"","","","","","","","","","BIOQUÍMICA (SANGUE, URINA E OUTROS","","PROCEDIMENTOS DIAGNÓSTICOS E"
"MUCOPOLISSACARIDOSE, PESQUISA","","","AMB","HCO","HSO","REF","","","","PROCEDIMENTOS LABORATORIAIS",""
"","","","","","","","","","MATERIAIS)","","TERAPÊUTICOS"
"","","","","","","","","","BIOQUÍMICA (SANGUE, URINA E OUTROS","","PROCEDIMENTOS DIAGNÓSTICOS E"
"OCITOCINASE","","","AMB","HCO","HSO","REF","","","","PROCEDIMENTOS LABORATORIAIS",""
"","","","","","","","","","MATERIAIS)","","TERAPÊUTICOS"
"","","","","","","","","","BIOQUÍMICA (SANGUE, URINA E OUTROS","","PROCEDIMENTOS DIAGNÓSTICOS E"
"OSMOLALIDADE","","","AMB","HCO","HSO","REF","","","","PROCEDIMENTOS LABORATORIAIS",""
"","","","","","","","","","MATERIAIS)","","TERAPÊUTICOS"
"","","","","","","","","","BIOQUÍMICA (SANGUE, URINA E OUTROS","","PROCEDIMENTOS DIAGNÓSTICOS E"
"PAPP-A","","","AMB","HCO","HSO","REF","","","","PROCEDIMENTOS LABORATORIAIS",""
"","","","","","","","","","MATERIAIS)","","TERAPÊUTICOS"
"","","","","","","","","","BIOQUÍMICA (SANGUE, URINA E OUTROS","","PROCEDIMENTOS DIAGNÓSTICOS E"
"PARACETAMOL (ACETAMINOFENO)","","","AMB","HCO","HSO","REF","","","","PROCEDIMENTOS LABORATORIAIS",""
"","","","","","","","","","MATERIAIS)","","TERAPÊUTICOS"
"","","","","","","","","","BIOQUÍMICA (SANGUE, URINA E OUTROS","","PROCEDIMENTOS DIAGNÓSTICOS E"
"PEPTÍDEO NATRIURÉTICO","","","AMB","HCO","HSO","REF","","","","PROCEDIMENTOS LABORATORIAIS",""
"","","","","","","","","","MATERIAIS)","","TERAPÊUTICOS"
"PERFIL LIPÍDICO / LIPIDOGRAMA (LÍPIDIOS TOTAIS, COLESTEROL, TRIGLICERÍDIOS E ELETROFORESE","","","","","","","","","BIOQUÍMICA (SANGUE, URINA E OUTROS","","PROCEDIMENTOS DIAGNÓSTICOS E"
"","","","AMB","HCO","HSO","REF","","","","PROCEDIMENTOS LABORATORIAIS",""
"LIPOPROTEÍNAS) - PESQUISA E/OU DOSAGEM","","","","","","","","","MATERIAIS)","","TERAPÊUTICOS"
"","","","","","","","","","BIOQUÍMICA (SANGUE, URINA E OUTROS","","PROCEDIMENTOS DIAGNÓSTICOS E"
"PIRUVATO QUINASE","","","AMB","HCO","HSO","REF","","","","PROCEDIMENTOS LABORATORIAIS",""
"","","","","","","","","","MATERIAIS)","","TERAPÊUTICOS"
"","","","","","","","","","BIOQUÍMICA (SANGUE, URINA E OUTROS","","PROCEDIMENTOS DIAGNÓSTICOS E"
"PORFIRINAS, FRACIONAMENTO","","","AMB","HCO","HSO","REF","","","","PROCEDIMENTOS LABORATORIAIS",""
"","","","","","","","","","MATERIAIS)","","TERAPÊUTICOS"
"","","","","","","","","","BIOQUÍMICA (SANGUE, URINA E OUTROS","","PROCEDIMENTOS DIAGNÓSTICOS E"
"POTÁSSIO","","","AMB","HCO","HSO","REF","","","","PROCEDIMENTOS LABORATORIAIS",""
"","","","","","","","","","MATERIAIS)","","TERAPÊUTICOS"
"","","","","","","","","","BIOQUÍMICA (SANGUE, URINA E OUTROS","","PROCEDIMENTOS DIAGNÓSTICOS E"
"PRÉ-ALBUMINA","","","AMB","HCO","HSO","REF","","","","PROCEDIMENTOS LABORATORIAIS",""
"","","","","","","","","","MATERIAIS)","","TERAPÊUTICOS"
"","","","","","","","","","BIOQUÍMICA (SANGUE, URINA E OUTROS","","PROCEDIMENTOS DIAGNÓSTICOS E"
"PROCALCITONINA, DOSAGEM (COM DIRETRIZ DE UTILIZAÇÃO)","","","AMB","HCO","HSO","REF","","127","","PROCEDIMENTOS LABORATORIAIS",""
"","","","","","","","","","MATERIAIS)","","TERAPÊUTICOS"
"","","","","","","","","","BIOQUÍMICA (SANGUE, URINA E OUTROS","","PROCEDIMENTOS DIAGNÓSTICOS E"
"PROTEÍNAS TOTAIS","","","AMB","HCO","HSO","REF","","","","PROCEDIMENTOS LABORATORIAIS",""
"","","","","","","","","","MATERIAIS)","","TERAPÊUTICOS"
"","","","","","","","","","BIOQUÍMICA (SANGUE, URINA E OUTROS","","PROCEDIMENTOS DIAGNÓSTICOS E"
"PROVA IMUNOALÉRGICAS PARA BACTÉRIAS (POR ANTÍGENOS)","","","AMB","HCO","HSO","REF","","","","PROCEDIMENTOS LABORATORIAIS",""
"","","","","","","","","","MATERIAIS)","","TERAPÊUTICOS"
