"","RN","","","","","","","","","",""
"PROCEDIMENTO","VIGÊNCIA","OD","AMB","HCO","HSO","REF","PAC","DUT","SUBGRUPO","GRUPO","CAPÍTULO"
"","(alteração)","","","","","","","","","",""
"","","","","","","","","","","PROCEDIMENTOS CLÍNICOS AMBULATORIAIS","PROCEDIMENTOS CLÍNICOS AMBULATORIAIS"
"REABILITAÇÃO LABIRÍNTICA","","","AMB","HCO","HSO","REF","","REABILITAÇÃO","","",""
"","","","","","","","","","","E HOSPITALARES","E HOSPITALARES"
"","","","","","","","","","","PROCEDIMENTOS CLÍNICOS AMBULATORIAIS","PROCEDIMENTOS CLÍNICOS AMBULATORIAIS"
"REABILITAÇÃO PERINEAL/VESICO-URETRAL COM OU SEM BIOFEEDBACK","","","AMB","HCO","HSO","REF","","REABILITAÇÃO","","",""
"","","","","","","","","","","E HOSPITALARES","E HOSPITALARES"
"","","","","","","","","","","PROCEDIMENTOS CLÍNICOS AMBULATORIAIS","PROCEDIMENTOS CLÍNICOS AMBULATORIAIS"
"REEDUACAÇÃO E REABILITAÇÃO DE QUEIMADOS PARA PREVENÇÃO DE SEQUELAS","","","AMB","HCO","HSO","REF","","REABILITAÇÃO","","",""
"","","","","","","","","","","E HOSPITALARES","E HOSPITALARES"
"","","","","","","","","","","PROCEDIMENTOS CLÍNICOS AMBULATORIAIS","PROCEDIMENTOS CLÍNICOS AMBULATORIAIS"
"REEDUCAÇÃO E REABILITAÇÃO CARDIOVASCULAR","","","AMB","HCO","HSO","REF","","REABILITAÇÃO","","",""
"","","","","","","","","","","E HOSPITALARES","E HOSPITALARES"
"","","","","","","","","","","PROCEDIMENTOS CLÍNICOS AMBULATORIAIS","PROCEDIMENTOS CLÍNICOS AMBULATORIAIS"
"REEDUCAÇÃO E REABILITAÇÃO DO SISTEMA LINFÁTICO E/OU VASCULAR PERIFÉRICO","","","AMB","HCO","HSO","REF","","REABILITAÇÃO","","",""
"","","","","","","","","","","E HOSPITALARES","E HOSPITALARES"
"REEDUCAÇÃO E REABILITAÇÃO DO SISTEMA MÚSCULO-ESQUELÉTICO POR DISTÚRBIOS CONGÊNITOS OU","","","","","","","","","","PROCEDIMENTOS CLÍNICOS AMBULATORIAIS","PROCEDIMENTOS CLÍNICOS AMBULATORIAIS"
"","","","AMB","HCO","HSO","REF","","REABILITAÇÃO","","",""
"REUMÁTICOS","","","","","","","","","","E HOSPITALARES","E HOSPITALARES"
"","","","","","","","","","","PROCEDIMENTOS CLÍNICOS AMBULATORIAIS","PROCEDIMENTOS CLÍNICOS AMBULATORIAIS"
"REEDUCAÇÃO E REABILITAÇÃO NEUROLÓGICA","","","AMB","HCO","HSO","REF","","REABILITAÇÃO","","",""
"","","","","","","","","","","E HOSPITALARES","E HOSPITALARES"
"","","","","","","","","","","PROCEDIMENTOS CLÍNICOS AMBULATORIAIS","PROCEDIMENTOS CLÍNICOS AMBULATORIAIS"
"REEDUCAÇÃO E REABILITAÇÃO NEURO-MÚSCULO-ESQUELÉTICA","","","AMB","HCO","HSO","REF","","REABILITAÇÃO","","",""
"","","","","","","","","","","E HOSPITALARES","E HOSPITALARES"
"","","","","","","","","","","PROCEDIMENTOS CLÍNICOS AMBULATORIAIS","PROCEDIMENTOS CLÍNICOS AMBULATORIAIS"
"REEDUCAÇÃO E REABILITAÇÃO NO RETARDO DO DESENVOLVIMENTO PSICOMOTOR","","","AMB","HCO","HSO","REF","","REABILITAÇÃO","","",""
"","","","","","","","","","","E HOSPITALARES","E HOSPITALARES"
"","","","","","","","","","","PROCEDIMENTOS CLÍNICOS AMBULATORIAIS","PROCEDIMENTOS CLÍNICOS AMBULATORIAIS"
"REEDUCAÇÃO E REABILITAÇÃO RESPIRATÓRIA","","","AMB","HCO","HSO","REF","","REABILITAÇÃO","","",""
"","","","","","","","","","","E HOSPITALARES","E HOSPITALARES"
"REEDUCAÇÃO E REABILITAÇÃO TRAUMATO-ORTOPÉDICA (EXCLUI TÉCNICAS CINESIOTERÁPICAS","","","","","","","","","","PROCEDIMENTOS CLÍNICOS AMBULATORIAIS","PROCEDIMENTOS CLÍNICOS AMBULATORIAIS"
"","","","AMB","HCO","HSO","REF","","REABILITAÇÃO","","",""
"ESPECÍFICAS)","","","","","","","","","","E HOSPITALARES","E HOSPITALARES"
"","","","","","","","","","","PROCEDIMENTOS CLÍNICOS AMBULATORIAIS","PROCEDIMENTOS CLÍNICOS AMBULATORIAIS"
"REEDUCAÇÃO E/OU REABILITAÇÃO DE DISTÚRBIOS CRÂNIO-FACIAIS","","","AMB","HCO","HSO","REF","","REABILITAÇÃO","","",""
"","","","","","","","","","","E HOSPITALARES","E HOSPITALARES"
"","","","","","","","","","","PROCEDIMENTOS CLÍNICOS AMBULATORIAIS","PROCEDIMENTOS CLÍNICOS AMBULATORIAIS"
"REEDUCAÇÃO E/OU REABILITAÇÃO NOS PROCESSOS INFLAMATÓRIOS PÉLVICOS","","","AMB","HCO","HSO","REF","","REABILITAÇÃO","","",""
"","","","","","","","","","","E HOSPITALARES","E HOSPITALARES"
"","","","","","","","","","","PROCEDIMENTOS CLÍNICOS AMBULATORIAIS","PROCEDIMENTOS CLÍNICOS AMBULATORIAIS"
"ACTINOTERAPIA","","","AMB","HCO","HSO","REF","","TERAPÊUTICA","","",""
"","","","","","","","","","","E HOSPITALARES","E HOSPITALARES"
"","","","","","","","","","","PROCEDIMENTOS CLÍNICOS AMBULATORIAIS","PROCEDIMENTOS CLÍNICOS AMBULATORIAIS"
"APLICAÇÃO DE CARIOSTÁTICO (COM DIRETRIZ DE UTILIZAÇÃO)","","OD","","","","","","79
TERAPÊUTICA","","",""
"","","","","","","","","","","E HOSPITALARES","E HOSPITALARES"
"","","","","","","","","","","PROCEDIMENTOS CLÍNICOS AMBULATORIAIS","PROCEDIMENTOS CLÍNICOS AMBULATORIAIS"
"APLICAÇÃO DE HIPOSSENSIBILIZANTE","","","AMB","HCO","HSO","REF","","TERAPÊUTICA","","",""
"","","","","","","","","","","E HOSPITALARES","E HOSPITALARES"
"","","","","","","","","","","PROCEDIMENTOS CLÍNICOS AMBULATORIAIS","PROCEDIMENTOS CLÍNICOS AMBULATORIAIS"
"APLICAÇÃO DE SELANTE (COM DIRETRIZ DE UTILIZAÇÃO)","","OD","","","","","","80
TERAPÊUTICA","","",""
"","","","","","","","","","","E HOSPITALARES","E HOSPITALARES"
"","","","","","","","","","","PROCEDIMENTOS CLÍNICOS AMBULATORIAIS","PROCEDIMENTOS CLÍNICOS AMBULATORIAIS"
"APLICAÇÃO TÓPICA DE FLÚOR","","OD","","","","","","TERAPÊUTICA","","",""
"","","","","","","","","","","E HOSPITALARES","E HOSPITALARES"
"","","","","","","","","","","PROCEDIMENTOS CLÍNICOS AMBULATORIAIS","PROCEDIMENTOS CLÍNICOS AMBULATORIAIS"
"APLICAÇÃO TÓPICA DE VERNIZ FLUORETADO","","OD","","","","","","TERAPÊUTICA","","",""
"","","","","","","","","","","E HOSPITALARES","E HOSPITALARES"
