"","RN","","","","","","","","","",""
"PROCEDIMENTO","VIGÊNCIA","OD","AMB","HCO","HSO","REF","PAC","DUT","SUBGRUPO","GRUPO","CAPÍTULO"
"","(alteração)","","","","","","","","","",""
"","","","","","","","","","","","PROCEDIMENTOS DIAGNÓSTICOS E"
"CRYPTOSPORIDIUM, PESQUISA","","","AMB","HCO","HSO","REF","","","MICROBIOLOGIA","PROCEDIMENTOS LABORATORIAIS",""
"","","","","","","","","","","","TERAPÊUTICOS"
"","","","","","","","","","","","PROCEDIMENTOS DIAGNÓSTICOS E"
"CULTURA BACTERIANA (EM DIVERSOS MATERIAIS BIOLÓGICOS)","","","AMB","HCO","HSO","REF","","","MICROBIOLOGIA","PROCEDIMENTOS LABORATORIAIS",""
"","","","","","","","","","","","TERAPÊUTICOS"
"","","","","","","","","","","","PROCEDIMENTOS DIAGNÓSTICOS E"
"CULTURA BACTERIANA QUANTITATIVA (EM DIVERSOS MATERIAIS BIOLÓGICOS)","","","AMB","HCO","HSO","REF","","","MICROBIOLOGIA","PROCEDIMENTOS LABORATORIAIS",""
"","","","","","","","","","","","TERAPÊUTICOS"
"CULTURA DE FEZES, INCLUI PROCEDIMENTOS PARA ISOLAMENTO E IDENTIFICAÇÃO DE: SALMONELLA,","","","","","","","","","","",""
"","","","","","","","","","","","PROCEDIMENTOS DIAGNÓSTICOS E"
"SHIGELLA, ESCHERICHIA COLI (ENTEROPATOGÊNICA, ENTEROINVASORA E ENTERO-HEMORRÁGICA) E","","","AMB","HCO","HSO","REF","","","MICROBIOLOGIA","PROCEDIMENTOS LABORATORIAIS",""
"","","","","","","","","","","","TERAPÊUTICOS"
"CAMPYLOBACTER","","","","","","","","","","",""
"","","","","","","","","","","","PROCEDIMENTOS DIAGNÓSTICOS E"
"CULTURA DE URINA COM CONTAGEM DE COLÔNIAS","","","AMB","HCO","HSO","REF","","","MICROBIOLOGIA","PROCEDIMENTOS LABORATORIAIS",""
"","","","","","","","","","","","TERAPÊUTICOS"
"","","","","","","","","","","","PROCEDIMENTOS DIAGNÓSTICOS E"
"CULTURA PARA BACTÉRIAS ANAERÓBICAS","","","AMB","HCO","HSO","REF","","","MICROBIOLOGIA","PROCEDIMENTOS LABORATORIAIS",""
"","","","","","","","","","","","TERAPÊUTICOS"
"","","","","","","","","","","","PROCEDIMENTOS DIAGNÓSTICOS E"
"CULTURA PARA BACTÉRIAS COM SISTEMA AUTOMATIZADO DE IDENTIFICAÇÃO BACTERIANA","","","AMB","HCO","HSO","REF","","","MICROBIOLOGIA","PROCEDIMENTOS LABORATORIAIS",""
"","","","","","","","","","","","TERAPÊUTICOS"
"","","","","","","","","","","","PROCEDIMENTOS DIAGNÓSTICOS E"
"CULTURA PARA FUNGOS","","","AMB","HCO","HSO","REF","","","MICROBIOLOGIA","PROCEDIMENTOS LABORATORIAIS",""
"","","","","","","","","","","","TERAPÊUTICOS"
"","","","","","","","","","","","PROCEDIMENTOS DIAGNÓSTICOS E"
"CULTURA PARA MICOBACTÉRIAS","","","AMB","HCO","HSO","REF","","","MICROBIOLOGIA","PROCEDIMENTOS LABORATORIAIS",""
"","","","","","","","","","","","TERAPÊUTICOS"
"CULTURA PARA VÍRUS: ENTEROVÍRUS, HERPESVÍRUS, VÍRUS INFLUENZA A & B, VÍRUS PARAINFLUENZA TIPOS","","","","","","","","","","","PROCEDIMENTOS DIAGNÓSTICOS E"
"","","","AMB","HCO","HSO","REF","","","MICROBIOLOGIA","PROCEDIMENTOS LABORATORIAIS",""
"1, 2, 3, ADENOVÍRUS, VÍRUS VARICELA-ZOSTER, CITOMEGALOVÍRUS, E VÍRUS SINCICIAL RESPIRATÓRIO","","","","","","","","","","","TERAPÊUTICOS"
"","","","","","","","","","","","PROCEDIMENTOS DIAGNÓSTICOS E"
"ESTREPTOCOCO DO GRUPO A, DETECÇÃO RÁPIDA DE ANTÍGENO","","","AMB","HCO","HSO","REF","","","MICROBIOLOGIA","PROCEDIMENTOS LABORATORIAIS",""
"","","","","","","","","","","","TERAPÊUTICOS"
"","","","","","","","","","","","PROCEDIMENTOS DIAGNÓSTICOS E"
"EXAME MICROSCÓPICO DIRETO","","","AMB","HCO","HSO","REF","","","MICROBIOLOGIA","PROCEDIMENTOS LABORATORIAIS",""
"","","","","","","","","","","","TERAPÊUTICOS"
"","","","","","","","","","","","PROCEDIMENTOS DIAGNÓSTICOS E"
"FILÁRIA, PESQUISA","","","AMB","HCO","HSO","REF","","","MICROBIOLOGIA","PROCEDIMENTOS LABORATORIAIS",""
"","","","","","","","","","","","TERAPÊUTICOS"
"","","","","","","","","","","","PROCEDIMENTOS DIAGNÓSTICOS E"
"FUNGOS, EXAME MICROSCÓPICO DIRETO","","","AMB","HCO","HSO","REF","","","MICROBIOLOGIA","PROCEDIMENTOS LABORATORIAIS",""
"","","","","","","","","","","","TERAPÊUTICOS"
"","","","","","","","","","","","PROCEDIMENTOS DIAGNÓSTICOS E"
"HEMOCULTURA AUTOMATIZADA PARA BACTÉRIAS","","","AMB","HCO","HSO","REF","","","MICROBIOLOGIA","PROCEDIMENTOS LABORATORIAIS",""
"","","","","","","","","","","","TERAPÊUTICOS"
"","","","","","","","","","","","PROCEDIMENTOS DIAGNÓSTICOS E"
"HEMOCULTURA PARA BACTÉRIAS","","","AMB","HCO","HSO","REF","","","MICROBIOLOGIA","PROCEDIMENTOS LABORATORIAIS",""
"","","","","","","","","","","","TERAPÊUTICOS"
"","","","","","","","","","","","PROCEDIMENTOS DIAGNÓSTICOS E"
"LEISHMANIA, PESQUISA","","","AMB","HCO","HSO","REF","","","MICROBIOLOGIA","PROCEDIMENTOS LABORATORIAIS",""
"","","","","","","","","","","","TERAPÊUTICOS"
"","","","","","","","","","","","PROCEDIMENTOS DIAGNÓSTICOS E"
"LEPTOSPIRA, MICROSCOPIA DE CAMPO ESCURO","","","AMB","HCO","HSO","REF","","","MICROBIOLOGIA","PROCEDIMENTOS LABORATORIAIS",""
"","","","","","","","","","","","TERAPÊUTICOS"
"","","","","","","","","","","","PROCEDIMENTOS DIAGNÓSTICOS E"
"MICOPLASMA E UREAPLASMA, CULTURA","","","AMB","HCO","HSO","REF","","","MICROBIOLOGIA","PROCEDIMENTOS LABORATORIAIS",""
"","","","","","","","","","","","TERAPÊUTICOS"
