"","RN","","","","","","","","","",""
"PROCEDIMENTO","VIGÊNCIA","OD","AMB","HCO","HSO","REF","PAC","DUT","SUBGRUPO","GRUPO","CAPÍTULO"
"","(alteração)","","","","","","","","","",""
"","","","","","","","","","","","PROCEDIMENTOS DIAGNÓSTICOS E"
"ULTRASSONOGRAFIA OBSTÉTRICA MORFOLÓGICA (COM DIRETRIZ DE UTILIZAÇÃO)","","","AMB","HCO","","REF","","75","ULTRASSONOGRAFIA DIAGNÓSTICA","MÉTODOS DIAGNÓSTICOS POR IMAGEM",""
"","","","","","","","","","","","TERAPÊUTICOS"
"","","","","","","","","","","","PROCEDIMENTOS DIAGNÓSTICOS E"
"ULTRASSONOGRAFIA OBSTÉTRICA: PERFIL BIOFÍSICO FETAL","","","AMB","HCO","","REF","","","ULTRASSONOGRAFIA DIAGNÓSTICA","MÉTODOS DIAGNÓSTICOS POR IMAGEM",""
"","","","","","","","","","","","TERAPÊUTICOS"
"","","","","","","","","","","","PROCEDIMENTOS DIAGNÓSTICOS E"
"ULTRASSONOGRAFIA - PEÇA CIRÚGICA","","","AMB","HCO","","REF","","","ULTRASSONOGRAFIA DIAGNÓSTICA","MÉTODOS DIAGNÓSTICOS POR IMAGEM",""
"","","","","","","","","","","","TERAPÊUTICOS"
"","","","","","","","","","","","PROCEDIMENTOS DIAGNÓSTICOS E"
"ULTRASSONOGRAFIA TORÁCICA EXTRACARDÍACA","","","AMB","HCO","HSO","REF","","","ULTRASSONOGRAFIA DIAGNÓSTICA","MÉTODOS DIAGNÓSTICOS POR IMAGEM",""
"","","","","","","","","","","","TERAPÊUTICOS"
"","","","","","","","","","","","PROCEDIMENTOS DIAGNÓSTICOS E"
"ULTRASSONOGRAFIA TRANSVAGINAL (INCLUI ABDOME INFERIOR FEMININO)","","","AMB","HCO","HSO","REF","","","ULTRASSONOGRAFIA DIAGNÓSTICA","MÉTODOS DIAGNÓSTICOS POR IMAGEM",""
"","","","","","","","","","","","TERAPÊUTICOS"
"","","","","","","","","","","","PROCEDIMENTOS DIAGNÓSTICOS E"
"ULTRASSONOGRAFIA TRANSVAGINAL PARA CONTROLE DE OVULAÇÃO (INCLUI ABDOME INFERIOR FEMININO)","","","AMB","HCO","HSO","REF","","","ULTRASSONOGRAFIA DIAGNÓSTICA","MÉTODOS DIAGNÓSTICOS POR IMAGEM",""
"","","","","","","","","","","","TERAPÊUTICOS"
"","","","","","","","","","","","PROCEDIMENTOS DIAGNÓSTICOS E"
"DOPPLER COLORIDO INTRA-OPERATÓRIO","","","","HCO","HSO","REF","","","ULTRASSONOGRAFIA INTERVENCIONISTA","MÉTODOS DIAGNÓSTICOS POR IMAGEM",""
"","","","","","","","","","","","TERAPÊUTICOS"
"","","","","","","","","","","","PROCEDIMENTOS DIAGNÓSTICOS E"
"ECODOPPLERCARDIOGRAMA TRANSOPERATÓRIO - TRANSESOFÁGICO OU EPICÁRDICO","","","AMB","HCO","HSO","REF","","","ULTRASSONOGRAFIA INTERVENCIONISTA","MÉTODOS DIAGNÓSTICOS POR IMAGEM",""
"","","","","","","","","","","","TERAPÊUTICOS"
"","","","","","","","","","","","PROCEDIMENTOS DIAGNÓSTICOS E"
"PUNÇÃO ASPIRATIVA ORIENTADA POR US","","","AMB","HCO","HSO","REF","","","ULTRASSONOGRAFIA INTERVENCIONISTA","MÉTODOS DIAGNÓSTICOS POR IMAGEM",""
"","","","","","","","","","","","TERAPÊUTICOS"
"","","","","","","","","","","","PROCEDIMENTOS DIAGNÓSTICOS E"
"PUNÇÃO VASCULAR ORIENTADA POR US","","","AMB","HCO","HSO","REF","","","ULTRASSONOGRAFIA INTERVENCIONISTA","MÉTODOS DIAGNÓSTICOS POR IMAGEM",""
"","","","","","","","","","","","TERAPÊUTICOS"
"","","","","","","","","","","","PROCEDIMENTOS DIAGNÓSTICOS E"
"REDUÇÃO DE INVAGINAÇÃO INTESTINAL POR ENEMA, ORIENTADA POR US","","","AMB","HCO","HSO","REF","PAC","","ULTRASSONOGRAFIA INTERVENCIONISTA","MÉTODOS DIAGNÓSTICOS POR IMAGEM",""
"","","","","","","","","","","","TERAPÊUTICOS"
"","","","","","","","","","","","PROCEDIMENTOS DIAGNÓSTICOS E"
"ULTRASSONOGRAFIA TRANSRETAL COM BIÓPSIA","","","","HCO","HSO","REF","PAC","","ULTRASSONOGRAFIA INTERVENCIONISTA","MÉTODOS DIAGNÓSTICOS POR IMAGEM",""
"","","","","","","","","","","","TERAPÊUTICOS"
"","","","","","","","","","","","PROCEDIMENTOS DIAGNÓSTICOS E"
"ULTRASSONOGRAFIA OBSTÉTRICA (COM AMNIOCENTESE, BIÓPSIA OU PUNÇÃO ASPIRATIVA)","","","AMB","HCO","","REF","","","ULTRASSONOGRAFIA INTERVENCIONISTA","MÉTODOS DIAGNÓSTICOS POR IMAGEM",""
"","","","","","","","","","","","TERAPÊUTICOS"
"ANGIOTOMOGRAFIA (CRÂNIO, PESCOÇO, TÓRAX, ABDOME SUPERIOR OU PELVE) - ARTERIAL OU VENOSA","","","","","","","","","","","PROCEDIMENTOS DIAGNÓSTICOS E"
"","","","AMB","HCO","HSO","REF","PAC","","TOMOGRAFIA COMPUTADORIZADA","MÉTODOS DIAGNÓSTICOS POR IMAGEM",""
"(EXCLUI TOMOGRAFIA MULTISLICE)","","","","","","","","","","","TERAPÊUTICOS"
"","","","","","","","","","","","PROCEDIMENTOS DIAGNÓSTICOS E"
"ANGIOTOMOGRAFIA ARTERIAL DE MEMBRO INFERIOR (COM DIRETRIZ DE UTILIZAÇÃO)","","","AMB","HCO","HSO","REF","PAC","116","TOMOGRAFIA COMPUTADORIZADA","MÉTODOS DIAGNÓSTICOS POR IMAGEM",""
"","","","","","","","","","","","TERAPÊUTICOS"
"","","","","","","","","","","","PROCEDIMENTOS DIAGNÓSTICOS E"
"ANGIOTOMOGRAFIA DE AORTA ABDOMINAL","","","AMB","HCO","HSO","REF","PAC","","TOMOGRAFIA COMPUTADORIZADA","MÉTODOS DIAGNÓSTICOS POR IMAGEM",""
"","","","","","","","","","","","TERAPÊUTICOS"
"","","","","","","","","","","","PROCEDIMENTOS DIAGNÓSTICOS E"
"ANGIOTOMOGRAFIA DE AORTA TORÁCICA","","","AMB","HCO","HSO","REF","PAC","","TOMOGRAFIA COMPUTADORIZADA","MÉTODOS DIAGNÓSTICOS POR IMAGEM",""
"","","","","","","","","","","","TERAPÊUTICOS"
"","","","","","","","","","","","PROCEDIMENTOS DIAGNÓSTICOS E"
"ANGIOTOMOGRAFIA CORONARIANA (COM DIRETRIZ DE UTILIZAÇÃO)","","","AMB","HCO","HSO","REF","PAC","3","TOMOGRAFIA COMPUTADORIZADA","MÉTODOS DIAGNÓSTICOS POR IMAGEM",""
"","","","","","","","","","","","TERAPÊUTICOS"
"","","","","","","","","","","","PROCEDIMENTOS DIAGNÓSTICOS E"
"TOMOGRAFIA COMPUTADORIZADA DE ABDOME SUPERIOR","","","AMB","HCO","HSO","REF","PAC","","TOMOGRAFIA COMPUTADORIZADA","MÉTODOS DIAGNÓSTICOS POR IMAGEM",""
"","","","","","","","","","","","TERAPÊUTICOS"
