"","RN","","","","","","","","","",""
"PROCEDIMENTO","VIGÊNCIA","OD","AMB","HCO","HSO","REF","PAC","DUT","SUBGRUPO","GRUPO","CAPÍTULO"
"","(alteração)","","","","","","","","","",""
"ABLAÇÃO PERCUTÂNEA POR RADIOFREQUÊNCIA OU MICROONDAS DE METÁSTASES HEPÁTICAS DE CÂNCER","","","","","","","","","","",""
"","604/2023
07/05/2024","","","","","","","","","",""
"COLORRETAL GUIADA POR ULTRASSONOGRAFIA E/OU TOMOGRAFIA COMPUTADORIZADA (COM DIRETRIZ DE","","","","HCO","HSO","REF","","164","FÍGADO E VIAS BILIARES","SISTEMA DIGESTIVO E ANEXOS","PROCEDIMENTOS CIRÚRGICOS E INVASIVOS"
"","610/2024
01/08/2024","","","","","","","","","",""
"UTILIZAÇÃO)","","","","","","","","","","",""
"ABLAÇÃO PERCUTÂNEA POR RADIOFREQUÊNCIA OU MICROONDAS DE METÁSTASES HEPÁTICAS DE CÂNCER","604/2023
07/05/2024","","","","","","","","","",""
"","","","","HCO","HSO","REF","","164","FÍGADO E VIAS BILIARES","SISTEMA DIGESTIVO E ANEXOS","PROCEDIMENTOS CIRÚRGICOS E INVASIVOS"
"COLORRETAL POR LAPAROTOMIA (COM DIRETRIZ DE UTILIZAÇÃO)","610/2024
01/08/2024","","","","","","","","","",""
"ABLAÇÃO PERCUTÂNEA POR RADIOFREQUÊNCIA OU MICROONDAS DE METÁSTASES HEPÁTICAS DE CÂNCER","604/2023
07/05/2024","","","","","","","","","",""
"","","","","HCO","HSO","REF","","164","FÍGADO E VIAS BILIARES","SISTEMA DIGESTIVO E ANEXOS","PROCEDIMENTOS CIRÚRGICOS E INVASIVOS"
"COLORRETAL POR VIDEOLAPAROSCOPIA (COM DIRETRIZ DE UTILIZAÇÃO)","610/2024
01/08/2024","","","","","","","","","",""
"RESSECÇÃO DE CISTO HEPÁTICO COM OU SEM HEPATECTOMIA","","","","HCO","HSO","REF","","","FÍGADO E VIAS BILIARES","SISTEMA DIGESTIVO E ANEXOS","PROCEDIMENTOS CIRÚRGICOS E INVASIVOS"
"RESSECÇÃO DE CISTO HEPÁTICO COM OU SEM HEPATECTOMIA POR VIDEOLAPAROSCOPIA","","","","HCO","HSO","REF","","","FÍGADO E VIAS BILIARES","SISTEMA DIGESTIVO E ANEXOS","PROCEDIMENTOS CIRÚRGICOS E INVASIVOS"
"RESSECÇÃO DE TUMOR DE VESÍCULA OU DA VIA BILIAR COM OU SEM HEPATECTOMIA","","","","HCO","HSO","REF","","","FÍGADO E VIAS BILIARES","SISTEMA DIGESTIVO E ANEXOS","PROCEDIMENTOS CIRÚRGICOS E INVASIVOS"
"SEGMENTECTOMIA HEPÁTICA","","","","HCO","HSO","REF","","","FÍGADO E VIAS BILIARES","SISTEMA DIGESTIVO E ANEXOS","PROCEDIMENTOS CIRÚRGICOS E INVASIVOS"
"SEQUESTRECTOMIA HEPÁTICA","","","","HCO","HSO","REF","","","FÍGADO E VIAS BILIARES","SISTEMA DIGESTIVO E ANEXOS","PROCEDIMENTOS CIRÚRGICOS E INVASIVOS"
"TRATAMENTO CIRÚRGICO DE ESTENOSE CICATRICIAL DAS VIAS BILIARES","","","","HCO","HSO","REF","","","FÍGADO E VIAS BILIARES","SISTEMA DIGESTIVO E ANEXOS","PROCEDIMENTOS CIRÚRGICOS E INVASIVOS"
"TRISSEGMENTECTOMIAS","","","","HCO","HSO","REF","","","FÍGADO E VIAS BILIARES","SISTEMA DIGESTIVO E ANEXOS","PROCEDIMENTOS CIRÚRGICOS E INVASIVOS"
"BIÓPSIA DE PÂNCREAS","","","","HCO","HSO","REF","","","PÂNCREAS","SISTEMA DIGESTIVO E ANEXOS","PROCEDIMENTOS CIRÚRGICOS E INVASIVOS"
"BIÓPSIA DE PÂNCREAS POR PUNÇÃO DIRIGIDA","","","","HCO","HSO","REF","","","PÂNCREAS","SISTEMA DIGESTIVO E ANEXOS","PROCEDIMENTOS CIRÚRGICOS E INVASIVOS"
"ENUCLEAÇÃO DE TUMORES PANCREÁTICOS","","","","HCO","HSO","REF","","","PÂNCREAS","SISTEMA DIGESTIVO E ANEXOS","PROCEDIMENTOS CIRÚRGICOS E INVASIVOS"
"ENUCLEAÇÃO DE TUMORES PANCREÁTICOS POR VIDEOLAPAROSCOPIA","","","","HCO","HSO","REF","","","PÂNCREAS","SISTEMA DIGESTIVO E ANEXOS","PROCEDIMENTOS CIRÚRGICOS E INVASIVOS"
"PANCREATECTOMIA PARCIAL OU TOTAL / SEQUESTRECTOMIA","","","","HCO","HSO","REF","","","PÂNCREAS","SISTEMA DIGESTIVO E ANEXOS","PROCEDIMENTOS CIRÚRGICOS E INVASIVOS"
"PANCREATECTOMIA CORPO CAUDAL COM PRESERVAÇÃO DO BAÇO","","","","HCO","HSO","REF","","","PÂNCREAS","SISTEMA DIGESTIVO E ANEXOS","PROCEDIMENTOS CIRÚRGICOS E INVASIVOS"
"PANCREATO-DUODENECTOMIA COM LINFADENECTOMIA","","","","HCO","HSO","REF","","","PÂNCREAS","SISTEMA DIGESTIVO E ANEXOS","PROCEDIMENTOS CIRÚRGICOS E INVASIVOS"
"PANCREATO-ENTEROSTOMIA","","","","HCO","HSO","REF","","","PÂNCREAS","SISTEMA DIGESTIVO E ANEXOS","PROCEDIMENTOS CIRÚRGICOS E INVASIVOS"
"PANCREATORRAFIA","","","","HCO","HSO","REF","","","PÂNCREAS","SISTEMA DIGESTIVO E ANEXOS","PROCEDIMENTOS CIRÚRGICOS E INVASIVOS"
