"","RN","","","","","","","","","",""
"PROCEDIMENTO","VIGÊNCIA","OD","AMB","HCO","HSO","REF","PAC","DUT","SUBGRUPO","GRUPO","CAPÍTULO"
"","(alteração)","","","","","","","","","",""
"","","","","","","","","","ENDOSCOPIA DIAGNÓSTICA OU","","PROCEDIMENTOS DIAGNÓSTICOS E"
"ENTEROSCOPIA","","","AMB","HCO","HSO","REF","","","","ENDOSCÓPICOS",""
"","","","","","","","","","INTERVENCIONISTA","","TERAPÊUTICOS"
"","","","","","","","","","ENDOSCOPIA DIAGNÓSTICA OU","","PROCEDIMENTOS DIAGNÓSTICOS E"
"ENTEROSCOPIA DO INTESTINO DELGADO COM CÁPSULA ENDOSCÓPICA (COM DIRETRIZ DE UTILIZAÇÃO)","","","AMB","HCO","HSO","REF","","141","","ENDOSCÓPICOS",""
"","","","","","","","","","INTERVENCIONISTA","","TERAPÊUTICOS"
"","","","","","","","","","ENDOSCOPIA DIAGNÓSTICA OU","","PROCEDIMENTOS DIAGNÓSTICOS E"
"ESCLEROSE DE VARIZES DE ESÔFAGO, ESTÔMAGO OU DUODENO","","","AMB","HCO","HSO","REF","","","","ENDOSCÓPICOS",""
"","","","","","","","","","INTERVENCIONISTA","","TERAPÊUTICOS"
"","","","","","","","","","ENDOSCOPIA DIAGNÓSTICA OU","","PROCEDIMENTOS DIAGNÓSTICOS E"
"ESTENOSTOMIA ENDOSCÓPICA","","","AMB","HCO","HSO","REF","","","","ENDOSCÓPICOS",""
"","","","","","","","","","INTERVENCIONISTA","","TERAPÊUTICOS"
"","","","","","","","","","ENDOSCOPIA DIAGNÓSTICA OU","","PROCEDIMENTOS DIAGNÓSTICOS E"
"GASTROSTOMIA ENDOSCÓPICA","","","","HCO","HSO","REF","","","","ENDOSCÓPICOS",""
"","","","","","","","","","INTERVENCIONISTA","","TERAPÊUTICOS"
"","","","","","","","","","ENDOSCOPIA DIAGNÓSTICA OU","","PROCEDIMENTOS DIAGNÓSTICOS E"
"HEMOSTASIA MECÂNICA E/OU TÉRMICA DO ESÔFAGO, ESTÔMAGO OU DUODENO","","","","HCO","HSO","REF","","","","ENDOSCÓPICOS",""
"","","","","","","","","","INTERVENCIONISTA","","TERAPÊUTICOS"
"","","","","","","","","","ENDOSCOPIA DIAGNÓSTICA OU","","PROCEDIMENTOS DIAGNÓSTICOS E"
"HEMOSTASIA TÉRMICA POR ENDOSCOPIA","","","","HCO","HSO","REF","","","","ENDOSCÓPICOS",""
"","","","","","","","","","INTERVENCIONISTA","","TERAPÊUTICOS"
"","","","","","","","","","ENDOSCOPIA DIAGNÓSTICA OU","","PROCEDIMENTOS DIAGNÓSTICOS E"
"HEMOSTASIAS DE CÓLON","","","","HCO","HSO","REF","","","","ENDOSCÓPICOS",""
"","","","","","","","","","INTERVENCIONISTA","","TERAPÊUTICOS"
"","","","","","","","","","ENDOSCOPIA DIAGNÓSTICA OU","","PROCEDIMENTOS DIAGNÓSTICOS E"
"HISTEROSCOPIA DIAGNÓSTICA COM OU SEM BIÓPSIA","","","AMB","HCO","HSO","REF","","","","ENDOSCÓPICOS",""
"","","","","","","","","","INTERVENCIONISTA","","TERAPÊUTICOS"
"","","","","","","","","","ENDOSCOPIA DIAGNÓSTICA OU","","PROCEDIMENTOS DIAGNÓSTICOS E"
"INTRODUÇÃO DE PRÓTESE NO ESÔFAGO","","","AMB","HCO","HSO","REF","","","","ENDOSCÓPICOS",""
"","","","","","","","","","INTERVENCIONISTA","","TERAPÊUTICOS"
"","","","","","","","","","ENDOSCOPIA DIAGNÓSTICA OU","","PROCEDIMENTOS DIAGNÓSTICOS E"
"JEJUNOSTOMIA ENDOSCÓPICA","","","","HCO","HSO","REF","","","","ENDOSCÓPICOS",""
"","","","","","","","","","INTERVENCIONISTA","","TERAPÊUTICOS"
"","","","","","","","","","ENDOSCOPIA DIAGNÓSTICA OU","","PROCEDIMENTOS DIAGNÓSTICOS E"
"LAPAROSCOPIA","","","","HCO","HSO","REF","","","","ENDOSCÓPICOS",""
"","","","","","","","","","INTERVENCIONISTA","","TERAPÊUTICOS"
"","","","","","","","","","ENDOSCOPIA DIAGNÓSTICA OU","","PROCEDIMENTOS DIAGNÓSTICOS E"
"LARINGOSCOPIA COM RETIRADA DE CORPO ESTRANHO DE LARINGE/FARINGE (TUBO FLEXÍVEL)","","","","HCO","HSO","REF","","","","ENDOSCÓPICOS",""
"","","","","","","","","","INTERVENCIONISTA","","TERAPÊUTICOS"
"","","","","","","","","","ENDOSCOPIA DIAGNÓSTICA OU","","PROCEDIMENTOS DIAGNÓSTICOS E"
"LARINGOSCOPIA/TRAQUEOSCOPIA COM DILATAÇÃO DE ESTENOSE","","","AMB","HCO","HSO","REF","","","","ENDOSCÓPICOS",""
"","","","","","","","","","INTERVENCIONISTA","","TERAPÊUTICOS"
"","","","","","","","","","ENDOSCOPIA DIAGNÓSTICA OU","","PROCEDIMENTOS DIAGNÓSTICOS E"
"LARINGOSCOPIA/TRAQUEOSCOPIA COM LASER PARA EXÉRESE DE PAPILOMA/TUMOR","","","AMB","HCO","HSO","REF","","","","ENDOSCÓPICOS",""
"","","","","","","","","","INTERVENCIONISTA","","TERAPÊUTICOS"
"LARINGOSCOPIA/TRAQUEOSCOPIA COM OU SEM MICROSCOPIA PARA RETIRADA DE","","","","","","","","","ENDOSCOPIA DIAGNÓSTICA OU","","PROCEDIMENTOS DIAGNÓSTICOS E"
"","","","","HCO","HSO","REF","","","","ENDOSCÓPICOS",""
"PÓLIPO/NÓDULO/PAPILOMA","","","","","","","","","INTERVENCIONISTA","","TERAPÊUTICOS"
"","","","","","","","","","ENDOSCOPIA DIAGNÓSTICA OU","","PROCEDIMENTOS DIAGNÓSTICOS E"
"LARINGOSCOPIA/TRAQUEOSCOPIA PARA DIAGNÓSTICO E BIÓPSIA (TUBO RÍGIDO OU FLEXÌVEL)","","","AMB","HCO","HSO","REF","","","","ENDOSCÓPICOS",""
"","","","","","","","","","INTERVENCIONISTA","","TERAPÊUTICOS"
"","","","","","","","","","ENDOSCOPIA DIAGNÓSTICA OU","","PROCEDIMENTOS DIAGNÓSTICOS E"
"LARINGOSCOPIA/TRAQUEOSCOPIA PARA INTUBAÇÃO ORO OU NASOTRAQUEAL","","","AMB","HCO","HSO","REF","","","","ENDOSCÓPICOS",""
"","","","","","","","","","INTERVENCIONISTA","","TERAPÊUTICOS"
"","","","","","","","","","ENDOSCOPIA DIAGNÓSTICA OU","","PROCEDIMENTOS DIAGNÓSTICOS E"
"LIGADURA ELÁSTICA DO ESÔFAGO, ESTÔMAGO OU DUODENO","","","AMB","HCO","HSO","REF","","","","ENDOSCÓPICOS",""
"","","","","","","","","","INTERVENCIONISTA","","TERAPÊUTICOS"
