"","RN","","","","","","","","","",""
"PROCEDIMENTO","VIGÊNCIA","OD","AMB","HCO","HSO","REF","PAC","DUT","SUBGRUPO","GRUPO","CAPÍTULO"
"","(alteração)","","","","","","","","","",""
"","","","","","","","","","","","PROCEDIMENTOS DIAGNÓSTICOS E"
"EREÇÃO FÁRMACO-INDUZIDA","","","AMB","HCO","HSO","REF","","","PROCEDIMENTOS","EXAMES ESPECÍFICOS",""
"","","","","","","","","","","","TERAPÊUTICOS"
"","","","","","","","","","","","PROCEDIMENTOS DIAGNÓSTICOS E"
"ESPIROMETRIA FORÇADA - VOLUMES E FLUXOS MÁXIMOS (COM/SEM Bd)","","","AMB","HCO","HSO","REF","","","PROCEDIMENTOS","EXAMES ESPECÍFICOS",""
"","","","","","","","","","","","TERAPÊUTICOS"
"","","","","","","","","","","","PROCEDIMENTOS DIAGNÓSTICOS E"
"ESTÉREO-FOTO DE PAPILA","","","AMB","HCO","HSO","REF","","","PROCEDIMENTOS","EXAMES ESPECÍFICOS",""
"","","","","","","","","","","","TERAPÊUTICOS"
"","","","","","","","","","","","PROCEDIMENTOS DIAGNÓSTICOS E"
"ESTESIOMETRIA","","","AMB","HCO","HSO","REF","","","PROCEDIMENTOS","EXAMES ESPECÍFICOS",""
"","","","","","","","","","","","TERAPÊUTICOS"
"","","","","","","","","","","","PROCEDIMENTOS DIAGNÓSTICOS E"
"EXAME A FRESCO DO CONTEÚDO VAGINAL E CERVICAL","","","AMB","HCO","HSO","REF","","","PROCEDIMENTOS","EXAMES ESPECÍFICOS",""
"","","","","","","","","","","","TERAPÊUTICOS"
"","","","","","","","","","","","PROCEDIMENTOS DIAGNÓSTICOS E"
"EXAME DE MOTILIDADE OCULAR - TESTE ORTÓPTICO","","","AMB","HCO","HSO","REF","","","PROCEDIMENTOS","EXAMES ESPECÍFICOS",""
"","","","","","","","","","","","TERAPÊUTICOS"
"","","","","","","","","","","","PROCEDIMENTOS DIAGNÓSTICOS E"
"EXAME MICOLÓGICO - CULTURA E IDENTIFICAÇÃO DE COLÔNIA","","","AMB","HCO","HSO","REF","","","PROCEDIMENTOS","EXAMES ESPECÍFICOS",""
"","","","","","","","","","","","TERAPÊUTICOS"
"","","","","","","","","","","","PROCEDIMENTOS DIAGNÓSTICOS E"
"EXAME MICOLÓGICO DIRETO","","","AMB","HCO","HSO","REF","","","PROCEDIMENTOS","EXAMES ESPECÍFICOS",""
"","","","","","","","","","","","TERAPÊUTICOS"
"","","","","","","","","","","","PROCEDIMENTOS DIAGNÓSTICOS E"
"GONIOSCOPIA OCULAR","","","AMB","HCO","HSO","REF","","","PROCEDIMENTOS","EXAMES ESPECÍFICOS",""
"","","","","","","","","","","","TERAPÊUTICOS"
"","","","","","","","","","","","PROCEDIMENTOS DIAGNÓSTICOS E"
"INVESTIGAÇÃO ULTRASSÔNICA COM REGISTRO GRÁFICO (QUALQUER ÁREA)","","","AMB","HCO","HSO","REF","","","PROCEDIMENTOS","EXAMES ESPECÍFICOS",""
"","","","","","","","","","","","TERAPÊUTICOS"
"","","","","","","","","","","","PROCEDIMENTOS DIAGNÓSTICOS E"
"INVESTIGAÇÃO ULTRASSÔNICA COM TESTE DE STRESS E COM REGISTRO GRÁFICO","","","AMB","HCO","HSO","REF","","","PROCEDIMENTOS","EXAMES ESPECÍFICOS",""
"","","","","","","","","","","","TERAPÊUTICOS"
"","","","","","","","","","","","PROCEDIMENTOS DIAGNÓSTICOS E"
"INVESTIGAÇÃO ULTRASSÔNICA COM TESTE DE STRESS E SEM REGISTRO GRÁFICO","","","AMB","HCO","HSO","REF","","","PROCEDIMENTOS","EXAMES ESPECÍFICOS",""
"","","","","","","","","","","","TERAPÊUTICOS"
"","","","","","","","","","","","PROCEDIMENTOS DIAGNÓSTICOS E"
"INVESTIGAÇÃO ULTRASSÔNICA COM TESTE DE STRESS EM ESTEIRA E COM REGISTRO GRÁFICO","","","AMB","HCO","HSO","REF","","","PROCEDIMENTOS","EXAMES ESPECÍFICOS",""
"","","","","","","","","","","","TERAPÊUTICOS"
"","","","","","","","","","","","PROCEDIMENTOS DIAGNÓSTICOS E"
"INVESTIGAÇÃO ULTRASSÔNICA SEM REGISTRO GRÁFICO (QUALQUER ÁREA)","","","AMB","HCO","HSO","REF","","","PROCEDIMENTOS","EXAMES ESPECÍFICOS",""
"","","","","","","","","","","","TERAPÊUTICOS"
"","","","","","","","","","","","PROCEDIMENTOS DIAGNÓSTICOS E"
"MAPEAMENTO DE RETINA - OFTALMOSCOPIA INDIRETA","","","AMB","HCO","HSO","REF","","","PROCEDIMENTOS","EXAMES ESPECÍFICOS",""
"","","","","","","","","","","","TERAPÊUTICOS"
"","","","","","","","","","","","PROCEDIMENTOS DIAGNÓSTICOS E"
"MEDIDA DE PRESSÃO HEPÁTICA","","","AMB","HCO","HSO","REF","PAC","","PROCEDIMENTOS","EXAMES ESPECÍFICOS",""
"","","","","","","","","","","","TERAPÊUTICOS"
"","","","","","","","","","","","PROCEDIMENTOS DIAGNÓSTICOS E"
"MICROSCOPIA ESPECULAR DE CÓRNEA","","","AMB","HCO","HSO","REF","","","PROCEDIMENTOS","EXAMES ESPECÍFICOS",""
"","","","","","","","","","","","TERAPÊUTICOS"
"","","","","","","","","","","","PROCEDIMENTOS DIAGNÓSTICOS E"
"OFTALMODINAMOMETRIA","","","AMB","HCO","HSO","REF","","","PROCEDIMENTOS","EXAMES ESPECÍFICOS",""
"","","","","","","","","","","","TERAPÊUTICOS"
"","","","","","","","","","","","PROCEDIMENTOS DIAGNÓSTICOS E"
"OXIMETRIA NÃO INVASIVA","","","AMB","HCO","HSO","REF","","","PROCEDIMENTOS","EXAMES ESPECÍFICOS",""
"","","","","","","","","","","","TERAPÊUTICOS"
