"","RN","","","","","","","","","","",""
"PROCEDIMENTO","VIGÊNCIA","OD","AMB","HCO","HSO","REF","PAC","DUT","","SUBGRUPO","GRUPO","CAPÍTULO"
"","(alteração)","","","","","","","","","","",""
"EXÉRESE DE TUMOR NASAL POR VIA ENDOSCOPICA","","","AMB","HCO","HSO","REF","","","NARIZ","","NARIZ E SEIOS PARANASAIS","PROCEDIMENTOS CIRÚRGICOS E INVASIVOS"
"FECHAMENTO DE FÍSTULA LIQUÓRICA TRANSNASAL","","","","HCO","HSO","REF","","","NARIZ","","NARIZ E SEIOS PARANASAIS","PROCEDIMENTOS CIRÚRGICOS E INVASIVOS"
"FÍSTULA LIQUÓRICA - TRATAMENTO CIRÚRGICO ENDOSCÓPICO","","","","HCO","HSO","REF","","","NARIZ","","NARIZ E SEIOS PARANASAIS","PROCEDIMENTOS CIRÚRGICOS E INVASIVOS"
"FRATURAS DOS OSSOS NASAIS - REDUÇÃO CIRÚRGICA E GESSO","","","","HCO","HSO","REF","","","NARIZ","","NARIZ E SEIOS PARANASAIS","PROCEDIMENTOS CIRÚRGICOS E INVASIVOS"
"FRATURAS DOS OSSOS NASAIS - REDUÇÃO INCRUENTA E GESSO","","","AMB","HCO","HSO","REF","","","NARIZ","","NARIZ E SEIOS PARANASAIS","PROCEDIMENTOS CIRÚRGICOS E INVASIVOS"
"IMPERFURAÇÃO COANAL - CORREÇÃO CIRÚRGICA INTRANASAL OU TRANSPALATINA","","","","HCO","HSO","REF","","","NARIZ","","NARIZ E SEIOS PARANASAIS","PROCEDIMENTOS CIRÚRGICOS E INVASIVOS"
"IMPERFURAÇÃO COANAL - CORREÇÃO CIRURGICA INTRANASAL POR VIDEOENDOSCOPIA","","","","HCO","HSO","REF","","","NARIZ","","NARIZ E SEIOS PARANASAIS","PROCEDIMENTOS CIRÚRGICOS E INVASIVOS"
"OZENA - TRATAMENTO CIRÚRGICO","","","","HCO","HSO","REF","","","NARIZ","","NARIZ E SEIOS PARANASAIS","PROCEDIMENTOS CIRÚRGICOS E INVASIVOS"
"PERFURAÇÃO DO SEPTO NASAL - CORREÇÃO CIRÚRGICA","","","","HCO","HSO","REF","","","NARIZ","","NARIZ E SEIOS PARANASAIS","PROCEDIMENTOS CIRÚRGICOS E INVASIVOS"
"POLIPECTOMIA","","","AMB","HCO","HSO","REF","","","NARIZ","","NARIZ E SEIOS PARANASAIS","PROCEDIMENTOS CIRÚRGICOS E INVASIVOS"
"RECONSTRUÇÃO NASAL","","","","HCO","HSO","REF","","","NARIZ","","NARIZ E SEIOS PARANASAIS","PROCEDIMENTOS CIRÚRGICOS E INVASIVOS"
"RESSECÇÃO DE SINÉQUIAS","","","AMB","HCO","HSO","REF","","","NARIZ","","NARIZ E SEIOS PARANASAIS","PROCEDIMENTOS CIRÚRGICOS E INVASIVOS"
"RESSECÇÃO DE TUMORES MALIGNOS TRANSNASAIS","","","","HCO","HSO","REF","","","NARIZ","","NARIZ E SEIOS PARANASAIS","PROCEDIMENTOS CIRÚRGICOS E INVASIVOS"
"RETIRADA DE CORPO ESTRANHO DE NARIZ, COM OU SEM ANESTESIA GERAL","","","AMB","HCO","HSO","REF","","","NARIZ","","NARIZ E SEIOS PARANASAIS","PROCEDIMENTOS CIRÚRGICOS E INVASIVOS"
"RETIRADA DE CORPO ESTRANHO DE NARIZ, COM OU SEM ANESTESIA GERAL POR VIDEOENDOSCOPIA","","","AMB","HCO","HSO","REF","","","NARIZ","","NARIZ E SEIOS PARANASAIS","PROCEDIMENTOS CIRÚRGICOS E INVASIVOS"
"RINECTOMIA","","","","HCO","HSO","REF","","","NARIZ","","NARIZ E SEIOS PARANASAIS","PROCEDIMENTOS CIRÚRGICOS E INVASIVOS"
"RINOSSEPTOPLASTIA FUNCIONAL","","","","HCO","HSO","REF","","","NARIZ","","NARIZ E SEIOS PARANASAIS","PROCEDIMENTOS CIRÚRGICOS E INVASIVOS"
"SEPTOPLASTIA","","","","HCO","HSO","REF","","","NARIZ","","NARIZ E SEIOS PARANASAIS","PROCEDIMENTOS CIRÚRGICOS E INVASIVOS"
"TRATAMENTO CIRÚRGICO DA ATRESIA NARINÁRIA","","","","HCO","HSO","REF","","","NARIZ","","NARIZ E SEIOS PARANASAIS","PROCEDIMENTOS CIRÚRGICOS E INVASIVOS"
