"","RN","","","","","","","","","","",""
"PROCEDIMENTO","VIGÊNCIA","OD","AMB","HCO","HSO","REF","PAC","DUT","","SUBGRUPO","GRUPO","CAPÍTULO"
"","(alteração)","","","","","","","","","","",""
"ABSCESSO PERIURETRAL - TRATAMENTO CIRÚRGICO","","","AMB","HCO","HSO","REF","","","URETRA","","SISTEMA URINÁRIO","PROCEDIMENTOS CIRÚRGICOS E INVASIVOS"
"BIÓPSIA ENDOSCÓPICA DE URETRA","","","AMB","HCO","HSO","REF","","","URETRA","","SISTEMA URINÁRIO","PROCEDIMENTOS CIRÚRGICOS E INVASIVOS"
"CORPO ESTRANHO OU CÁLCULO - EXTRAÇÃO CIRÚRGICA","","","","HCO","HSO","REF","","","URETRA","","SISTEMA URINÁRIO","PROCEDIMENTOS CIRÚRGICOS E INVASIVOS"
"CORPO ESTRANHO OU CÁLCULO - EXTRAÇÃO ENDOSCÓPICA","","","AMB","HCO","HSO","REF","","","URETRA","","SISTEMA URINÁRIO","PROCEDIMENTOS CIRÚRGICOS E INVASIVOS"
"DIVERTÍCULO URETRAL - TRATAMENTO CIRÚRGICO","","","","HCO","HSO","REF","","","URETRA","","SISTEMA URINÁRIO","PROCEDIMENTOS CIRÚRGICOS E INVASIVOS"
"ELETROCOAGULAÇÃO ENDOSCÓPICA","","","AMB","HCO","HSO","REF","","","URETRA","","SISTEMA URINÁRIO","PROCEDIMENTOS CIRÚRGICOS E INVASIVOS"
"ESFINCTEROTOMIA","","","","HCO","HSO","REF","","","URETRA","","SISTEMA URINÁRIO","PROCEDIMENTOS CIRÚRGICOS E INVASIVOS"
"FÍSTULA URETRAL - CORREÇÃO CIRÚRGICA","","","","HCO","HSO","REF","","","URETRA","","SISTEMA URINÁRIO","PROCEDIMENTOS CIRÚRGICOS E INVASIVOS"
"INCONTINÊNCIA URINÁRIA - TRATAMENTO CIRÚRGICO SLING OU ESFÍNCTER ARTIFICIAL (COM DIRETRIZ DE","","","","","","","","","","","",""
"","","","","HCO","HSO","REF","","48","URETRA","","SISTEMA URINÁRIO","PROCEDIMENTOS CIRÚRGICOS E INVASIVOS"
"UTILIZAÇÃO)","","","","","","","","","","","",""
"INCONTINÊNCIA URINÁRIA - TRATAMENTO CIRÚRGICO (EXCETO ESFÍNCTER ARTIFICIAL)","","","","HCO","HSO","REF","","","URETRA","","SISTEMA URINÁRIO","PROCEDIMENTOS CIRÚRGICOS E INVASIVOS"
"INJEÇÕES PERIURETRAIS (INCLUINDO URETROCISTOCOPIA)","","","","HCO","HSO","REF","","","URETRA","","SISTEMA URINÁRIO","PROCEDIMENTOS CIRÚRGICOS E INVASIVOS"
"MEATOPLASTIA (RETALHO CUTÂNEO)","","","","HCO","HSO","REF","","","URETRA","","SISTEMA URINÁRIO","PROCEDIMENTOS CIRÚRGICOS E INVASIVOS"
"MEATOTOMIA URETRAL","","","AMB","HCO","HSO","REF","","","URETRA","","SISTEMA URINÁRIO","PROCEDIMENTOS CIRÚRGICOS E INVASIVOS"
"NEOURETRA PROXIMAL (CISTOURETROPLASTIA)","","","","HCO","HSO","REF","","","URETRA","","SISTEMA URINÁRIO","PROCEDIMENTOS CIRÚRGICOS E INVASIVOS"
"RESSECÇÃO DE CARÚNCULA","","","AMB","HCO","HSO","REF","","","URETRA","","SISTEMA URINÁRIO","PROCEDIMENTOS CIRÚRGICOS E INVASIVOS"
"RESSECÇÃO DE VÁLVULA URETRAL POSTERIOR","","","","HCO","HSO","REF","","","URETRA","","SISTEMA URINÁRIO","PROCEDIMENTOS CIRÚRGICOS E INVASIVOS"
"TUMOR URETRAL - EXCISÃO","","","","HCO","HSO","REF","","","URETRA","","SISTEMA URINÁRIO","PROCEDIMENTOS CIRÚRGICOS E INVASIVOS"
"URETRECTOMIA","","","","HCO","HSO","REF","","","URETRA","","SISTEMA URINÁRIO","PROCEDIMENTOS CIRÚRGICOS E INVASIVOS"
"URETROPLASTIA","","","","HCO","HSO","REF","","","URETRA","","SISTEMA URINÁRIO","PROCEDIMENTOS CIRÚRGICOS E INVASIVOS"
