"","RN","","","","","","","","","",""
"PROCEDIMENTO","VIGÊNCIA","OD","AMB","HCO","HSO","REF","PAC","DUT","SUBGRUPO","GRUPO","CAPÍTULO"
"","(alteração)","","","","","","","","","",""
"","","","","","","","","","MÉTODOS INTERVENCIONISTAS","",""
"","","","","","","","","","","","PROCEDIMENTOS DIAGNÓSTICOS E"
"QUIMIOTERAPIA SISTÊMICA COM ISOLAMENTO PROTETOR","","","","HCO","HSO","REF","PAC","","DIAGNÓSTICOS E TERAPÊUTICOS POR","MÉTODOS DIAGNÓSTICOS POR IMAGEM",""
"","","","","","","","","","","","TERAPÊUTICOS"
"","","","","","","","","","IMAGEM","",""
"","","","","","","","","","MÉTODOS INTERVENCIONISTAS","",""
"","","","","","","","","","","","PROCEDIMENTOS DIAGNÓSTICOS E"
"RADIOEMBOLIZAÇÃO HEPÁTICA (COM DIRETRIZ DE UTILIZAÇÃO)","542/2022
01/09/2022","","","HCO","HSO","REF","PAC","155","DIAGNÓSTICOS E TERAPÊUTICOS POR","MÉTODOS DIAGNÓSTICOS POR IMAGEM",""
"","","","","","","","","","","","TERAPÊUTICOS"
"","","","","","","","","","IMAGEM","",""
"","","","","","","","","","MÉTODOS INTERVENCIONISTAS","",""
"","","","","","","","","","","","PROCEDIMENTOS DIAGNÓSTICOS E"
"REPERMEABILIZAÇÃO/RECANALIZAÇÃO TUBÁRIA - EXCETO PARA REVERSÃO DE LAQUEADURA TUBÁRIA","","","","HCO","HSO","REF","PAC","","DIAGNÓSTICOS E TERAPÊUTICOS POR","MÉTODOS DIAGNÓSTICOS POR IMAGEM",""
"","","","","","","","","","","","TERAPÊUTICOS"
"","","","","","","","","","IMAGEM","",""
"","","","","","","","","","MÉTODOS INTERVENCIONISTAS","",""
"","","","","","","","","","","","PROCEDIMENTOS DIAGNÓSTICOS E"
"RECANALIZAÇÃO TUBÁRIA LAPAROSCÓPICA - EXCETO PARA REVERSÃO DE LAQUEADURA TUBÁRIA","","","","HCO","HSO","REF","PAC","","DIAGNÓSTICOS E TERAPÊUTICOS POR","MÉTODOS DIAGNÓSTICOS POR IMAGEM",""
"","","","","","","","","","","","TERAPÊUTICOS"
"","","","","","","","","","IMAGEM","",""
"","","","","","","","","","MÉTODOS INTERVENCIONISTAS","",""
"","","","","","","","","","","","PROCEDIMENTOS DIAGNÓSTICOS E"
"RETIRADA PERCUTÂNEA DE CÁLCULOS BILIARES ORIENTADA POR RX, US OU TC","","","","HCO","HSO","REF","PAC","","DIAGNÓSTICOS E TERAPÊUTICOS POR","MÉTODOS DIAGNÓSTICOS POR IMAGEM",""
"","","","","","","","","","","","TERAPÊUTICOS"
"","","","","","","","","","IMAGEM","",""
"","","","","","","","","","MÉTODOS INTERVENCIONISTAS","",""
"","","","","","","","","","","","PROCEDIMENTOS DIAGNÓSTICOS E"
"RETIRADA PERCUTÂNEA DE CÁLCULOS RENAIS ORIENTADA POR RX, US OU TC","","","","HCO","HSO","REF","PAC","","DIAGNÓSTICOS E TERAPÊUTICOS POR","MÉTODOS DIAGNÓSTICOS POR IMAGEM",""
"","","","","","","","","","","","TERAPÊUTICOS"
"","","","","","","","","","IMAGEM","",""
"","","","","","","","","","MÉTODOS INTERVENCIONISTAS","",""
"","","","","","","","","","","","PROCEDIMENTOS DIAGNÓSTICOS E"
"RETIRADA PERCUTÂNEA DE CORPO ESTRANHO INTRAVASCULAR","","","","HCO","HSO","REF","PAC","","DIAGNÓSTICOS E TERAPÊUTICOS POR","MÉTODOS DIAGNÓSTICOS POR IMAGEM",""
"","","","","","","","","","","","TERAPÊUTICOS"
"","","","","","","","","","IMAGEM","",""
"","","","","","","","","","MÉTODOS INTERVENCIONISTAS","",""
"","","","","","","","","","","","PROCEDIMENTOS DIAGNÓSTICOS E"
"SINUSOGRAFIA (ABSCESSOGRAFIA)","","","AMB","HCO","HSO","REF","PAC","","DIAGNÓSTICOS E TERAPÊUTICOS POR","MÉTODOS DIAGNÓSTICOS POR IMAGEM",""
"","","","","","","","","","","","TERAPÊUTICOS"
"","","","","","","","","","IMAGEM","",""
"","","","","","","","","","MÉTODOS INTERVENCIONISTAS","",""
"","","","","","","","","","","","PROCEDIMENTOS DIAGNÓSTICOS E"
"TIPS - ANASTOMOSE PORTO-CAVA PERCUTÂNEA PARA TRATAMENTO DE HIPERTENSÃO PORTAL","","","","HCO","HSO","REF","PAC","","DIAGNÓSTICOS E TERAPÊUTICOS POR","MÉTODOS DIAGNÓSTICOS POR IMAGEM",""
"","","","","","","","","","","","TERAPÊUTICOS"
"","","","","","","","","","IMAGEM","",""
"","","","","","","","","","MÉTODOS INTERVENCIONISTAS","",""
"","","","","","","","","","","","PROCEDIMENTOS DIAGNÓSTICOS E"
"TRAQUEOTOMIA PERCUTÂNEA ORIENTADA POR RX OU TC","","","","HCO","HSO","REF","PAC","","DIAGNÓSTICOS E TERAPÊUTICOS POR","MÉTODOS DIAGNÓSTICOS POR IMAGEM",""
"","","","","","","","","","","","TERAPÊUTICOS"
"","","","","","","","","","IMAGEM","",""
"","","","","","","","","","MÉTODOS INTERVENCIONISTAS","",""
"","","","","","","","","","","","PROCEDIMENTOS DIAGNÓSTICOS E"
"TRATAMENTO DO VASOESPASMO","","","","HCO","HSO","REF","PAC","","DIAGNÓSTICOS E TERAPÊUTICOS POR","MÉTODOS DIAGNÓSTICOS POR IMAGEM",""
"","","","","","","","","","","","TERAPÊUTICOS"
"","","","","","","","","","IMAGEM","",""
"","","","","","","","","","MÉTODOS INTERVENCIONISTAS","",""
"","","","","","","","","","","","PROCEDIMENTOS DIAGNÓSTICOS E"
"TROMBECTOMIA","","","","HCO","HSO","REF","PAC","","DIAGNÓSTICOS E TERAPÊUTICOS POR","MÉTODOS DIAGNÓSTICOS POR IMAGEM",""
"","","","","","","","","","","","TERAPÊUTICOS"
"","","","","","","","","","IMAGEM","",""
"","","","","","","","","","MÉTODOS INTERVENCIONISTAS","",""
"","","","","","","","","","","","PROCEDIMENTOS DIAGNÓSTICOS E"
"TROMBÓLISE MEDICAMENTOSA ARTERIAL OU VENOSA","","","","HCO","HSO","REF","PAC","","DIAGNÓSTICOS E TERAPÊUTICOS POR","MÉTODOS DIAGNÓSTICOS POR IMAGEM",""
"","","","","","","","","","","","TERAPÊUTICOS"
"","","","","","","","","","IMAGEM","",""
"","","","","","","","","","","","PROCEDIMENTOS DIAGNÓSTICOS E"
"DOPPLER COLORIDO ARTERIAL DE MEMBROS INFERIORES","","","AMB","HCO","HSO","REF","","","ULTRASSONOGRAFIA DIAGNÓSTICA","MÉTODOS DIAGNÓSTICOS POR IMAGEM",""
"","","","","","","","","","","","TERAPÊUTICOS"
"","","","","","","","","","","","PROCEDIMENTOS DIAGNÓSTICOS E"
"DOPPLER COLORIDO ARTERIAL DE MEMBROS SUPERIORES","","","AMB","HCO","HSO","REF","","","ULTRASSONOGRAFIA DIAGNÓSTICA","MÉTODOS DIAGNÓSTICOS POR IMAGEM",""
"","","","","","","","","","","","TERAPÊUTICOS"
"","","","","","","","","","","","PROCEDIMENTOS DIAGNÓSTICOS E"
"DOPPLER COLORIDO DE AORTA E ARTÉRIAS RENAIS","","","AMB","HCO","HSO","REF","","","ULTRASSONOGRAFIA DIAGNÓSTICA","MÉTODOS DIAGNÓSTICOS POR IMAGEM",""
"","","","","","","","","","","","TERAPÊUTICOS"
"","","","","","","","","","","","PROCEDIMENTOS DIAGNÓSTICOS E"
"DOPPLER COLORIDO DE AORTA E ILÍACAS","","","AMB","HCO","HSO","REF","","","ULTRASSONOGRAFIA DIAGNÓSTICA","MÉTODOS DIAGNÓSTICOS POR IMAGEM",""
"","","","","","","","","","","","TERAPÊUTICOS"
"","","","","","","","","","","","PROCEDIMENTOS DIAGNÓSTICOS E"
"DOPPLER COLORIDO DE ARTÉRIAS VISCERAIS (MESENTÉRICAS SUPERIOR E INFERIOR E TRONCO CELÍACO)","","","AMB","HCO","HSO","REF","","","ULTRASSONOGRAFIA DIAGNÓSTICA","MÉTODOS DIAGNÓSTICOS POR IMAGEM",""
"","","","","","","","","","","","TERAPÊUTICOS"
"","","","","","","","","","","","PROCEDIMENTOS DIAGNÓSTICOS E"
"DOPPLER COLORIDO DE HEMANGIOMA","","","AMB","HCO","HSO","REF","","","ULTRASSONOGRAFIA DIAGNÓSTICA","MÉTODOS DIAGNÓSTICOS POR IMAGEM",""
"","","","","","","","","","","","TERAPÊUTICOS"
