"","RN","","","","","","","","","","",""
"PROCEDIMENTO","VIGÊNCIA","OD","AMB","HCO","HSO","REF","PAC","DUT","SUBGRUPO","","GRUPO","CAPÍTULO"
"","(alteração)","","","","","","","","","","",""
"DETECÇÃO DE ANORMALIDADES DOS CROMOSSOMOS X OU Y (SANGUE PERIFÉRICO OU ESFREGAÇO DE","","","","","","","","","","","","PROCEDIMENTOS DIAGNÓSTICOS E"
"","","","AMB","HCO","HSO","REF","","","CITOGENÉTICA","GENÉTICA","",""
"MUCOSA BUCAL), POR FISH","","","","","","","","","","","","TERAPÊUTICOS"
"","","","","","","","","","","","","PROCEDIMENTOS DIAGNÓSTICOS E"
"ESTUDO CITOGENÉTICO PARA DOENÇAS NEOPLÁSICAS MALIGNAS, DIVERSOS MATERIAIS","","","AMB","HCO","HSO","REF","","","CITOGENÉTICA","GENÉTICA","",""
"","","","","","","","","","","","","TERAPÊUTICOS"
"ESTUDO DE ALTERAÇÕES CROMOSSÔMICAS EM LEUCEMIAS POR FISH (FLUORESCENCE IN SITU","","","","","","","","","","","","PROCEDIMENTOS DIAGNÓSTICOS E"
"","","","AMB","HCO","HSO","REF","PAC","","CITOGENÉTICA","GENÉTICA","",""
"HYBRIDIZATION)","","","","","","","","","","","","TERAPÊUTICOS"
"","","","","","","","","","","","","PROCEDIMENTOS DIAGNÓSTICOS E"
"LÍQUIDO AMNIÓTICO, CARIÓTIPO COM BANDAS","","","AMB","HCO","","REF","","","CITOGENÉTICA","GENÉTICA","",""
"","","","","","","","","","","","","TERAPÊUTICOS"
"PESQUISA DE MICRODELEÇÕES/MICRODUPLICAÇÕES POR FISH (FLUORESCENCE IN SITU HYBRIDIZATION) -","","","","","","","","","","","","PROCEDIMENTOS DIAGNÓSTICOS E"
"","","","AMB","HCO","HSO","REF","PAC","110","CITOGENÉTICA","GENÉTICA","",""
"COM DIRETRIZ DE UTILIZAÇÃO","","","","","","","","","","","","TERAPÊUTICOS"
"","","","","","","","","","","","","PROCEDIMENTOS DIAGNÓSTICOS E"
"REARRANJO BCL6 3q27 (NHL) FISH","","","AMB","HCO","HSO","REF","PAC","","CITOGENÉTICA","GENÉTICA","",""
"","","","","","","","","","","","","TERAPÊUTICOS"
"","","","","","","","","","","","","PROCEDIMENTOS DIAGNÓSTICOS E"
"REARRANJO 8q24 FISH (MEDULA ÓSSEA)","","","AMB","HCO","HSO","REF","PAC","","CITOGENÉTICA","GENÉTICA","",""
"","","","","","","","","","","","","TERAPÊUTICOS"
"","","","","","","","","","","","","PROCEDIMENTOS DIAGNÓSTICOS E"
"REARRANJO 8q24 FISH (SANGUE)","","","AMB","HCO","HSO","REF","PAC","","CITOGENÉTICA","GENÉTICA","",""
"","","","","","","","","","","","","TERAPÊUTICOS"
"","","","","","","","","","","","","PROCEDIMENTOS DIAGNÓSTICOS E"
"AMINOÁCIDOS URINÁRIOS OU PLASMÁTICOS, ANÁLISE QUANTITATIVA","","","AMB","HCO","HSO","REF","PAC","","GENÉTICA BIOQUÍMICA","GENÉTICA","",""
"","","","","","","","","","","","","TERAPÊUTICOS"
"","","","","","","","","","","","","PROCEDIMENTOS DIAGNÓSTICOS E"
"AVALIAÇÃO DE RISCO DE ANOMALIAS CROMOSSÔMICAS E/OU DEFEITOS DE FECHAMENTO DE TUBO NEURAL","","","AMB","HCO","","REF","PAC","","GENÉTICA BIOQUÍMICA","GENÉTICA","",""
"","","","","","","","","","","","","TERAPÊUTICOS"
"","","","","","","","","","","","","PROCEDIMENTOS DIAGNÓSTICOS E"
"CARBOIDRATOS URINÁRIOS, ANÁLISE QUALITATIVA","","","AMB","HCO","HSO","REF","PAC","","GENÉTICA BIOQUÍMICA","GENÉTICA","",""
"","","","","","","","","","","","","TERAPÊUTICOS"
"","","","","","","","","","","","","PROCEDIMENTOS DIAGNÓSTICOS E"
"DETERMINAÇÃO DA ATIVIDADE ENZIMÁTICA DA 1,4-ALFA-GLICOSIDASE EM FIBROBLASTOS","","","AMB","HCO","HSO","REF","PAC","","GENÉTICA BIOQUÍMICA","GENÉTICA","",""
"","","","","","","","","","","","","TERAPÊUTICOS"
"","","","","","","","","","","","","PROCEDIMENTOS DIAGNÓSTICOS E"
"DETERMINAÇÃO DA ATIVIDADE ENZIMÁTICA DA ALFA-D-MANOSIDASE EM LEUCÓCITOS E FIBROBLASTOS","","","AMB","HCO","HSO","REF","PAC","","GENÉTICA BIOQUÍMICA","GENÉTICA","",""
"","","","","","","","","","","","","TERAPÊUTICOS"
"DETERMINAÇÃO DA ATIVIDADE ENZIMÁTICA DA ALFA-GALACTOSIDASE EM LEUCÓCITOS, SORO E","","","","","","","","","","","","PROCEDIMENTOS DIAGNÓSTICOS E"
"","","","AMB","HCO","HSO","REF","PAC","","GENÉTICA BIOQUÍMICA","GENÉTICA","",""
"FIBROBLASTOS","","","","","","","","","","","","TERAPÊUTICOS"
"","","","","","","","","","","","","PROCEDIMENTOS DIAGNÓSTICOS E"
"DETERMINAÇÃO DA ATIVIDADE ENZIMÁTICA DA ALFA-L-FUCOSIDASE EM LEUCÓCITOS OU FIBROBLASTOS","","","AMB","HCO","HSO","REF","PAC","","GENÉTICA BIOQUÍMICA","GENÉTICA","",""
"","","","","","","","","","","","","TERAPÊUTICOS"
"","","","","","","","","","","","","PROCEDIMENTOS DIAGNÓSTICOS E"
"DETERMINAÇÃO DA ATIVIDADE ENZIMÁTICA DA ALFA-L-IDURONIDASE EM LEUCÓCITOS OU FIBROBLASTOS","","","AMB","HCO","HSO","REF","PAC","","GENÉTICA BIOQUÍMICA","GENÉTICA","",""
"","","","","","","","","","","","","TERAPÊUTICOS"
"DETERMINAÇÃO DA ATIVIDADE ENZIMÁTICA DA ALFA-N-ACETILGLICOSAMINIDASE EM SORO OU","","","","","","","","","","","","PROCEDIMENTOS DIAGNÓSTICOS E"
"","","","AMB","HCO","HSO","REF","PAC","","GENÉTICA BIOQUÍMICA","GENÉTICA","",""
"FIBROBLASTOS","","","","","","","","","","","","TERAPÊUTICOS"
"","","","","","","","","","","","","PROCEDIMENTOS DIAGNÓSTICOS E"
"DETERMINAÇÃO DA ATIVIDADE ENZIMÁTICA DA ARILSULFATASE A EM LEUCÓCITOS E FIBROBLASTOS","","","AMB","HCO","HSO","REF","PAC","","GENÉTICA BIOQUÍMICA","GENÉTICA","",""
"","","","","","","","","","","","","TERAPÊUTICOS"
"","","","","","","","","","","","","PROCEDIMENTOS DIAGNÓSTICOS E"
"DETERMINAÇÃO DA ATIVIDADE ENZIMÁTICA DA ARILSULFATASE B EM FIBROBLASTOS","","","AMB","HCO","HSO","REF","PAC","","GENÉTICA BIOQUÍMICA","GENÉTICA","",""
"","","","","","","","","","","","","TERAPÊUTICOS"
