"","RN","","","","","","","","","",""
"PROCEDIMENTO","VIGÊNCIA","OD","AMB","HCO","HSO","REF","PAC","DUT","SUBGRUPO","GRUPO","CAPÍTULO"
"","(alteração)","","","","","","","","","",""
"","","","","","","","","","ENDOSCOPIA DIAGNÓSTICA OU","","PROCEDIMENTOS DIAGNÓSTICOS E"
"MUCOSECTOMIA","","","","HCO","HSO","REF","","","","ENDOSCÓPICOS",""
"","","","","","","","","","INTERVENCIONISTA","","TERAPÊUTICOS"
"","","","","","","","","","ENDOSCOPIA DIAGNÓSTICA OU","","PROCEDIMENTOS DIAGNÓSTICOS E"
"NASOFIBROLARINGOSCOPIA PARA DIAGNÓSTICO E/OU BIÓPSIA","","","AMB","HCO","HSO","REF","","","","ENDOSCÓPICOS",""
"","","","","","","","","","INTERVENCIONISTA","","TERAPÊUTICOS"
"","","","","","","","","","ENDOSCOPIA DIAGNÓSTICA OU","","PROCEDIMENTOS DIAGNÓSTICOS E"
"PAPILOTOMIA E DILATAÇÃO BILIAR OU PANCREÁTICA COM OU SEM COLOCAÇÃO DE PROTESE OU DRENO","","","","HCO","HSO","REF","","","","ENDOSCÓPICOS",""
"","","","","","","","","","INTERVENCIONISTA","","TERAPÊUTICOS"
"","","","","","","","","","ENDOSCOPIA DIAGNÓSTICA OU","","PROCEDIMENTOS DIAGNÓSTICOS E"
"PAPILOTOMIA ENDOSCÓPICA (PARA RETIRADA DE CÁLCULOS COLEDOCIANOS OU DRENAGEM BILIAR)","","","","HCO","HSO","REF","","","","ENDOSCÓPICOS",""
"","","","","","","","","","INTERVENCIONISTA","","TERAPÊUTICOS"
"","","","","","","","","","ENDOSCOPIA DIAGNÓSTICA OU","","PROCEDIMENTOS DIAGNÓSTICOS E"
"PASSAGEM DE SONDA NASO-ENTERAL","","","AMB","HCO","HSO","REF","","","","ENDOSCÓPICOS",""
"","","","","","","","","","INTERVENCIONISTA","","TERAPÊUTICOS"
"","","","","","","","","","ENDOSCOPIA DIAGNÓSTICA OU","","PROCEDIMENTOS DIAGNÓSTICOS E"
"POLIPECTOMIA DE CÓLON","","","AMB","HCO","HSO","REF","","","","ENDOSCÓPICOS",""
"","","","","","","","","","INTERVENCIONISTA","","TERAPÊUTICOS"
"","","","","","","","","","ENDOSCOPIA DIAGNÓSTICA OU","","PROCEDIMENTOS DIAGNÓSTICOS E"
"POLIPECTOMIA DO ESÔFAGO, ESTÔMAGO E DUODENO","","","AMB","HCO","HSO","REF","","","","ENDOSCÓPICOS",""
"","","","","","","","","","INTERVENCIONISTA","","TERAPÊUTICOS"
"","","","","","","","","","ENDOSCOPIA DIAGNÓSTICA OU","","PROCEDIMENTOS DIAGNÓSTICOS E"
"RETIRADA DE TUMOR OU PAPILOMA OU POLIPO POR BRONCOSCOPIA","","","AMB","HCO","HSO","REF","","","","ENDOSCÓPICOS",""
"","","","","","","","","","INTERVENCIONISTA","","TERAPÊUTICOS"
"","","","","","","","","","ENDOSCOPIA DIAGNÓSTICA OU","","PROCEDIMENTOS DIAGNÓSTICOS E"
"RETIRADA ENDOSCÓPICA DE CORPO ESTRANHO QUALQUER LOCALIZAÇÃO","","","AMB","HCO","HSO","REF","","","","ENDOSCÓPICOS",""
"","","","","","","","","","INTERVENCIONISTA","","TERAPÊUTICOS"
"","","","","","","","","","ENDOSCOPIA DIAGNÓSTICA OU","","PROCEDIMENTOS DIAGNÓSTICOS E"
"RETOSSIGMOIDOSCOPIA RÍGIDA OU FLEXÍVEL COM OU SEM BIÓPSIA E/OU CITOLOGIA","","","AMB","HCO","HSO","REF","","","","ENDOSCÓPICOS",""
"","","","","","","","","","INTERVENCIONISTA","","TERAPÊUTICOS"
"","","","","","","","","","ENDOSCOPIA DIAGNÓSTICA OU","","PROCEDIMENTOS DIAGNÓSTICOS E"
"RETOSSIGMOIDOSCOPIA RÍGIDA OU FLEXÍVEL COM OU SEM POLIPECTOMIA E/OU MUCOSECTOMIA","","","AMB","HCO","HSO","REF","","","","ENDOSCÓPICOS",""
"","","","","","","","","","INTERVENCIONISTA","","TERAPÊUTICOS"
"","","","","","","","","","ENDOSCOPIA DIAGNÓSTICA OU","","PROCEDIMENTOS DIAGNÓSTICOS E"
"TAMPONAMENTO DE VARIZES DO ESÔFAGO E ESTÔMAGO","","","AMB","HCO","HSO","REF","","","","ENDOSCÓPICOS",""
"","","","","","","","","","INTERVENCIONISTA","","TERAPÊUTICOS"
"","","","","","","","","","ENDOSCOPIA DIAGNÓSTICA OU","","PROCEDIMENTOS DIAGNÓSTICOS E"
"TESTE DA UREASE PARA HELICOBACTER PYLORI (TESTE DE HEALD)","","","AMB","HCO","HSO","REF","","","","ENDOSCÓPICOS",""
"","","","","","","","","","INTERVENCIONISTA","","TERAPÊUTICOS"
"","","","","","","","","","ENDOSCOPIA DIAGNÓSTICA OU","","PROCEDIMENTOS DIAGNÓSTICOS E"
"TRATAMENTO ENDOSCÓPICO DE HEMOPTISE","","","","HCO","HSO","REF","","","","ENDOSCÓPICOS",""
"","","","","","","","","","INTERVENCIONISTA","","TERAPÊUTICOS"
"","","","","","","","","","ENDOSCOPIA DIAGNÓSTICA OU","","PROCEDIMENTOS DIAGNÓSTICOS E"
"URETEROSCOPIA FLEXÍVEL OU RÍGIDO","","","","HCO","HSO","REF","","","","ENDOSCÓPICOS",""
"","","","","","","","","","INTERVENCIONISTA","","TERAPÊUTICOS"
"","","","","","","","","","ENDOSCOPIA DIAGNÓSTICA OU","","PROCEDIMENTOS DIAGNÓSTICOS E"
"URETROTOMIA ENDOSCÓPICA","","","","HCO","HSO","REF","","","","ENDOSCÓPICOS",""
"","","","","","","","","","INTERVENCIONISTA","","TERAPÊUTICOS"
"","","","","","","","","","ENDOSCOPIA DIAGNÓSTICA OU","","PROCEDIMENTOS DIAGNÓSTICOS E"
"VÍDEO-ENDOSCOPIA DO ESFÍNCTER VELO-PALATINO COM ÓTICA FLEXÍVEL OU RÍGIDA","","","AMB","HCO","HSO","REF","","","","ENDOSCÓPICOS",""
"","","","","","","","","","INTERVENCIONISTA","","TERAPÊUTICOS"
"","","","","","","","","","ENDOSCOPIA DIAGNÓSTICA OU","","PROCEDIMENTOS DIAGNÓSTICOS E"
"VÍDEO-ENDOSCOPIA NASO-SINUSAL COM ÓTICA FLEXÍVEL OU RÍGIDA","","","AMB","HCO","HSO","REF","","","","ENDOSCÓPICOS",""
"","","","","","","","","","INTERVENCIONISTA","","TERAPÊUTICOS"
"","","","","","","","","","ENDOSCOPIA DIAGNÓSTICA OU","","PROCEDIMENTOS DIAGNÓSTICOS E"
"VÍDEO-FARINGO-LARINGOSCOPIA COM ENDOSCÓPIO FLEXÍVEL OU RÍGIDO","","","AMB","HCO","HSO","REF","","","","ENDOSCÓPICOS",""
"","","","","","","","","","INTERVENCIONISTA","","TERAPÊUTICOS"
