"","RN","","","","","","","","","","",""
"PROCEDIMENTO","VIGÊNCIA","OD","AMB","HCO","HSO","REF","PAC","DUT","","SUBGRUPO","GRUPO","CAPÍTULO"
"","(alteração)","","","","","","","","","","",""
"","","","","","","","","","","","","PROCEDIMENTOS DIAGNÓSTICOS E"
"DISMORFISMO ERITROCITÁRIO, PESQUISA","","","AMB","HCO","HSO","REF","","","URINÁLISE","","PROCEDIMENTOS LABORATORIAIS",""
"","","","","","","","","","","","","TERAPÊUTICOS"
"","","","","","","","","","","","","PROCEDIMENTOS DIAGNÓSTICOS E"
"ELETROFORESE DE PROTEÍNAS URINÁRIAS","","","AMB","HCO","HSO","REF","","","URINÁLISE","","PROCEDIMENTOS LABORATORIAIS",""
"","","","","","","","","","","","","TERAPÊUTICOS"
"","","","","","","","","","","","","PROCEDIMENTOS DIAGNÓSTICOS E"
"FENILCETONÚRIA, PESQUISA","","","AMB","HCO","HSO","REF","","","URINÁLISE","","PROCEDIMENTOS LABORATORIAIS",""
"","","","","","","","","","","","","TERAPÊUTICOS"
"","","","","","","","","","","","","PROCEDIMENTOS DIAGNÓSTICOS E"
"HISTIDINA, PESQUISA","","","AMB","HCO","HSO","REF","","","URINÁLISE","","PROCEDIMENTOS LABORATORIAIS",""
"","","","","","","","","","","","","TERAPÊUTICOS"
"","","","","","","","","","","","","PROCEDIMENTOS DIAGNÓSTICOS E"
"LIPÓIDES BIRREFRINGENTES, PESQUISA","","","AMB","HCO","HSO","REF","","","URINÁLISE","","PROCEDIMENTOS LABORATORIAIS",""
"","","","","","","","","","","","","TERAPÊUTICOS"
"","","","","","","","","","","","","PROCEDIMENTOS DIAGNÓSTICOS E"
"MELANINA, PESQUISA","","","AMB","HCO","HSO","REF","","","URINÁLISE","","PROCEDIMENTOS LABORATORIAIS",""
"","","","","","","","","","","","","TERAPÊUTICOS"
"","","","","","","","","","","","","PROCEDIMENTOS DIAGNÓSTICOS E"
"METANEFRINAS URINÁRIAS, DOSAGEM","","","AMB","HCO","HSO","REF","","","URINÁLISE","","PROCEDIMENTOS LABORATORIAIS",""
"","","","","","","","","","","","","TERAPÊUTICOS"
"","","","","","","","","","","","","PROCEDIMENTOS DIAGNÓSTICOS E"
"MICROALBUMINÚRIA","","","AMB","HCO","HSO","REF","","","URINÁLISE","","PROCEDIMENTOS LABORATORIAIS",""
"","","","","","","","","","","","","TERAPÊUTICOS"
"","","","","","","","","","","","","PROCEDIMENTOS DIAGNÓSTICOS E"
"MIOGLOBINA, DOSAGEM OU PESQUISA","","","AMB","HCO","HSO","REF","","","URINÁLISE","","PROCEDIMENTOS LABORATORIAIS",""
"","","","","","","","","","","","","TERAPÊUTICOS"
"","","","","","","","","","","","","PROCEDIMENTOS DIAGNÓSTICOS E"
"OSMOLALIDADE, DETERMINAÇÃO","","","AMB","HCO","HSO","REF","","","URINÁLISE","","PROCEDIMENTOS LABORATORIAIS",""
"","","","","","","","","","","","","TERAPÊUTICOS"
"","","","","","","","","","","","","PROCEDIMENTOS DIAGNÓSTICOS E"
"PESQUISA DE SULFATÍDEOS E MATERIAL METACROMÁTICO NA URINA","","","AMB","HCO","HSO","REF","","","URINÁLISE","","PROCEDIMENTOS LABORATORIAIS",""
"","","","","","","","","","","","","TERAPÊUTICOS"
"","","","","","","","","","","","","PROCEDIMENTOS DIAGNÓSTICOS E"
"PORFOBILINOGÊNIO","","","AMB","HCO","HSO","REF","","","URINÁLISE","","PROCEDIMENTOS LABORATORIAIS",""
"","","","","","","","","","","","","TERAPÊUTICOS"
"","","","","","","","","","","","","PROCEDIMENTOS DIAGNÓSTICOS E"
"PORFOBILINOGÊNIO, QUANTITATIVO","","","AMB","HCO","HSO","REF","","","URINÁLISE","","PROCEDIMENTOS LABORATORIAIS",""
"","","","","","","","","","","","","TERAPÊUTICOS"
"","","","","","","","","","","","","PROCEDIMENTOS DIAGNÓSTICOS E"
"PROTEÍNA DE BENCE JONES, QUANTITATIVA (CADEIAS LEVES LIVRES, KAPPA E LAMBDA, URINA)","","","AMB","HCO","HSO","REF","","","URINÁLISE","","PROCEDIMENTOS LABORATORIAIS",""
"","","","","","","","","","","","","TERAPÊUTICOS"
"","","","","","","","","","","","","PROCEDIMENTOS DIAGNÓSTICOS E"
"PROVA DE CONCENTRAÇÃO URINÁRIA COM RESTRIÇÃO HÍDRICA E ACETATO DE DESMOPRESSINA (DDAVP)","","","AMB","HCO","HSO","REF","","","URINÁLISE","","PROCEDIMENTOS LABORATORIAIS",""
"","","","","","","","","","","","","TERAPÊUTICOS"
"ROTINA DE URINA (EXAME MACROSCÓPICO E FÍSICO, INCLUINDO PH E DENSIDADE; TESTES QUÍMICOS PARA","","","","","","","","","","","",""
"","","","","","","","","","","","","PROCEDIMENTOS DIAGNÓSTICOS E"
"GLICOSE, PROTEÍNA, CORPOS CETÔNICOS, BILIRRUBINA, HEMOGLOBINA E UROBILINOGÊNIO; EXAME","","","AMB","HCO","HSO","REF","","","URINÁLISE","","PROCEDIMENTOS LABORATORIAIS",""
"","","","","","","","","","","","","TERAPÊUTICOS"
"MICROSCÓPICO DO SEDIMENTO)","","","","","","","","","","","",""
"","","","","","","","","","","","","PROCEDIMENTOS DIAGNÓSTICOS E"
"UROPORFIRINAS, DOSAGEM","","","AMB","HCO","HSO","REF","","","URINÁLISE","","PROCEDIMENTOS LABORATORIAIS",""
"","","","","","","","","","","","","TERAPÊUTICOS"
"EXAME DA BILE E DO SUCO DUODENAL (CARACTERES FÍSICOS E EXAME MICROSCÓPICO E","","","","","","","","","","","","PROCEDIMENTOS DIAGNÓSTICOS E"
"","","","AMB","HCO","HSO","REF","","","DIVERSOS","","PROCEDIMENTOS LABORATORIAIS",""
"PARASITOLÓGICO)","","","","","","","","","","","","TERAPÊUTICOS"
"","","","","","","","","","","","","PROCEDIMENTOS DIAGNÓSTICOS E"
"GASTROACIDOGRAMA - SECREÇÃO BASAL PARA 60 MINUTOS E 4 AMOSTRAS APÓS O ESTÍMULO","","","AMB","HCO","HSO","REF","","","DIVERSOS","","PROCEDIMENTOS LABORATORIAIS",""
"","","","","","","","","","","","","TERAPÊUTICOS"
