"","RN","","","","","","","","","",""
"PROCEDIMENTO","VIGÊNCIA","OD","AMB","HCO","HSO","REF","PAC","DUT","SUBGRUPO","GRUPO","CAPÍTULO"
"","(alteração)","","","","","","","","","",""
"","","","","","","","","","","SISTEMA MÚSCULO-ESQUELÉTICO E",""
"ARTRODESE RÁDIO-CÁRPICA OU DO PUNHO","","","","HCO","HSO","REF","","","MEMBROS SUPERIORES","","PROCEDIMENTOS CIRÚRGICOS E INVASIVOS"
"","","","","","","","","","","ARTICULAÇÕES",""
"","","","","","","","","","","SISTEMA MÚSCULO-ESQUELÉTICO E",""
"ARTROPLASTIA COM IMPLANTE - TRATAMENTO CIRÚRGICO","","","","HCO","HSO","REF","","","MEMBROS SUPERIORES","","PROCEDIMENTOS CIRÚRGICOS E INVASIVOS"
"","","","","","","","","","","ARTICULAÇÕES",""
"","","","","","","","","","","SISTEMA MÚSCULO-ESQUELÉTICO E",""
"ARTROPLASTIA COM IMPLANTE NA MÃO (MF OU IF)","","","","HCO","HSO","REF","","","MEMBROS SUPERIORES","","PROCEDIMENTOS CIRÚRGICOS E INVASIVOS"
"","","","","","","","","","","ARTICULAÇÕES",""
"","","","","","","","","","","SISTEMA MÚSCULO-ESQUELÉTICO E",""
"ARTROPLASTIA DO PUNHO (COM IMPLANTE) - TRATAMENTO CIRÚRGICO","","","","HCO","HSO","REF","","","MEMBROS SUPERIORES","","PROCEDIMENTOS CIRÚRGICOS E INVASIVOS"
"","","","","","","","","","","ARTICULAÇÕES",""
"","","","","","","","","","","SISTEMA MÚSCULO-ESQUELÉTICO E",""
"ARTROPLASTIA INTERFALANGEANA / METACARPOFALANGEANA - TRATAMENTO CIRÚRGICO","","","","HCO","HSO","REF","","","MEMBROS SUPERIORES","","PROCEDIMENTOS CIRÚRGICOS E INVASIVOS"
"","","","","","","","","","","ARTICULAÇÕES",""
"","","","","","","","","","","SISTEMA MÚSCULO-ESQUELÉTICO E",""
"ARTROPLASTIA PARA OSSOS DO CARPO (COM IMPLANTE) - TRATAMENTO CIRÚRGICO","","","","HCO","HSO","REF","","","MEMBROS SUPERIORES","","PROCEDIMENTOS CIRÚRGICOS E INVASIVOS"
"","","","","","","","","","","ARTICULAÇÕES",""
"","","","","","","","","","","SISTEMA MÚSCULO-ESQUELÉTICO E",""
"ARTROPLASTIAS SEM IMPLANTE - TRATAMENTO CIRÚRGICO","","","","HCO","HSO","REF","","","MEMBROS SUPERIORES","","PROCEDIMENTOS CIRÚRGICOS E INVASIVOS"
"","","","","","","","","","","ARTICULAÇÕES",""
"","","","","","","","","","","SISTEMA MÚSCULO-ESQUELÉTICO E",""
"ARTROTOMIA - TRATAMENTO CIRÚRGICO","","","","HCO","HSO","REF","","","MEMBROS SUPERIORES","","PROCEDIMENTOS CIRÚRGICOS E INVASIVOS"
"","","","","","","","","","","ARTICULAÇÕES",""
"","","","","","","","","","","SISTEMA MÚSCULO-ESQUELÉTICO E",""
"BIÓPSIA CIRÚRGICA","","","AMB","HCO","HSO","REF","","","MEMBROS SUPERIORES","","PROCEDIMENTOS CIRÚRGICOS E INVASIVOS"
"","","","","","","","","","","ARTICULAÇÕES",""
"","","","","","","","","","","SISTEMA MÚSCULO-ESQUELÉTICO E",""
"BIÓPSIA CIRÚRGICA DO ANTEBRAÇO","","","AMB","HCO","HSO","REF","","","MEMBROS SUPERIORES","","PROCEDIMENTOS CIRÚRGICOS E INVASIVOS"
"","","","","","","","","","","ARTICULAÇÕES",""
"","","","","","","","","","","SISTEMA MÚSCULO-ESQUELÉTICO E",""
"BIÓPSIA CIRÚRGICA DO ÚMERO","","","","HCO","HSO","REF","","","MEMBROS SUPERIORES","","PROCEDIMENTOS CIRÚRGICOS E INVASIVOS"
"","","","","","","","","","","ARTICULAÇÕES",""
"","","","","","","","","","","SISTEMA MÚSCULO-ESQUELÉTICO E",""
"BIÓPSIA CIRÚRGICA DOS OSSOS DA MÃO","","","AMB","HCO","HSO","REF","","","MEMBROS SUPERIORES","","PROCEDIMENTOS CIRÚRGICOS E INVASIVOS"
"","","","","","","","","","","ARTICULAÇÕES",""
"","","","","","","","","","","SISTEMA MÚSCULO-ESQUELÉTICO E",""
"BRIDAS CONGÊNITAS - TRATAMENTO CIRÚRGICO","","","","HCO","HSO","REF","","","MEMBROS SUPERIORES","","PROCEDIMENTOS CIRÚRGICOS E INVASIVOS"
"","","","","","","","","","","ARTICULAÇÕES",""
"","","","","","","","","","","SISTEMA MÚSCULO-ESQUELÉTICO E",""
"CAPSULECTOMIA METACARPO-FALANGEANA OU INTERFALANGEANA","","","","HCO","HSO","REF","","","MEMBROS SUPERIORES","","PROCEDIMENTOS CIRÚRGICOS E INVASIVOS"
"","","","","","","","","","","ARTICULAÇÕES",""
"","","","","","","","","","","SISTEMA MÚSCULO-ESQUELÉTICO E",""
"CENTRALIZAÇÃO DA ULNA (TRATAMENTO DA MÃO TORTA RADIAL)","","","","HCO","HSO","REF","","","MEMBROS SUPERIORES","","PROCEDIMENTOS CIRÚRGICOS E INVASIVOS"
"","","","","","","","","","","ARTICULAÇÕES",""
"","","","","","","","","","","SISTEMA MÚSCULO-ESQUELÉTICO E",""
"COTO DE AMPUTAÇÃO DIGITAL - REVISÃO","","","AMB","HCO","HSO","REF","","","MEMBROS SUPERIORES","","PROCEDIMENTOS CIRÚRGICOS E INVASIVOS"
"","","","","","","","","","","ARTICULAÇÕES",""
"","","","","","","","","","","SISTEMA MÚSCULO-ESQUELÉTICO E",""
"DEDO COLO DE CISNE - TRATAMENTO CIRÚRGICO","","","","HCO","HSO","REF","","","MEMBROS SUPERIORES","","PROCEDIMENTOS CIRÚRGICOS E INVASIVOS"
"","","","","","","","","","","ARTICULAÇÕES",""
"","","","","","","","","","","SISTEMA MÚSCULO-ESQUELÉTICO E",""
"DEDO EM BOTOEIRA - TRATAMENTO CIRÚRGICO","","","","HCO","HSO","REF","","","MEMBROS SUPERIORES","","PROCEDIMENTOS CIRÚRGICOS E INVASIVOS"
"","","","","","","","","","","ARTICULAÇÕES",""
"","","","","","","","","","","SISTEMA MÚSCULO-ESQUELÉTICO E",""
"DEDO EM GATILHO, CAPSULOTOMIA / FASCIOTOMIA - TRATAMENTO CIRÚRGICO","","","","HCO","HSO","REF","","","MEMBROS SUPERIORES","","PROCEDIMENTOS CIRÚRGICOS E INVASIVOS"
"","","","","","","","","","","ARTICULAÇÕES",""
