"","RN","","","","","","","","","","",""
"PROCEDIMENTO","VIGÊNCIA","OD","AMB","HCO","HSO","REF","PAC","DUT","","SUBGRUPO","GRUPO","CAPÍTULO"
"","(alteração)","","","","","","","","","","",""
"EXTROFIA EM CLOACA - TRATAMENTO CIRÚRGICO","","","","HCO","HSO","REF","","","BEXIGA","","SISTEMA URINÁRIO","PROCEDIMENTOS CIRÚRGICOS E INVASIVOS"
"EXTROFIA VESICAL - TRATAMENTO CIRÚRGICO","","","","HCO","HSO","REF","","","BEXIGA","","SISTEMA URINÁRIO","PROCEDIMENTOS CIRÚRGICOS E INVASIVOS"
"FÍSTULA VESICAL - TRATAMENTO CIRÚRGICO","","","","HCO","HSO","REF","","","BEXIGA","","SISTEMA URINÁRIO","PROCEDIMENTOS CIRÚRGICOS E INVASIVOS"
"INCONTINÊNCIA URINÁRIA - ""SLING"" VAGINAL OU ABDOMINAL, SINTÉTICO OU AUTÓLOGO","","","","HCO","HSO","REF","","","BEXIGA","","SISTEMA URINÁRIO","PROCEDIMENTOS CIRÚRGICOS E INVASIVOS"
"INCONTINÊNCIA URINÁRIA - SUSPENSÃO ENDOSCÓPICA DE COLO","","","","HCO","HSO","REF","","","BEXIGA","","SISTEMA URINÁRIO","PROCEDIMENTOS CIRÚRGICOS E INVASIVOS"
"INCONTINÊNCIA URINÁRIA - TRATAMENTO CIRÚRGICO SUPRA-PÚBICO","","","","HCO","HSO","REF","","","BEXIGA","","SISTEMA URINÁRIO","PROCEDIMENTOS CIRÚRGICOS E INVASIVOS"
"INCONTINÊNCIA URINÁRIA COM COLPOPLASTIA ANTERIOR - TRATAMENTO CIRÚRGICO (COM OU SEM USO DE","","","","","","","","","","","",""
"","","","","HCO","HSO","REF","","","BEXIGA","","SISTEMA URINÁRIO","PROCEDIMENTOS CIRÚRGICOS E INVASIVOS"
"PRÓTESE)","","","","","","","","","","","",""
"INCONTINÊNCIA URINÁRIA - TRATAMENTO ENDOSCÓPICO (INJEÇÃO)","","","","HCO","HSO","REF","","","BEXIGA","","SISTEMA URINÁRIO","PROCEDIMENTOS CIRÚRGICOS E INVASIVOS"
"NEOBEXIGA CONTINENTE (CUTÂNEA, RETAL OU URETRAL)","","","","HCO","HSO","REF","","","BEXIGA","","SISTEMA URINÁRIO","PROCEDIMENTOS CIRÚRGICOS E INVASIVOS"
"PÓLIPOS VESICAIS - RESSECÇÃO CIRÚRGICA","","","","HCO","HSO","REF","","","BEXIGA","","SISTEMA URINÁRIO","PROCEDIMENTOS CIRÚRGICOS E INVASIVOS"
"PÓLIPOS VESICAIS - RESSECÇÃO ENDOSCÓPICA","","","AMB","HCO","HSO","REF","","","BEXIGA","","SISTEMA URINÁRIO","PROCEDIMENTOS CIRÚRGICOS E INVASIVOS"
"PUNÇÃO E ASPIRAÇÃO VESICAL","","","AMB","HCO","HSO","REF","","","BEXIGA","","SISTEMA URINÁRIO","PROCEDIMENTOS CIRÚRGICOS E INVASIVOS"
"REIMPLANTE URETERO-VESICAL À BOARI","","","","HCO","HSO","REF","","","BEXIGA","","SISTEMA URINÁRIO","PROCEDIMENTOS CIRÚRGICOS E INVASIVOS"
"RETENÇÃO POR COÁGULO - ASPIRAÇÃO VESICAL","","","AMB","HCO","HSO","REF","","","BEXIGA","","SISTEMA URINÁRIO","PROCEDIMENTOS CIRÚRGICOS E INVASIVOS"
"RETIRADA ENDOSCÓPICA DE DUPLO J","","","","HCO","HSO","REF","","","BEXIGA","","SISTEMA URINÁRIO","PROCEDIMENTOS CIRÚRGICOS E INVASIVOS"
"TUMOR VESICAL - FOTOCOAGULAÇÃO A LASER","","","","HCO","HSO","REF","","","BEXIGA","","SISTEMA URINÁRIO","PROCEDIMENTOS CIRÚRGICOS E INVASIVOS"
"TUMOR VESICAL - RESSECÇÃO ENDOSCÓPICA","","","","HCO","HSO","REF","","","BEXIGA","","SISTEMA URINÁRIO","PROCEDIMENTOS CIRÚRGICOS E INVASIVOS"
"TRATAMENTO DA HIPERATIVIDADE VESICAL: INJEÇÃO INTRAVESICAL DE TOXINA BOTULÍNICA (COM DIRETRIZ","","","","","","","","","","","",""
"","","","AMB","HCO","HSO","REF","","73","BEXIGA","","SISTEMA URINÁRIO","PROCEDIMENTOS CIRÚRGICOS E INVASIVOS"
"DE UTILIZAÇÃO)","","","","","","","","","","","",""
"VESICOSTOMIA CUTÂNEA - CONFECÇÃO OU FECHAMENTO","","","","HCO","HSO","REF","","","BEXIGA","","SISTEMA URINÁRIO","PROCEDIMENTOS CIRÚRGICOS E INVASIVOS"
