"","RN","","","","","","","","","",""
"PROCEDIMENTO","VIGÊNCIA","OD","AMB","HCO","HSO","REF","PAC","DUT","SUBGRUPO","GRUPO","CAPÍTULO"
"","(alteração)","","","","","","","","","",""
"","","","","","","","","","","SISTEMA MÚSCULO-ESQUELÉTICO E",""
"BIÓPSIAS PERCUTÂNEA SINOVIAL OU DE TECIDOS MOLES","","","AMB","HCO","HSO","REF","","","PROCEDIMENTOS GERAIS","","PROCEDIMENTOS CIRÚRGICOS E INVASIVOS"
"","","","","","","","","","","ARTICULAÇÕES",""
"","","","","","","","","","","SISTEMA MÚSCULO-ESQUELÉTICO E",""
"CORPO ESTRANHO INTRA-ARTICULAR - TRATAMENTO CIRÚRGICO","","","","HCO","HSO","REF","","","PROCEDIMENTOS GERAIS","","PROCEDIMENTOS CIRÚRGICOS E INVASIVOS"
"","","","","","","","","","","ARTICULAÇÕES",""
"","","","","","","","","","","SISTEMA MÚSCULO-ESQUELÉTICO E",""
"CORPO ESTRANHO INTRA-ÓSSEO, SUBCUTÂNEO - TRATAMENTO CIRÚRGICO","","","AMB","HCO","HSO","REF","","","PROCEDIMENTOS GERAIS","","PROCEDIMENTOS CIRÚRGICOS E INVASIVOS"
"","","","","","","","","","","ARTICULAÇÕES",""
"CORREÇÃO DE DEFORMIDADE ADQUIRIDA E OU CONGÊNITA COM OU SEM FIXADOR EXTERNO (DINÂMICO OU","","","","","","","","","","SISTEMA MÚSCULO-ESQUELÉTICO E",""
"","","","","HCO","HSO","REF","","","PROCEDIMENTOS GERAIS","","PROCEDIMENTOS CIRÚRGICOS E INVASIVOS"
"NÃO)","","","","","","","","","","ARTICULAÇÕES",""
"","","","","","","","","","","SISTEMA MÚSCULO-ESQUELÉTICO E",""
"CURETAGEM OU RESSECÇÃO EM BLOCO DE TUMOR COM RECONSTRUÇÃO E ENXERTO VASCULARIZADO","","","","HCO","HSO","REF","","","PROCEDIMENTOS GERAIS","","PROCEDIMENTOS CIRÚRGICOS E INVASIVOS"
"","","","","","","","","","","ARTICULAÇÕES",""
"","","","","","","","","","","SISTEMA MÚSCULO-ESQUELÉTICO E",""
"DESCOLAMENTO EPIFISÁRIO (TRAUMÁTICO OU NÃO) TRATAMENTO CIRÚRGICO","","","","HCO","HSO","REF","","","PROCEDIMENTOS GERAIS","","PROCEDIMENTOS CIRÚRGICOS E INVASIVOS"
"","","","","","","","","","","ARTICULAÇÕES",""
"","","","","","","","","","","SISTEMA MÚSCULO-ESQUELÉTICO E",""
"ENXERTOS EM PSEUDARTROSES","","","","HCO","HSO","REF","","","PROCEDIMENTOS GERAIS","","PROCEDIMENTOS CIRÚRGICOS E INVASIVOS"
"","","","","","","","","","","ARTICULAÇÕES",""
"","","","","","","","","","","SISTEMA MÚSCULO-ESQUELÉTICO E",""
"MANIPULAÇÃO ARTICULAR COM OU SEM ANESTESIA GERAL","","","","HCO","HSO","REF","","","PROCEDIMENTOS GERAIS","","PROCEDIMENTOS CIRÚRGICOS E INVASIVOS"
"","","","","","","","","","","ARTICULAÇÕES",""
"","","","","","","","","","","SISTEMA MÚSCULO-ESQUELÉTICO E",""
"OSTEOTOMIA COM OU SEM FIXADOR EXTERNO (DINÂMICO OU NÃO)","","","","HCO","HSO","REF","","","PROCEDIMENTOS GERAIS","","PROCEDIMENTOS CIRÚRGICOS E INVASIVOS"
"","","","","","","","","","","ARTICULAÇÕES",""
"","","","","","","","","","","SISTEMA MÚSCULO-ESQUELÉTICO E",""
"PREPARAÇÃO E REVISÃO DE COTO DE AMPUTAÇÃO","","","AMB","HCO","HSO","REF","","","PROCEDIMENTOS GERAIS","","PROCEDIMENTOS CIRÚRGICOS E INVASIVOS"
"","","","","","","","","","","ARTICULAÇÕES",""
"PUNÇÃO OU INFILTRAÇÃO ARTICULAR DIAGNÓSTICA OU TERAPÊUTICA, ORIENTADA OU NÃO POR MÉTODO","","","","","","","","","","SISTEMA MÚSCULO-ESQUELÉTICO E",""
"","","","AMB","HCO","HSO","REF","","","PROCEDIMENTOS GERAIS","","PROCEDIMENTOS CIRÚRGICOS E INVASIVOS"
"DE IMAGEM","","","","","","","","","","ARTICULAÇÕES",""
"PUNÇÃO EXTRA-ARTICULAR DIAGNÓSTICA OU TERAPÊUTICA/ ARTROCENTESE (INFILTRAÇÃO/AGULHAMENTO","","","","","","","","","","SISTEMA MÚSCULO-ESQUELÉTICO E",""
"","","","AMB","HCO","HSO","REF","","","PROCEDIMENTOS GERAIS","","PROCEDIMENTOS CIRÚRGICOS E INVASIVOS"
"SECO) ORIENTADO OU NÃO POR MÉTODO DE IMAGEM","","","","","","","","","","ARTICULAÇÕES",""
"","","","","","","","","","","SISTEMA MÚSCULO-ESQUELÉTICO E",""
"REDUÇÃO INCRUENTA DE FRATURA","","","AMB","HCO","HSO","REF","","","PROCEDIMENTOS GERAIS","","PROCEDIMENTOS CIRÚRGICOS E INVASIVOS"
"","","","","","","","","","","ARTICULAÇÕES",""
"","","","","","","","","","","SISTEMA MÚSCULO-ESQUELÉTICO E",""
"REDUÇÃO INCRUENTA DE LUXAÇÃO E/OU AVULSÕES","","","AMB","HCO","HSO","REF","","","PROCEDIMENTOS GERAIS","","PROCEDIMENTOS CIRÚRGICOS E INVASIVOS"
"","","","","","","","","","","ARTICULAÇÕES",""
"","","","","","","","","","","SISTEMA MÚSCULO-ESQUELÉTICO E",""
"RESSECÇÃO DE LESÃO COM CIMENTAÇÃO E OSTEOSÍNTESE","","","","HCO","HSO","REF","","","PROCEDIMENTOS GERAIS","","PROCEDIMENTOS CIRÚRGICOS E INVASIVOS"
"","","","","","","","","","","ARTICULAÇÕES",""
"","","","","","","","","","","SISTEMA MÚSCULO-ESQUELÉTICO E",""
"RETIRADA DE CORPO ESTRANHO","","","","HCO","HSO","REF","","","PROCEDIMENTOS GERAIS","","PROCEDIMENTOS CIRÚRGICOS E INVASIVOS"
"","","","","","","","","","","ARTICULAÇÕES",""
"","","","","","","","","","","SISTEMA MÚSCULO-ESQUELÉTICO E",""
"RETIRADA DE ENXERTO ÓSSEO","","","","HCO","HSO","REF","","","PROCEDIMENTOS GERAIS","","PROCEDIMENTOS CIRÚRGICOS E INVASIVOS"
"","","","","","","","","","","ARTICULAÇÕES",""
"","","","","","","","","","","SISTEMA MÚSCULO-ESQUELÉTICO E",""
"REVISÃO DE ARTROPLASTIA (QUALQUER SEGMENTO)","","","","HCO","HSO","REF","","","PROCEDIMENTOS GERAIS","","PROCEDIMENTOS CIRÚRGICOS E INVASIVOS"
"","","","","","","","","","","ARTICULAÇÕES",""
"","","","","","","","","","","SISTEMA MÚSCULO-ESQUELÉTICO E",""
"TRATAMENTO CIRÚRGICO - ENCURTAMENTO COM OU SEM OSTEOSSINTESE","","","","HCO","HSO","REF","","","PROCEDIMENTOS GERAIS","","PROCEDIMENTOS CIRÚRGICOS E INVASIVOS"
"","","","","","","","","","","ARTICULAÇÕES",""
