"","RN","","","","","","","","","",""
"PROCEDIMENTO","VIGÊNCIA","OD","AMB","HCO","HSO","REF","PAC","DUT","SUBGRUPO","GRUPO","CAPÍTULO"
"","(alteração)","","","","","","","","","",""
"","","","","","","","","","","","PROCEDIMENTOS DIAGNÓSTICOS E"
"CINTILOGRAFIA COM ANÁLOGO DE SOMATOSTATINA","","","AMB","HCO","HSO","REF","PAC","","ONCOLOGIA / INFECTOLOGIA - IN VIVO","MEDICINA NUCLEAR",""
"","","","","","","","","","","","TERAPÊUTICOS"
"","","","","","","","","","","","PROCEDIMENTOS DIAGNÓSTICOS E"
"CINTILOGRAFIA COM GÁLIO-67","","","AMB","HCO","HSO","REF","PAC","","ONCOLOGIA / INFECTOLOGIA - IN VIVO","MEDICINA NUCLEAR",""
"","","","","","","","","","","","TERAPÊUTICOS"
"","","","","","","","","","","","PROCEDIMENTOS DIAGNÓSTICOS E"
"CINTILOGRAFIA COM LEUCÓCITOS MARCADOS","","","AMB","HCO","HSO","REF","PAC","","ONCOLOGIA / INFECTOLOGIA - IN VIVO","MEDICINA NUCLEAR",""
"","","","","","","","","","","","TERAPÊUTICOS"
"","","","","","","","","","","","PROCEDIMENTOS DIAGNÓSTICOS E"
"CINTILOGRAFIA COM MIBG (METAIODOBENZILGUANIDINA)","","","AMB","HCO","HSO","REF","PAC","","ONCOLOGIA / INFECTOLOGIA - IN VIVO","MEDICINA NUCLEAR",""
"","","","","","","","","","","","TERAPÊUTICOS"
"","","","","","","","","","","","PROCEDIMENTOS DIAGNÓSTICOS E"
"CINTILOGRAFIA DE MAMA","","","AMB","HCO","HSO","REF","PAC","","ONCOLOGIA / INFECTOLOGIA - IN VIVO","MEDICINA NUCLEAR",""
"","","","","","","","","","","","TERAPÊUTICOS"
"","","","","","","","","","","","PROCEDIMENTOS DIAGNÓSTICOS E"
"DEMARCAÇÃO RADIOISOTÓPICA DE LESÕES TUMORAIS","","","AMB","HCO","HSO","REF","PAC","","ONCOLOGIA / INFECTOLOGIA - IN VIVO","MEDICINA NUCLEAR",""
"","","","","","","","","","","","TERAPÊUTICOS"
"","","","","","","","","","","","PROCEDIMENTOS DIAGNÓSTICOS E"
"DETECÇÃO INTRAOPERATÓRIA RADIOGUIADA DE LESÕES TUMORAIS","","","AMB","HCO","HSO","REF","PAC","","ONCOLOGIA / INFECTOLOGIA - IN VIVO","MEDICINA NUCLEAR",""
"","","","","","","","","","","","TERAPÊUTICOS"
"","","","","","","","","","","","PROCEDIMENTOS DIAGNÓSTICOS E"
"DETECÇÃO INTRAOPERATÓRIA RADIOGUIADA DE LINFONODO SENTINELA","","","AMB","HCO","HSO","REF","PAC","","ONCOLOGIA / INFECTOLOGIA - IN VIVO","MEDICINA NUCLEAR",""
"","","","","","","","","","","","TERAPÊUTICOS"
"","","","","","","","","","","","PROCEDIMENTOS DIAGNÓSTICOS E"
"LINFOCINTILOGRAFIA","","","AMB","HCO","HSO","REF","PAC","","ONCOLOGIA / INFECTOLOGIA - IN VIVO","MEDICINA NUCLEAR",""
"","","","","","","","","","","","TERAPÊUTICOS"
"","","","","","","","","","","","PROCEDIMENTOS DIAGNÓSTICOS E"
"PET-CT ONCOLÓGICO (COM DIRETRIZ DE UTILIZAÇÃO)","","","AMB","","","REF","PAC","60","ONCOLOGIA / INFECTOLOGIA - IN VIVO","MEDICINA NUCLEAR",""
"","","","","","","","","","","","TERAPÊUTICOS"
"","","","","","","","","","","","PROCEDIMENTOS DIAGNÓSTICOS E"
"QUANTIFICAÇÃO DA CAPTAÇÃO PULMONAR COM GÁLIO-67","","","AMB","HCO","HSO","REF","PAC","","ONCOLOGIA / INFECTOLOGIA - IN VIVO","MEDICINA NUCLEAR",""
"","","","","","","","","","","","TERAPÊUTICOS"
"","","","","","","","","","","","PROCEDIMENTOS DIAGNÓSTICOS E"
"CINTILOGRAFIA PARA DETECÇÃO DE ASPIRAÇÃO PULMONAR","","","AMB","HCO","HSO","REF","PAC","","RESPIRATÓRIO -  IN VIVO","MEDICINA NUCLEAR",""
"","","","","","","","","","","","TERAPÊUTICOS"
"","","","","","","","","","","","PROCEDIMENTOS DIAGNÓSTICOS E"
"CINTILOGRAFIA PULMONAR (INALAÇÃO)","","","AMB","HCO","HSO","REF","PAC","","RESPIRATÓRIO -  IN VIVO","MEDICINA NUCLEAR",""
"","","","","","","","","","","","TERAPÊUTICOS"
"","","","","","","","","","","","PROCEDIMENTOS DIAGNÓSTICOS E"
"CINTILOGRAFIA PULMONAR (PERFUSÃO)","","","AMB","HCO","HSO","REF","PAC","","RESPIRATÓRIO -  IN VIVO","MEDICINA NUCLEAR",""
"","","","","","","","","","","","TERAPÊUTICOS"
"","","","","","","","","","","","PROCEDIMENTOS DIAGNÓSTICOS E"
"TRATAMENTO COM METAIODOBENZILGUANIDINA (MIBG)","","","AMB","HCO","HSO","REF","PAC","","TERAPIA - IN VIVO","MEDICINA NUCLEAR",""
"","","","","","","","","","","","TERAPÊUTICOS"
"","","","","","","","","","","","PROCEDIMENTOS DIAGNÓSTICOS E"
"TRATAMENTO DA POLICITEMIA VERA","","","AMB","HCO","HSO","REF","PAC","","TERAPIA - IN VIVO","MEDICINA NUCLEAR",""
"","","","","","","","","","","","TERAPÊUTICOS"
"","","","","","","","","","","","PROCEDIMENTOS DIAGNÓSTICOS E"
"TRATAMENTO DE CÂNCER DA TIREÓIDE","","","AMB","HCO","HSO","REF","PAC","","TERAPIA - IN VIVO","MEDICINA NUCLEAR",""
"","","","","","","","","","","","TERAPÊUTICOS"
"","","","","","","","","","","","PROCEDIMENTOS DIAGNÓSTICOS E"
"TRATAMENTO DE DOR ÓSSEA CAUSADA POR METÁSTASE COM SAMÁRIO-136 OU ESTRÔNCIO-90","","","AMB","HCO","HSO","REF","PAC","","TERAPIA - IN VIVO","MEDICINA NUCLEAR",""
"","","","","","","","","","","","TERAPÊUTICOS"
"","","","","","","","","","","","PROCEDIMENTOS DIAGNÓSTICOS E"
"TRATAMENTO DE HIPERTIREOIDISMO-BÓCIO NODULAR TÓXICO (GRAVES)","","","AMB","HCO","HSO","REF","PAC","","TERAPIA - IN VIVO","MEDICINA NUCLEAR",""
"","","","","","","","","","","","TERAPÊUTICOS"
