"","RN","","","","","","","","","",""
"PROCEDIMENTO","VIGÊNCIA","OD","AMB","HCO","HSO","REF","PAC","DUT","SUBGRUPO","GRUPO","CAPÍTULO"
"","(alteração)","","","","","","","","","",""
"","","","","","","","","","","SISTEMA MÚSCULO-ESQUELÉTICO E",""
"PRÓTESE (IMPLANTE) PARA OSSOS DO CARPO","","","","HCO","HSO","REF","","","MEMBROS SUPERIORES","","PROCEDIMENTOS CIRÚRGICOS E INVASIVOS"
"","","","","","","","","","","ARTICULAÇÕES",""
"","","","","","","","","","","SISTEMA MÚSCULO-ESQUELÉTICO E",""
"PSEUDARTROSE DO ESCAFÓIDE - TRATAMENTO CIRÚRGICO","","","","HCO","HSO","REF","","","MEMBROS SUPERIORES","","PROCEDIMENTOS CIRÚRGICOS E INVASIVOS"
"","","","","","","","","","","ARTICULAÇÕES",""
"","","","","","","","","","","SISTEMA MÚSCULO-ESQUELÉTICO E",""
"PSEUDARTROSE DOS OSSOS DA MÃO - TRATAMENTO CIRÚRGICO","","","","HCO","HSO","REF","","","MEMBROS SUPERIORES","","PROCEDIMENTOS CIRÚRGICOS E INVASIVOS"
"","","","","","","","","","","ARTICULAÇÕES",""
"","","","","","","","","","","SISTEMA MÚSCULO-ESQUELÉTICO E",""
"PSEUDARTROSES, OSTEOTOMIAS, ALONGAMENTOS/ENCURTAMENTOS - TRATAMENTO CIRÚRGICO","","","","HCO","HSO","REF","","","MEMBROS SUPERIORES","","PROCEDIMENTOS CIRÚRGICOS E INVASIVOS"
"","","","","","","","","","","ARTICULAÇÕES",""
"","","","","","","","","","","SISTEMA MÚSCULO-ESQUELÉTICO E",""
"RECONSTRUÇÃO DA FALANGE COM RETALHO HOMODIGITAL","","","AMB","HCO","HSO","REF","","","MEMBROS SUPERIORES","","PROCEDIMENTOS CIRÚRGICOS E INVASIVOS"
"","","","","","","","","","","ARTICULAÇÕES",""
"","","","","","","","","","","SISTEMA MÚSCULO-ESQUELÉTICO E",""
"RECONSTRUÇÃO DE LEITO UNGUEAL","","","AMB","HCO","HSO","REF","","","MEMBROS SUPERIORES","","PROCEDIMENTOS CIRÚRGICOS E INVASIVOS"
"","","","","","","","","","","ARTICULAÇÕES",""
"","","","","","","","","","","SISTEMA MÚSCULO-ESQUELÉTICO E",""
"RECONSTRUÇÃO DO POLEGAR COM RETALHO","","","","HCO","HSO","REF","","","MEMBROS SUPERIORES","","PROCEDIMENTOS CIRÚRGICOS E INVASIVOS"
"","","","","","","","","","","ARTICULAÇÕES",""
"","","","","","","","","","","SISTEMA MÚSCULO-ESQUELÉTICO E",""
"REDUÇÂO INCRUENTA DAS ROTURAS DO APARELHO EXTENSOR DE DEDO","","","AMB","HCO","HSO","REF","","","MEMBROS SUPERIORES","","PROCEDIMENTOS CIRÚRGICOS E INVASIVOS"
"","","","","","","","","","","ARTICULAÇÕES",""
"","","","","","","","","","","SISTEMA MÚSCULO-ESQUELÉTICO E",""
"REIMPLANTE DE MEMBROS OU PARTES","","","","HCO","HSO","REF","","","MEMBROS SUPERIORES","","PROCEDIMENTOS CIRÚRGICOS E INVASIVOS"
"","","","","","","","","","","ARTICULAÇÕES",""
"","","","","","","","","","","SISTEMA MÚSCULO-ESQUELÉTICO E",""
"REPARAÇÃO LIGAMENTAR DO CARPO","","","","HCO","HSO","REF","","","MEMBROS SUPERIORES","","PROCEDIMENTOS CIRÚRGICOS E INVASIVOS"
"","","","","","","","","","","ARTICULAÇÕES",""
"","","","","","","","","","","SISTEMA MÚSCULO-ESQUELÉTICO E",""
"REPARAÇÕES CUTÂNEAS COM RETALHO","","","AMB","HCO","HSO","REF","","","MEMBROS SUPERIORES","","PROCEDIMENTOS CIRÚRGICOS E INVASIVOS"
"","","","","","","","","","","ARTICULAÇÕES",""
"","","","","","","","","","","SISTEMA MÚSCULO-ESQUELÉTICO E",""
"RESSECÇÃO 1ª FILEIRA DOS OSSOS DO CARPO","","","","HCO","HSO","REF","","","MEMBROS SUPERIORES","","PROCEDIMENTOS CIRÚRGICOS E INVASIVOS"
"","","","","","","","","","","ARTICULAÇÕES",""
"","","","","","","","","","","SISTEMA MÚSCULO-ESQUELÉTICO E",""
"RESSECÇÃO DA CABEÇA DO RÁDIO E/ OU DA EXTREMIDADE DISTAL ULNA","","","","HCO","HSO","REF","","","MEMBROS SUPERIORES","","PROCEDIMENTOS CIRÚRGICOS E INVASIVOS"
"","","","","","","","","","","ARTICULAÇÕES",""
"","","","","","","","","","","SISTEMA MÚSCULO-ESQUELÉTICO E",""
"RESSECÇÃO DE APONEUROSE PALMAR","","","","HCO","HSO","REF","","","MEMBROS SUPERIORES","","PROCEDIMENTOS CIRÚRGICOS E INVASIVOS"
"","","","","","","","","","","ARTICULAÇÕES",""
"","","","","","","","","","","SISTEMA MÚSCULO-ESQUELÉTICO E",""
"RESSECÇÃO DE CISTO SINOVIAL","","","AMB","HCO","HSO","REF","","","MEMBROS SUPERIORES","","PROCEDIMENTOS CIRÚRGICOS E INVASIVOS"
"","","","","","","","","","","ARTICULAÇÕES",""
"","","","","","","","","","","SISTEMA MÚSCULO-ESQUELÉTICO E",""
"RESSECÇÃO DE OSSO DO CARPO","","","","HCO","HSO","REF","","","MEMBROS SUPERIORES","","PROCEDIMENTOS CIRÚRGICOS E INVASIVOS"
"","","","","","","","","","","ARTICULAÇÕES",""
"","","","","","","","","","","SISTEMA MÚSCULO-ESQUELÉTICO E",""
"RESSECÇÃO DO PROCESSO ESTILÓIDE DO RÁDIO","","","","HCO","HSO","REF","","","MEMBROS SUPERIORES","","PROCEDIMENTOS CIRÚRGICOS E INVASIVOS"
"","","","","","","","","","","ARTICULAÇÕES",""
"","","","","","","","","","","SISTEMA MÚSCULO-ESQUELÉTICO E",""
"REVASCULARIZAÇÃO DE DEDOS","","","","HCO","HSO","REF","","","MEMBROS SUPERIORES","","PROCEDIMENTOS CIRÚRGICOS E INVASIVOS"
"","","","","","","","","","","ARTICULAÇÕES",""
"","","","","","","","","","","SISTEMA MÚSCULO-ESQUELÉTICO E",""
"SEQUESTRECTOMIA","","","","HCO","HSO","REF","","","MEMBROS SUPERIORES","","PROCEDIMENTOS CIRÚRGICOS E INVASIVOS"
"","","","","","","","","","","ARTICULAÇÕES",""
