"","RN","","","","","","","","","",""
"PROCEDIMENTO","VIGÊNCIA","OD","AMB","HCO","HSO","REF","PAC","DUT","SUBGRUPO","GRUPO","CAPÍTULO"
"","(alteração)","","","","","","","","","",""
"","","","","","","","","","","","PROCEDIMENTOS DIAGNÓSTICOS E"
"ENZIMA CONVERSORA DA ANGIOTENSINA (ECA)","","","AMB","HCO","HSO","REF","","","ENDOCRINOLOGIA LABORATORIAL","PROCEDIMENTOS LABORATORIAIS",""
"","","","","","","","","","","","TERAPÊUTICOS"
"","","","","","","","","","","","PROCEDIMENTOS DIAGNÓSTICOS E"
"ERITROPOIETINA","","","AMB","HCO","HSO","REF","","","ENDOCRINOLOGIA LABORATORIAL","PROCEDIMENTOS LABORATORIAIS",""
"","","","","","","","","","","","TERAPÊUTICOS"
"","","","","","","","","","","","PROCEDIMENTOS DIAGNÓSTICOS E"
"ESTRADIOL","","","AMB","HCO","HSO","REF","","","ENDOCRINOLOGIA LABORATORIAL","PROCEDIMENTOS LABORATORIAIS",""
"","","","","","","","","","","","TERAPÊUTICOS"
"","","","","","","","","","","","PROCEDIMENTOS DIAGNÓSTICOS E"
"ESTRIOL","","","AMB","HCO","HSO","REF","","","ENDOCRINOLOGIA LABORATORIAL","PROCEDIMENTOS LABORATORIAIS",""
"","","","","","","","","","","","TERAPÊUTICOS"
"","","","","","","","","","","","PROCEDIMENTOS DIAGNÓSTICOS E"
"ESTROGÊNIOS TOTAIS (FENOLESTERÓIDES) - PESQUISA E/OU DOSAGEM","","","AMB","HCO","HSO","REF","","","ENDOCRINOLOGIA LABORATORIAL","PROCEDIMENTOS LABORATORIAIS",""
"","","","","","","","","","","","TERAPÊUTICOS"
"","","","","","","","","","","","PROCEDIMENTOS DIAGNÓSTICOS E"
"ESTRONA","","","AMB","HCO","HSO","REF","","","ENDOCRINOLOGIA LABORATORIAL","PROCEDIMENTOS LABORATORIAIS",""
"","","","","","","","","","","","TERAPÊUTICOS"
"","","","","","","","","","","","PROCEDIMENTOS DIAGNÓSTICOS E"
"GASTRINA","","","AMB","HCO","HSO","REF","","","ENDOCRINOLOGIA LABORATORIAL","PROCEDIMENTOS LABORATORIAIS",""
"","","","","","","","","","","","TERAPÊUTICOS"
"","","","","","","","","","","","PROCEDIMENTOS DIAGNÓSTICOS E"
"GLOBULINA DE LIGAÇÃO DE HORMÔNIOS SEXUAIS (SHBG)","","","AMB","HCO","HSO","REF","","","ENDOCRINOLOGIA LABORATORIAL","PROCEDIMENTOS LABORATORIAIS",""
"","","","","","","","","","","","TERAPÊUTICOS"
"","","","","","","","","","","","PROCEDIMENTOS DIAGNÓSTICOS E"
"GLOBULINA TRANSPORTADORA DA TIROXINA (TBG)","","","AMB","HCO","HSO","REF","","","ENDOCRINOLOGIA LABORATORIAL","PROCEDIMENTOS LABORATORIAIS",""
"","","","","","","","","","","","TERAPÊUTICOS"
"","","","","","","","","","","","PROCEDIMENTOS DIAGNÓSTICOS E"
"GLUCAGON","","","AMB","HCO","HSO","REF","","","ENDOCRINOLOGIA LABORATORIAL","PROCEDIMENTOS LABORATORIAIS",""
"","","","","","","","","","","","TERAPÊUTICOS"
"","","","","","","","","","","","PROCEDIMENTOS DIAGNÓSTICOS E"
"HORMÔNIO ADRENOCORTICOTRÓFICO (ACTH)","","","AMB","HCO","HSO","REF","","","ENDOCRINOLOGIA LABORATORIAL","PROCEDIMENTOS LABORATORIAIS",""
"","","","","","","","","","","","TERAPÊUTICOS"
"","","","","","","","","","","","PROCEDIMENTOS DIAGNÓSTICOS E"
"HORMÔNIO ANTIDIURÉTICO (VASOPRESSINA)","","","AMB","HCO","HSO","REF","","","ENDOCRINOLOGIA LABORATORIAL","PROCEDIMENTOS LABORATORIAIS",""
"","","","","","","","","","","","TERAPÊUTICOS"
"","","","","","","","","","","","PROCEDIMENTOS DIAGNÓSTICOS E"
"HORMÔNIO DO CRESCIMENTO (HGH)","","","AMB","HCO","HSO","REF","","","ENDOCRINOLOGIA LABORATORIAL","PROCEDIMENTOS LABORATORIAIS",""
"","","","","","","","","","","","TERAPÊUTICOS"
"","","","","","","","","","","","PROCEDIMENTOS DIAGNÓSTICOS E"
"HORMÔNIO FOLÍCULO ESTIMULANTE (FSH)","","","AMB","HCO","HSO","REF","","","ENDOCRINOLOGIA LABORATORIAL","PROCEDIMENTOS LABORATORIAIS",""
"","","","","","","","","","","","TERAPÊUTICOS"
"","","","","","","","","","","","PROCEDIMENTOS DIAGNÓSTICOS E"
"HORMÔNIO GONADOTRÓFICO CORIÔNICO QUANTITATIVO (HCG-BETA-HCG)","","","AMB","HCO","HSO","REF","","","ENDOCRINOLOGIA LABORATORIAL","PROCEDIMENTOS LABORATORIAIS",""
"","","","","","","","","","","","TERAPÊUTICOS"
"","","","","","","","","","","","PROCEDIMENTOS DIAGNÓSTICOS E"
"HORMÔNIO LUTEINIZANTE (LH)","","","AMB","HCO","HSO","REF","","","ENDOCRINOLOGIA LABORATORIAL","PROCEDIMENTOS LABORATORIAIS",""
"","","","","","","","","","","","TERAPÊUTICOS"
"","","","","","","","","","","","PROCEDIMENTOS DIAGNÓSTICOS E"
"HORMÔNIO TIREOESTIMULANTE (TSH)","","","AMB","HCO","HSO","REF","","","ENDOCRINOLOGIA LABORATORIAL","PROCEDIMENTOS LABORATORIAIS",""
"","","","","","","","","","","","TERAPÊUTICOS"
"","","","","","","","","","","","PROCEDIMENTOS DIAGNÓSTICOS E"
"IGFBP3, PROTEÍNA DE LIGAÇÃO AO FATOR DE CRESCIMENTO SEMELHANTE À INSULINA - 3","","","AMB","HCO","HSO","REF","","","ENDOCRINOLOGIA LABORATORIAL","PROCEDIMENTOS LABORATORIAIS",""
"","","","","","","","","","","","TERAPÊUTICOS"
"","","","","","","","","","","","PROCEDIMENTOS DIAGNÓSTICOS E"
"ÍNDICE DE TIROXINA LIVRE (ITL)","","","AMB","HCO","HSO","REF","","","ENDOCRINOLOGIA LABORATORIAL","PROCEDIMENTOS LABORATORIAIS",""
"","","","","","","","","","","","TERAPÊUTICOS"
