"","RN","","","","","","","","","",""
"PROCEDIMENTO","VIGÊNCIA","OD","AMB","HCO","HSO","REF","PAC","DUT","SUBGRUPO","GRUPO","CAPÍTULO"
"","(alteração)","","","","","","","","","",""
"","","","","","","","","","","","PROCEDIMENTOS DIAGNÓSTICOS E"
"HEMOGLOBINA, ELETROFORESE","","","AMB","HCO","HSO","REF","","","HEMATOLOGIA LABORATORIAL","PROCEDIMENTOS LABORATORIAIS",""
"","","","","","","","","","","","TERAPÊUTICOS"
"","","","","","","","","","","","PROCEDIMENTOS DIAGNÓSTICOS E"
"HEMOGLOBINOPATIA, TRIAGEM NEONATAL","","","AMB","HCO","HSO","REF","","","HEMATOLOGIA LABORATORIAL","PROCEDIMENTOS LABORATORIAIS",""
"","","","","","","","","","","","TERAPÊUTICOS"
"HEMOGRAMA COMPLETO [INCLUI: CONTAGEM GLOBAL DE LEUCÓCITOS; CONTAGEM GLOBAL DE","","","","","","","","","","",""
"ERITRÓCITOS; HEMATÓCRITO; HEMOGLOBINA; ÍNDICES HEMATIMÉTRICOS; CONTAGEM GLOBAL DE","","","","","","","","","","","PROCEDIMENTOS DIAGNÓSTICOS E"
"","","","AMB","HCO","HSO","REF","","","HEMATOLOGIA LABORATORIAL","PROCEDIMENTOS LABORATORIAIS",""
"PLAQUETAS; CONTAGEM DIFERENCIAL DE LEUCÓCITOS (NEUTRÓFILOS, BASTÕES, EOSINÓFILOS,","","","","","","","","","","","TERAPÊUTICOS"
"BASÓFILOS, MONÓCITOS, LINFÓCITOS); E EXAME MICROSCÓPICO DE ESFREGAÇO DE SANGUE CORADO]","","","","","","","","","","",""
"","","","","","","","","","","","PROCEDIMENTOS DIAGNÓSTICOS E"
"HEMOSSEDIMENTAÇÃO, (VHS)","","","AMB","HCO","HSO","REF","","","HEMATOLOGIA LABORATORIAL","PROCEDIMENTOS LABORATORIAIS",""
"","","","","","","","","","","","TERAPÊUTICOS"
"","","","","","","","","","","","PROCEDIMENTOS DIAGNÓSTICOS E"
"HEMOSSIDERINA","","","AMB","HCO","HSO","REF","","","HEMATOLOGIA LABORATORIAL","PROCEDIMENTOS LABORATORIAIS",""
"","","","","","","","","","","","TERAPÊUTICOS"
"","","","","","","","","","","","PROCEDIMENTOS DIAGNÓSTICOS E"
"IMUNOFENOTIPAGEM DE SUBPOPULAÇÕES LINFOCITÁRIAS - CITOMETRIA DE FLUXO","","","AMB","HCO","HSO","REF","PAC","","HEMATOLOGIA LABORATORIAL","PROCEDIMENTOS LABORATORIAIS",""
"","","","","","","","","","","","TERAPÊUTICOS"
"","","","","","","","","","","","PROCEDIMENTOS DIAGNÓSTICOS E"
"IMUNOFENOTIPAGEM PARA DOENÇA RESIDUAL MÍNIMA","","","AMB","HCO","HSO","REF","PAC","","HEMATOLOGIA LABORATORIAL","PROCEDIMENTOS LABORATORIAIS",""
"","","","","","","","","","","","TERAPÊUTICOS"
"","","","","","","","","","","","PROCEDIMENTOS DIAGNÓSTICOS E"
"IMUNOFENOTIPAGEM PARA HEMOGLOBINÚRIA PAROXISTICA NOTURNA","","","AMB","HCO","HSO","REF","PAC","","HEMATOLOGIA LABORATORIAL","PROCEDIMENTOS LABORATORIAIS",""
"","","","","","","","","","","","TERAPÊUTICOS"
"IMUNOFENOTIPAGEM PARA LEUCEMIAS AGUDAS E CRÔNICAS, SINDROME MIELODISPLÁSICA E","","","","","","","","","","","PROCEDIMENTOS DIAGNÓSTICOS E"
"","","","AMB","HCO","HSO","REF","PAC","","HEMATOLOGIA LABORATORIAL","PROCEDIMENTOS LABORATORIAIS",""
"TRANSTORNOS MIELOPROLIFERATIVOS","","","","","","","","","","","TERAPÊUTICOS"
"","","","","","","","","","","","PROCEDIMENTOS DIAGNÓSTICOS E"
"IMUNOFENOTIPAGEM PARA LINFOMAS NÃO-HODGKIN / SINDROMES LINFOPROLIFERATIVAS CRÔNICAS","","","AMB","HCO","HSO","REF","PAC","","HEMATOLOGIA LABORATORIAL","PROCEDIMENTOS LABORATORIAIS",""
"","","","","","","","","","","","TERAPÊUTICOS"
"","","","","","","","","","","","PROCEDIMENTOS DIAGNÓSTICOS E"
"INIBIDOR DO FATOR IX, DOSAGEM OU PESQUISA","","","AMB","HCO","HSO","REF","","","HEMATOLOGIA LABORATORIAL","PROCEDIMENTOS LABORATORIAIS",""
"","","","","","","","","","","","TERAPÊUTICOS"
"","","","","","","","","","","","PROCEDIMENTOS DIAGNÓSTICOS E"
"INIBIDOR DOS FATORES DA HEMOSTASIA (COM DIRETRIZ DE UTILIZAÇÃO)","","","AMB","HCO","HSO","REF","PAC","49","HEMATOLOGIA LABORATORIAL","PROCEDIMENTOS LABORATORIAIS",""
"","","","","","","","","","","","TERAPÊUTICOS"
"","","","","","","","","","","","PROCEDIMENTOS DIAGNÓSTICOS E"
"LINFONODO, EXAME DE ESFREGAÇO DE ASPIRADO","","","AMB","HCO","HSO","REF","","","HEMATOLOGIA LABORATORIAL","PROCEDIMENTOS LABORATORIAIS",""
"","","","","","","","","","","","TERAPÊUTICOS"
"","","","","","","","","","","","PROCEDIMENTOS DIAGNÓSTICOS E"
"META-HEMOGLOBINA","","","AMB","HCO","HSO","REF","","","HEMATOLOGIA LABORATORIAL","PROCEDIMENTOS LABORATORIAIS",""
"","","","","","","","","","","","TERAPÊUTICOS"
"","","","","","","","","","","","PROCEDIMENTOS DIAGNÓSTICOS E"
"MIELOGRAMA","","","AMB","HCO","HSO","REF","","","HEMATOLOGIA LABORATORIAL","PROCEDIMENTOS LABORATORIAIS",""
"","","","","","","","","","","","TERAPÊUTICOS"
"","","","","","","","","","","","PROCEDIMENTOS DIAGNÓSTICOS E"
"PIRUVATO QUINASE, TRIAGEM PARA DEFICIÊNCIA","","","AMB","HCO","HSO","REF","","","HEMATOLOGIA LABORATORIAL","PROCEDIMENTOS LABORATORIAIS",""
"","","","","","","","","","","","TERAPÊUTICOS"
"","","","","","","","","","","","PROCEDIMENTOS DIAGNÓSTICOS E"
"PLAQUETAS, TESTE DE AGREGAÇÃO","","","AMB","HCO","HSO","REF","","","HEMATOLOGIA LABORATORIAL","PROCEDIMENTOS LABORATORIAIS",""
"","","","","","","","","","","","TERAPÊUTICOS"
"","","","","","","","","","","","PROCEDIMENTOS DIAGNÓSTICOS E"
"PLASMINOGÊNIO, DOSAGEM","","","AMB","HCO","HSO","REF","","","HEMATOLOGIA LABORATORIAL","PROCEDIMENTOS LABORATORIAIS",""
"","","","","","","","","","","","TERAPÊUTICOS"
"","","","","","","","","","","","PROCEDIMENTOS DIAGNÓSTICOS E"
"PROTEÍNA C, FUNCIONAL","","","AMB","HCO","HSO","REF","","","HEMATOLOGIA LABORATORIAL","PROCEDIMENTOS LABORATORIAIS",""
"","","","","","","","","","","","TERAPÊUTICOS"
