"","RN","","","","","","","","","",""
"PROCEDIMENTO","VIGÊNCIA","OD","AMB","HCO","HSO","REF","PAC","DUT","SUBGRUPO","GRUPO","CAPÍTULO"
"","(alteração)","","","","","","","","","",""
"COLEDOSCOPIA INTRA-OPERATÓRIA","","","","HCO","HSO","REF","","","FÍGADO E VIAS BILIARES","SISTEMA DIGESTIVO E ANEXOS","PROCEDIMENTOS CIRÚRGICOS E INVASIVOS"
"DERIVAÇÃO PORTO SISTÊMICA","","","","HCO","HSO","REF","","","FÍGADO E VIAS BILIARES","SISTEMA DIGESTIVO E ANEXOS","PROCEDIMENTOS CIRÚRGICOS E INVASIVOS"
"DESCONEXÃO ÁZIGOS - PORTAL COM OU SEM ESPLENECTOMIA","","","","HCO","HSO","REF","","","FÍGADO E VIAS BILIARES","SISTEMA DIGESTIVO E ANEXOS","PROCEDIMENTOS CIRÚRGICOS E INVASIVOS"
"DESCONEXÃO ÁZIGOS - PORTAL COM OU SEM ESPLENECTOMIA POR VIDEOLAPAROSCOPIA","","","","HCO","HSO","REF","","","FÍGADO E VIAS BILIARES","SISTEMA DIGESTIVO E ANEXOS","PROCEDIMENTOS CIRÚRGICOS E INVASIVOS"
"DESVASCULARIZAÇÃO HEPÁTICA","","","","HCO","HSO","REF","","","FÍGADO E VIAS BILIARES","SISTEMA DIGESTIVO E ANEXOS","PROCEDIMENTOS CIRÚRGICOS E INVASIVOS"
"DRENAGEM BILIAR TRANS-HEPÁTICA","","","","HCO","HSO","REF","","","FÍGADO E VIAS BILIARES","SISTEMA DIGESTIVO E ANEXOS","PROCEDIMENTOS CIRÚRGICOS E INVASIVOS"
"ENUCLEAÇÃO DE METÁSTASES HEPÁTICAS","","","","HCO","HSO","REF","","","FÍGADO E VIAS BILIARES","SISTEMA DIGESTIVO E ANEXOS","PROCEDIMENTOS CIRÚRGICOS E INVASIVOS"
"ENUCLEAÇÃO DE METÁSTASES HEPÁTICAS POR VIDEOLAPAROSCOPIA","","","","HCO","HSO","REF","","","FÍGADO E VIAS BILIARES","SISTEMA DIGESTIVO E ANEXOS","PROCEDIMENTOS CIRÚRGICOS E INVASIVOS"
"ESCLEROSE PERCUTÂNEA DIRIGIDA OU NÃO DE TUMOR HEPÁTICO (ALCOOLIZAÇÃO)","","","","HCO","HSO","REF","","","FÍGADO E VIAS BILIARES","SISTEMA DIGESTIVO E ANEXOS","PROCEDIMENTOS CIRÚRGICOS E INVASIVOS"
"HEPATORRAFIA","","","","HCO","HSO","REF","","","FÍGADO E VIAS BILIARES","SISTEMA DIGESTIVO E ANEXOS","PROCEDIMENTOS CIRÚRGICOS E INVASIVOS"
"HEPATORRAFIA COMPLEXA C/LESÃO DE ESTRUTURAS VASCULARES BILIARES","","","","HCO","HSO","REF","","","FÍGADO E VIAS BILIARES","SISTEMA DIGESTIVO E ANEXOS","PROCEDIMENTOS CIRÚRGICOS E INVASIVOS"
"LOBECTOMIA HEPÁTICA","","","","HCO","HSO","REF","","","FÍGADO E VIAS BILIARES","SISTEMA DIGESTIVO E ANEXOS","PROCEDIMENTOS CIRÚRGICOS E INVASIVOS"
"PAPILOTOMIA TRANSDUODENAL","","","","HCO","HSO","REF","","","FÍGADO E VIAS BILIARES","SISTEMA DIGESTIVO E ANEXOS","PROCEDIMENTOS CIRÚRGICOS E INVASIVOS"
"PUNÇÃO HEPÁTICA PARA DRENAGEM DE ABSCESSOS","","","","HCO","HSO","REF","","","FÍGADO E VIAS BILIARES","SISTEMA DIGESTIVO E ANEXOS","PROCEDIMENTOS CIRÚRGICOS E INVASIVOS"
"PUNÇÃO HEPÁTICA PARA DRENAGEM DE ABSCESSOS POR VIDEOLAPAROSCOPIA","","","","HCO","HSO","REF","","","FÍGADO E VIAS BILIARES","SISTEMA DIGESTIVO E ANEXOS","PROCEDIMENTOS CIRÚRGICOS E INVASIVOS"
"CISTO DE COLÉDOCO - TRATAMENTO CIRÚRGICO","","","","HCO","HSO","REF","","","FÍGADO E VIAS BILIARES","SISTEMA DIGESTIVO E ANEXOS","PROCEDIMENTOS CIRÚRGICOS E INVASIVOS"
"ABLAÇÃO POR RADIOFREQUÊNCIA/CRIOABLAÇÃO PERCUTÂNEA DO CÂNCER PRIMÁRIO HEPÁTICO GUIADA","","","","","","","","","","",""
"","","","","HCO","HSO","REF","","1","FÍGADO E VIAS BILIARES","SISTEMA DIGESTIVO E ANEXOS","PROCEDIMENTOS CIRÚRGICOS E INVASIVOS"
"POR ULTRASSONOGRAFIA E/OU TOMOGRAFIA COMPUTADORIZADA (COM DIRETRIZ DE UTILIZAÇÃO)","","","","","","","","","","",""
"ABLAÇÃO POR RADIOFREQUÊNCIA/CRIOABLAÇÃO DO CÂNCER PRIMÁRIO HEPÁTICO POR LAPAROTOMIA","","","","","","","","","","",""
"","","","","HCO","HSO","REF","","1","FÍGADO E VIAS BILIARES","SISTEMA DIGESTIVO E ANEXOS","PROCEDIMENTOS CIRÚRGICOS E INVASIVOS"
"(COM DIRETRIZ DE UTILIZAÇÃO)","","","","","","","","","","",""
"ABLAÇÃO POR RADIOFREQUÊNCIA/CRIOABLAÇÃO DO CÂNCER PRIMÁRIO HEPÁTICO POR","","","","","","","","","","",""
"","","","","HCO","HSO","REF","","1","FÍGADO E VIAS BILIARES","SISTEMA DIGESTIVO E ANEXOS","PROCEDIMENTOS CIRÚRGICOS E INVASIVOS"
"VIDEOLAPAROSCOPIA (COM DIRETRIZ DE UTILIZAÇÃO)","","","","","","","","","","",""
