"","RN","","","","","","","","","","",""
"PROCEDIMENTO","VIGÊNCIA","OD","AMB","HCO","HSO","REF","PAC","DUT","SUBGRUPO","","GRUPO","CAPÍTULO"
"","(alteração)","","","","","","","","","","",""
"RESSECÇÃO DE TUMORES PALPEBRAIS","","","AMB","HCO","HSO","REF","","","PÁLPEBRA","OLHOS","","PROCEDIMENTOS CIRÚRGICOS E INVASIVOS"
"RETRAÇÃO PALPEBRAL - CORREÇÃO CIRÚRGICA","","","AMB","HCO","HSO","REF","","","PÁLPEBRA","OLHOS","","PROCEDIMENTOS CIRÚRGICOS E INVASIVOS"
"SIMBLÉFARO COM OU SEM ENXERTO - CORREÇÃO CIRÚRGICA","","","","HCO","HSO","REF","","","PÁLPEBRA","OLHOS","","PROCEDIMENTOS CIRÚRGICOS E INVASIVOS"
"SUPERCÍLIO - RECONSTRUÇÃO","","","","HCO","HSO","REF","","","PÁLPEBRA","OLHOS","","PROCEDIMENTOS CIRÚRGICOS E INVASIVOS"
"SUTURA DE PÁLPEBRA","","","AMB","HCO","HSO","REF","","","PÁLPEBRA","OLHOS","","PROCEDIMENTOS CIRÚRGICOS E INVASIVOS"
"TARSORRAFIA","","","AMB","HCO","HSO","REF","","","PÁLPEBRA","OLHOS","","PROCEDIMENTOS CIRÚRGICOS E INVASIVOS"
"TELECANTO - CORREÇÃO CIRÚRGICA","","","AMB","HCO","HSO","REF","","","PÁLPEBRA","OLHOS","","PROCEDIMENTOS CIRÚRGICOS E INVASIVOS"
"TRIQUÍASE COM OU SEM ENXERTO","","","AMB","HCO","HSO","REF","","","PÁLPEBRA","OLHOS","","PROCEDIMENTOS CIRÚRGICOS E INVASIVOS"
"CORREÇÃO DA ENOFTALMIA","","","","HCO","HSO","REF","","","CAVIDADE ORBITÁRIA","OLHOS","","PROCEDIMENTOS CIRÚRGICOS E INVASIVOS"
"DESCOMPRESSÃO DE ÓRBITA OU NERVO ÓTICO","","","","HCO","HSO","REF","","","CAVIDADE ORBITÁRIA","OLHOS","","PROCEDIMENTOS CIRÚRGICOS E INVASIVOS"
"EXENTERAÇÃO DE ÓRBITA COM OU SEM OSTEOTOMIA","","","","HCO","HSO","REF","","","CAVIDADE ORBITÁRIA","OLHOS","","PROCEDIMENTOS CIRÚRGICOS E INVASIVOS"
"EXÉRESE DE TUMOR COM ABORDAGEM CRANIOFACIAL ONCOLÓGICA (TEMPO FACIAL) PÁLPEBRA, CAVIDADE","","","","","","","","","","","",""
"","","","","HCO","HSO","REF","","","CAVIDADE ORBITÁRIA","OLHOS","","PROCEDIMENTOS CIRÚRGICOS E INVASIVOS"
"ORBITÁRIA E OLHOS","","","","","","","","","","","",""
"EXÉRESE OU RESSECÇÃO DE TUMOR DE ÓRBITA","","","","HCO","HSO","REF","","","CAVIDADE ORBITÁRIA","OLHOS","","PROCEDIMENTOS CIRÚRGICOS E INVASIVOS"
"FRATURA DE ÓRBITA - REDUÇÃO CIRÚRGICA COM OU SEM ENXERTO ÓSSEO","","","","HCO","HSO","REF","","","CAVIDADE ORBITÁRIA","OLHOS","","PROCEDIMENTOS CIRÚRGICOS E INVASIVOS"
"IMPLANTE SECUNDÁRIO DE ÓRBITA","","","","HCO","HSO","REF","","","CAVIDADE ORBITÁRIA","OLHOS","","PROCEDIMENTOS CIRÚRGICOS E INVASIVOS"
"MICROCIRURGIA PARA TUMORES ORBITÁRIOS","","","","HCO","HSO","REF","","","CAVIDADE ORBITÁRIA","OLHOS","","PROCEDIMENTOS CIRÚRGICOS E INVASIVOS"
"RECONSTITUIÇÃO DE PAREDES ORBITÁRIAS","","","","HCO","HSO","REF","","","CAVIDADE ORBITÁRIA","OLHOS","","PROCEDIMENTOS CIRÚRGICOS E INVASIVOS"
"RECONSTRUÇÃO DA CAVIDADE ORBITAL","","","","HCO","HSO","REF","","","CAVIDADE ORBITÁRIA","OLHOS","","PROCEDIMENTOS CIRÚRGICOS E INVASIVOS"
"RESSECÇÃO DE TUMORES DA CAVIDADE ORBITÁRIA","","","","HCO","HSO","REF","","","CAVIDADE ORBITÁRIA","OLHOS","","PROCEDIMENTOS CIRÚRGICOS E INVASIVOS"
