"","RN","","","","","","","","","",""
"PROCEDIMENTO","VIGÊNCIA","OD","AMB","HCO","HSO","REF","PAC","DUT","SUBGRUPO","GRUPO","CAPÍTULO"
"","(alteração)","","","","","","","","","",""
"","","","","","","","","","","ELETROFISIOLÓGICOS / MECÂNICOS E","PROCEDIMENTOS DIAGNÓSTICOS E"
"CURVA I/T - MEDIDA DE LATÊNCIA DE NERVO PERIFÉRICO","","","AMB","HCO","HSO","REF","","","EXAMES ÓSTEO - MÚSCULO - ARTICULARES","",""
"","","","","","","","","","","FUNCIONAIS","TERAPÊUTICOS"
"SISTEMA TRIDIMENSIONAL DE AVALIAÇÃO DO MOVIMENTO QUE INCLUI VÍDEO ACOPLADO À PLATAFORMA DA","","","","","","","","","","ELETROFISIOLÓGICOS / MECÂNICOS E","PROCEDIMENTOS DIAGNÓSTICOS E"
"","","","AMB","HCO","HSO","REF","","","EXAMES ÓSTEO - MÚSCULO - ARTICULARES","",""
"FORÇA E ELETROMIOGRAFIA","","","","","","","","","","FUNCIONAIS","TERAPÊUTICOS"
"","","","","","","","","","","ELETROFISIOLÓGICOS / MECÂNICOS E","PROCEDIMENTOS DIAGNÓSTICOS E"
"DETERMINAÇÃO DAS PRESSÕES RESPIRATÓRIAS MÁXIMAS","","","AMB","HCO","HSO","REF","","","FUNÇÃO RESPIRATÓRIA","",""
"","","","","","","","","","","FUNCIONAIS","TERAPÊUTICOS"
"","","","","","","","","","","ELETROFISIOLÓGICOS / MECÂNICOS E","PROCEDIMENTOS DIAGNÓSTICOS E"
"DETERMINAÇÃO DOS VOLUMES PULMONARES POR PLETISMOGRAFIA OU POR DILUIÇÃO DE GASES","","","AMB","HCO","HSO","REF","","","FUNÇÃO RESPIRATÓRIA","",""
"","","","","","","","","","","FUNCIONAIS","TERAPÊUTICOS"
"","","","","","","","","","","ELETROFISIOLÓGICOS / MECÂNICOS E","PROCEDIMENTOS DIAGNÓSTICOS E"
"MEDIDA DA DIFUSÃO DO MONÓXIDO DE CARBONO","","","AMB","HCO","HSO","REF","","","FUNÇÃO RESPIRATÓRIA","",""
"","","","","","","","","","","FUNCIONAIS","TERAPÊUTICOS"
"","","","","","","","","","","ELETROFISIOLÓGICOS / MECÂNICOS E","PROCEDIMENTOS DIAGNÓSTICOS E"
"MEDIDA DE PICO DE FLUXO EXPIRATÓRIO","","","AMB","HCO","HSO","REF","","","FUNÇÃO RESPIRATÓRIA","",""
"","","","","","","","","","","FUNCIONAIS","TERAPÊUTICOS"
"","","","","","","","","","","ELETROFISIOLÓGICOS / MECÂNICOS E","PROCEDIMENTOS DIAGNÓSTICOS E"
"PROVA DE FUNÇÃO PULMONAR COMPLETA (OU ESPIROMETRIA)","","","AMB","HCO","HSO","REF","","","FUNÇÃO RESPIRATÓRIA","",""
"","","","","","","","","","","FUNCIONAIS","TERAPÊUTICOS"
"","","","","","","","","","","ELETROFISIOLÓGICOS / MECÂNICOS E","PROCEDIMENTOS DIAGNÓSTICOS E"
"RESISTÊNCIA DAS VIAS AÉREAS POR OSCILOMETRIA","","","AMB","HCO","HSO","REF","","","FUNÇÃO RESPIRATÓRIA","",""
"","","","","","","","","","","FUNCIONAIS","TERAPÊUTICOS"
"","","","","","","","","","","ELETROFISIOLÓGICOS / MECÂNICOS E","PROCEDIMENTOS DIAGNÓSTICOS E"
"RESISTÊNCIA DAS VIAS AÉREAS POR PLETISMOGRAFIA","","","AMB","HCO","HSO","REF","","","FUNÇÃO RESPIRATÓRIA","",""
"","","","","","","","","","","FUNCIONAIS","TERAPÊUTICOS"
"","","","","","","","","","ENDOSCOPIA DIAGNÓSTICA OU","","PROCEDIMENTOS DIAGNÓSTICOS E"
"AVALIAÇÃO ENDOSCÓPICA DA DEGLUTIÇÃO (FEES)","","","AMB","HCO","HSO","REF","","","","ENDOSCÓPICOS",""
"","","","","","","","","","INTERVENCIONISTA","","TERAPÊUTICOS"
"","","","","","","","","","ENDOSCOPIA DIAGNÓSTICA OU","","PROCEDIMENTOS DIAGNÓSTICOS E"
"AMNIOSCOPIA","","","AMB","HCO","HSO","REF","","","","ENDOSCÓPICOS",""
"","","","","","","","","","INTERVENCIONISTA","","TERAPÊUTICOS"
"","","","","","","","","","ENDOSCOPIA DIAGNÓSTICA OU","","PROCEDIMENTOS DIAGNÓSTICOS E"
"ARITENOIDECTOMIA MICROCIRÚRGICA ENDOSCÓPICA","","","","HCO","HSO","REF","","","","ENDOSCÓPICOS",""
"","","","","","","","","","INTERVENCIONISTA","","TERAPÊUTICOS"
"","","","","","","","","","ENDOSCOPIA DIAGNÓSTICA OU","","PROCEDIMENTOS DIAGNÓSTICOS E"
"BIÓPSIAS POR LAPAROSCOPIA","","","","HCO","HSO","REF","","","","ENDOSCÓPICOS",""
"","","","","","","","","","INTERVENCIONISTA","","TERAPÊUTICOS"
"","","","","","","","","","ENDOSCOPIA DIAGNÓSTICA OU","","PROCEDIMENTOS DIAGNÓSTICOS E"
"BRONCOSCOPIA COM BIÓPSIA TRANSBRÔNQUICA COM ACOMPANHAMENTO RADIOSCÓPICO","","","","HCO","HSO","REF","PAC","","","ENDOSCÓPICOS",""
"","","","","","","","","","INTERVENCIONISTA","","TERAPÊUTICOS"
"BRONCOSCOPIA COM OU SEM BIÓPSIA, ASPIRADO, ESCOVADO, LAVADO BRONCOALVEOLAR, PUNÇÃO,","","","","","","","","","ENDOSCOPIA DIAGNÓSTICA OU","","PROCEDIMENTOS DIAGNÓSTICOS E"
"","","","AMB","HCO","HSO","REF","","","","ENDOSCÓPICOS",""
"CATETER PROTEGIDO E CURETA","","","","","","","","","INTERVENCIONISTA","","TERAPÊUTICOS"
"","","","","","","","","","ENDOSCOPIA DIAGNÓSTICA OU","","PROCEDIMENTOS DIAGNÓSTICOS E"
"CECOSTOMIA","","","","HCO","HSO","REF","","","","ENDOSCÓPICOS",""
"","","","","","","","","","INTERVENCIONISTA","","TERAPÊUTICOS"
"","","","","","","","","","ENDOSCOPIA DIAGNÓSTICA OU","","PROCEDIMENTOS DIAGNÓSTICOS E"
"CISTOSCOPIA E/OU URETROSCOPIA","","","AMB","HCO","HSO","REF","","","","ENDOSCÓPICOS",""
"","","","","","","","","","INTERVENCIONISTA","","TERAPÊUTICOS"
"","","","","","","","","","ENDOSCOPIA DIAGNÓSTICA OU","","PROCEDIMENTOS DIAGNÓSTICOS E"
"COLAGEM DE FÍSTULA POR VIA ENDOSCÓPICA","","","AMB","HCO","HSO","REF","","","","ENDOSCÓPICOS",""
"","","","","","","","","","INTERVENCIONISTA","","TERAPÊUTICOS"
"","","","","","","","","","ENDOSCOPIA DIAGNÓSTICA OU","","PROCEDIMENTOS DIAGNÓSTICOS E"
"COLANGIOPANCREATOGRAFIA RETRÓGRADA ENDOSCÓPICA","","","AMB","HCO","HSO","REF","","","","ENDOSCÓPICOS",""
"","","","","","","","","","INTERVENCIONISTA","","TERAPÊUTICOS"
