"","RN","","","","","","","","","",""
"PROCEDIMENTO","VIGÊNCIA","OD","AMB","HCO","HSO","REF","PAC","DUT","SUBGRUPO","GRUPO","CAPÍTULO"
"","(alteração)","","","","","","","","","",""
"URETROSTOMIA","","","","HCO","HSO","REF","","","URETRA","SISTEMA URINÁRIO","PROCEDIMENTOS CIRÚRGICOS E INVASIVOS"
"URETROTOMIA INTERNA COM OU SEM PRÓTESE ENDOURETRAL","","","","HCO","HSO","REF","","","URETRA","SISTEMA URINÁRIO","PROCEDIMENTOS CIRÚRGICOS E INVASIVOS"
"","","","","","","","","","","SISTEMA GENITAL E REPRODUTOR",""
"ABSCESSO DE PRÓSTATA - DRENAGEM","","","","HCO","HSO","REF","","","PRÓSTATA E VESÍCULAS SEMINAIS","","PROCEDIMENTOS CIRÚRGICOS E INVASIVOS"
"","","","","","","","","","","MASCULINO",""
"","","","","","","","","","","SISTEMA GENITAL E REPRODUTOR",""
"ADENOMA - RESSECÇÃO","","","","HCO","HSO","REF","","","PRÓSTATA E VESÍCULAS SEMINAIS","","PROCEDIMENTOS CIRÚRGICOS E INVASIVOS"
"","","","","","","","","","","MASCULINO",""
"","","","","","","","","","","SISTEMA GENITAL E REPRODUTOR",""
"BIÓPSIA PROSTÁTICA","","","","HCO","HSO","REF","","","PRÓSTATA E VESÍCULAS SEMINAIS","","PROCEDIMENTOS CIRÚRGICOS E INVASIVOS"
"","","","","","","","","","","MASCULINO",""
"","","","","","","","","","","SISTEMA GENITAL E REPRODUTOR",""
"FOTOVAPORIZAÇÃO DE PRÓSTATA A LASER POR VIA ENDOSCÓPICA","582/2023
01/08/2023","","","HCO","HSO","REF","","","PRÓSTATA E VESÍCULAS SEMINAIS","","PROCEDIMENTOS CIRÚRGICOS E INVASIVOS"
"","","","","","","","","","","MASCULINO",""
"","","","","","","","","","","SISTEMA GENITAL E REPRODUTOR",""
"HEMORRAGIA DA LOJA PROSTÁTICA - EVACUAÇÃO E IRRIGAÇÃO","","","","HCO","HSO","REF","","","PRÓSTATA E VESÍCULAS SEMINAIS","","PROCEDIMENTOS CIRÚRGICOS E INVASIVOS"
"","","","","","","","","","","MASCULINO",""
"","","","","","","","","","","SISTEMA GENITAL E REPRODUTOR",""
"HEMORRAGIA DA LOJA PROSTÁTICA - REVISÃO E/OU HEMOSTASIA ENDOSCÓPICA","","","","HCO","HSO","REF","","","PRÓSTATA E VESÍCULAS SEMINAIS","","PROCEDIMENTOS CIRÚRGICOS E INVASIVOS"
"","","","","","","","","","","MASCULINO",""
"","","","","","","","","","","SISTEMA GENITAL E REPRODUTOR",""
"HIPERTROFIA PROSTÁTICA - IMPLANTE DE PRÓTESE","","","","HCO","HSO","REF","","","PRÓSTATA E VESÍCULAS SEMINAIS","","PROCEDIMENTOS CIRÚRGICOS E INVASIVOS"
"","","","","","","","","","","MASCULINO",""
"","","","","","","","","","","SISTEMA GENITAL E REPRODUTOR",""
"HIPERTROFIA PROSTÁTICA - TRATAMENTO POR DILATAÇÃO","","","","HCO","HSO","REF","","","PRÓSTATA E VESÍCULAS SEMINAIS","","PROCEDIMENTOS CIRÚRGICOS E INVASIVOS"
"","","","","","","","","","","MASCULINO",""
"","","","","","","","","","","SISTEMA GENITAL E REPRODUTOR",""
"PROSTATAVESICULECTOMIA","","","","HCO","HSO","REF","","","PRÓSTATA E VESÍCULAS SEMINAIS","","PROCEDIMENTOS CIRÚRGICOS E INVASIVOS"
"","","","","","","","","","","MASCULINO",""
"","","","","","","","","","","SISTEMA GENITAL E REPRODUTOR",""
"PROSTATAVESICULECTOMIA RADICAL LAPAROSCÓPICA","","","","HCO","HSO","REF","","","PRÓSTATA E VESÍCULAS SEMINAIS","","PROCEDIMENTOS CIRÚRGICOS E INVASIVOS"
"","","","","","","","","","","MASCULINO",""
"","","","","","","","","","","SISTEMA GENITAL E REPRODUTOR",""
"PROSTATECTOMIA","","","","HCO","HSO","REF","","","PRÓSTATA E VESÍCULAS SEMINAIS","","PROCEDIMENTOS CIRÚRGICOS E INVASIVOS"
"","","","","","","","","","","MASCULINO",""
"","","","","","","","","","","SISTEMA GENITAL E REPRODUTOR",""
"RESSECÇÃO ENDOSCÓPICA DA PRÓSTATA","","","","HCO","HSO","REF","","","PRÓSTATA E VESÍCULAS SEMINAIS","","PROCEDIMENTOS CIRÚRGICOS E INVASIVOS"
"","","","","","","","","","","MASCULINO",""
"","","","","","","","","","","SISTEMA GENITAL E REPRODUTOR",""
"BIÓPSIA ESCROTAL","","","AMB","HCO","HSO","REF","","","ESCROTO","","PROCEDIMENTOS CIRÚRGICOS E INVASIVOS"
"","","","","","","","","","","MASCULINO",""
"","","","","","","","","","","SISTEMA GENITAL E REPRODUTOR",""
"DRENAGEM DE ABSCESSO","","","AMB","HCO","HSO","REF","","","ESCROTO","","PROCEDIMENTOS CIRÚRGICOS E INVASIVOS"
"","","","","","","","","","","MASCULINO",""
"","","","","","","","","","","SISTEMA GENITAL E REPRODUTOR",""
"ELEFANTÍASE PENO-ESCROTAL - TRATAMENTO CIRÚRGICO","","","","HCO","HSO","REF","","","ESCROTO","","PROCEDIMENTOS CIRÚRGICOS E INVASIVOS"
"","","","","","","","","","","MASCULINO",""
"","","","","","","","","","","SISTEMA GENITAL E REPRODUTOR",""
"EXÉRESE DE CISTO ESCROTAL","","","AMB","HCO","HSO","REF","","","ESCROTO","","PROCEDIMENTOS CIRÚRGICOS E INVASIVOS"
"","","","","","","","","","","MASCULINO",""
"","","","","","","","","","","SISTEMA GENITAL E REPRODUTOR",""
"RECONSTRUÇÃO DA BOLSA ESCROTAL COM RETALHO INGUINAL PEDICULADO","","","","HCO","HSO","REF","","","ESCROTO","","PROCEDIMENTOS CIRÚRGICOS E INVASIVOS"
"","","","","","","","","","","MASCULINO",""
