"","RN","","","","","","","","","","",""
"PROCEDIMENTO","VIGÊNCIA","OD","AMB","HCO","HSO","REF","PAC","DUT","","SUBGRUPO","GRUPO","CAPÍTULO"
"","(alteração)","","","","","","","","","","",""
"APICETOMIA UNIRRADICULARES COM OBTURAÇÃO RETRÓGRADA","","OD","","","","","","","BOCA","","CABEÇA E PESCOÇO","PROCEDIMENTOS CIRÚRGICOS E INVASIVOS"
"APICETOMIA UNIRRADICULARES SEM OBTURAÇÃO RETRÓGRADA","","OD","","","","","","","BOCA","","CABEÇA E PESCOÇO","PROCEDIMENTOS CIRÚRGICOS E INVASIVOS"
"APROFUNDAMENTO/AUMENTO DE VESTÍBULO","","OD","","","","","","","BOCA","","CABEÇA E PESCOÇO","PROCEDIMENTOS CIRÚRGICOS E INVASIVOS"
"AUMENTO DE COROA CLÍNICA","","OD","","","","","","","BOCA","","CABEÇA E PESCOÇO","PROCEDIMENTOS CIRÚRGICOS E INVASIVOS"
"BIÓPSIA DE BOCA (COM DIRETRIZ DE UTILIZAÇÃO)","","OD","AMB","HCO","HSO","REF","","81","BOCA","","CABEÇA E PESCOÇO","PROCEDIMENTOS CIRÚRGICOS E INVASIVOS"
"BRIDECTOMIA","","OD","AMB","HCO","HSO","REF","","","BOCA","","CABEÇA E PESCOÇO","PROCEDIMENTOS CIRÚRGICOS E INVASIVOS"
"BRIDOTOMIA","","OD","AMB","HCO","HSO","REF","","","BOCA","","CABEÇA E PESCOÇO","PROCEDIMENTOS CIRÚRGICOS E INVASIVOS"
"CAPEAMENTO PULPAR DIRETO - EXCLUINDO RESTAURAÇÃO FINAL","","OD","","","","","","","BOCA","","CABEÇA E PESCOÇO","PROCEDIMENTOS CIRÚRGICOS E INVASIVOS"
"CIRURGIA PARA EXOSTOSE MAXILAR","","OD","","","","","","","BOCA","","CABEÇA E PESCOÇO","PROCEDIMENTOS CIRÚRGICOS E INVASIVOS"
"CIRURGIA PARA TORUS MANDIBULAR","","OD","","","","","","","BOCA","","CABEÇA E PESCOÇO","PROCEDIMENTOS CIRÚRGICOS E INVASIVOS"
"CIRURGIA PARA TORUS PALATINO","","OD","","","","","","","BOCA","","CABEÇA E PESCOÇO","PROCEDIMENTOS CIRÚRGICOS E INVASIVOS"
"CIRURGIA PERIODONTAL A RETALHO","","OD","","","","","","","BOCA","","CABEÇA E PESCOÇO","PROCEDIMENTOS CIRÚRGICOS E INVASIVOS"
"COLAGEM DE FRAGMENTOS DENTÁRIOS","","OD","","","","","","","BOCA","","CABEÇA E PESCOÇO","PROCEDIMENTOS CIRÚRGICOS E INVASIVOS"
"COROA UNITÁRIA PROVISÓRIA COM OU SEM PINO/PROVISÓRIO PARA PREPARO DE RESTAUÇÃO METÁLICA","","","","","","","","","","","",""
"","","OD","","","","","","90","BOCA","","CABEÇA E PESCOÇO","PROCEDIMENTOS CIRÚRGICOS E INVASIVOS"
"FUNDIDA (RMF) - COM DIRETRIZ DE UTILIZAÇÃO","","","","","","","","","","","",""
"REEMBASAMENTO DE COROA PROVISÓRIA","","OD","","","","","","","BOCA","","CABEÇA E PESCOÇO","PROCEDIMENTOS CIRÚRGICOS E INVASIVOS"
"CUNHA PROXIMAL","","OD","","","","","","","BOCA","","CABEÇA E PESCOÇO","PROCEDIMENTOS CIRÚRGICOS E INVASIVOS"
"CONTROLE DE HEMORRAGIA COM APLICAÇÃO DE AGENTE HEMOSTÁTICO EM REGIÃO BUCO-MAXILO-FACIAL","","OD","","","","","","","BOCA","","CABEÇA E PESCOÇO","PROCEDIMENTOS CIRÚRGICOS E INVASIVOS"
"CONTROLE DE HEMORRAGIA SEM APLICAÇÃO DE AGENTE HEMOSTÁTICO EM REGIÃO BUCO-MAXILO-FACIAL","","OD","","","","","","","BOCA","","CABEÇA E PESCOÇO","PROCEDIMENTOS CIRÚRGICOS E INVASIVOS"
"INCISÃO E DRENAGEM EXTRA-ORAL DE ABSCESSO, HEMATOMA E/OU FLEGMÃO DA REGIÃO BUCO-MAXILO-","","","","","","","","","","","",""
"","","OD","AMB","HCO","HSO","REF","","","BOCA","","CABEÇA E PESCOÇO","PROCEDIMENTOS CIRÚRGICOS E INVASIVOS"
"FACIAL","","","","","","","","","","","",""
