"","RN","","","","","","","","","",""
"PROCEDIMENTO","VIGÊNCIA","OD","AMB","HCO","HSO","REF","PAC","DUT","SUBGRUPO","GRUPO","CAPÍTULO"
"","(alteração)","","","","","","","","","",""
"","","","","","","","","","","SISTEMA MÚSCULO-ESQUELÉTICO E",""
"FRATURA DE ACETÁBULO - REDUÇÃO INCRUENTA","","","AMB","HCO","HSO","REF","","","CINTURA PÉLVICA","","PROCEDIMENTOS CIRÚRGICOS E INVASIVOS"
"","","","","","","","","","","ARTICULAÇÕES",""
"","","","","","","","","","","SISTEMA MÚSCULO-ESQUELÉTICO E",""
"FRATURA DE ACETÁBULO (COM UMA OU MAIS ABORDAGENS) - TRATAMENTO CIRÚRGICO","","","","HCO","HSO","REF","","","CINTURA PÉLVICA","","PROCEDIMENTOS CIRÚRGICOS E INVASIVOS"
"","","","","","","","","","","ARTICULAÇÕES",""
"","","","","","","","","","","SISTEMA MÚSCULO-ESQUELÉTICO E",""
"FRATURA E/OU LUXAÇÃO E/OU AVULSÃO COXO-FEMORAL - REDUÇÃO INCRUENTA","","","","HCO","HSO","REF","","","CINTURA PÉLVICA","","PROCEDIMENTOS CIRÚRGICOS E INVASIVOS"
"","","","","","","","","","","ARTICULAÇÕES",""
"","","","","","","","","","","SISTEMA MÚSCULO-ESQUELÉTICO E",""
"FRATURA E/OU LUXAÇÃO E/OU AVULSÃO COXO-FEMORAL - TRATAMENTO CIRÚRGICO","","","","HCO","HSO","REF","","","CINTURA PÉLVICA","","PROCEDIMENTOS CIRÚRGICOS E INVASIVOS"
"","","","","","","","","","","ARTICULAÇÕES",""
"","","","","","","","","","","SISTEMA MÚSCULO-ESQUELÉTICO E",""
"FRATURA/LUXAÇÃO COM FIXADOR EXTERNO - TRATAMENTO CIRÚRGICO","","","","HCO","HSO","REF","","","CINTURA PÉLVICA","","PROCEDIMENTOS CIRÚRGICOS E INVASIVOS"
"","","","","","","","","","","ARTICULAÇÕES",""
"","","","","","","","","","","SISTEMA MÚSCULO-ESQUELÉTICO E",""
"FRATURAS E/OU LUXAÇÕES DO ANEL PÉLVICO - REDUÇÃO INCRUENTA","","","AMB","HCO","HSO","REF","","","CINTURA PÉLVICA","","PROCEDIMENTOS CIRÚRGICOS E INVASIVOS"
"","","","","","","","","","","ARTICULAÇÕES",""
"FRATURAS E/OU LUXAÇÕES DO ANEL PÉLVICO (COM UMA OU MAIS ABORDAGENS) - TRATAMENTO","","","","","","","","","","SISTEMA MÚSCULO-ESQUELÉTICO E",""
"","","","","HCO","HSO","REF","","","CINTURA PÉLVICA","","PROCEDIMENTOS CIRÚRGICOS E INVASIVOS"
"CIRÚRGICO","","","","","","","","","","ARTICULAÇÕES",""
"","","","","","","","","","","SISTEMA MÚSCULO-ESQUELÉTICO E",""
"OSTEOMIELITE AO NÍVEL DA PELVE - TRATAMENTO CIRÚRGICO","","","","HCO","HSO","REF","","","CINTURA PÉLVICA","","PROCEDIMENTOS CIRÚRGICOS E INVASIVOS"
"","","","","","","","","","","ARTICULAÇÕES",""
"OSTEOTOMIAS AO NÍVEL DO COLO OU REGIÃO TROCANTERIANA (SUGIOKA, MARTIN, BOMBELLI ETC) -","","","","","","","","","","SISTEMA MÚSCULO-ESQUELÉTICO E",""
"","","","","HCO","HSO","REF","","","CINTURA PÉLVICA","","PROCEDIMENTOS CIRÚRGICOS E INVASIVOS"
"TRATAMENTO CIRÚRGICO","","","","","","","","","","ARTICULAÇÕES",""
"","","","","","","","","","","SISTEMA MÚSCULO-ESQUELÉTICO E",""
"OSTEOTOMIAS / ARTRODESES - TRATAMENTO CIRÚRGICO","","","","HCO","HSO","REF","","","CINTURA PÉLVICA","","PROCEDIMENTOS CIRÚRGICOS E INVASIVOS"
"","","","","","","","","","","ARTICULAÇÕES",""
"","","","","","","","","","","SISTEMA MÚSCULO-ESQUELÉTICO E",""
"OSTEOTOMIAS SUPRA-ACETABULARES (CHIARI, PEMBERTON, ""DIAL"", ETC) - TRATAMENTO CIRÚRGICO","","","","HCO","HSO","REF","","","CINTURA PÉLVICA","","PROCEDIMENTOS CIRÚRGICOS E INVASIVOS"
"","","","","","","","","","","ARTICULAÇÕES",""
"","","","","","","","","","","SISTEMA MÚSCULO-ESQUELÉTICO E",""
"PUNÇÃO-BIÓPSIA COXO-FEMORAL-ARTROCENTESE","","","","HCO","HSO","REF","","","CINTURA PÉLVICA","","PROCEDIMENTOS CIRÚRGICOS E INVASIVOS"
"","","","","","","","","","","ARTICULAÇÕES",""
"","","","","","","","","","","SISTEMA MÚSCULO-ESQUELÉTICO E",""
"RECONSTRUÇÃO DE QUADRIL COM FIXADOR EXTERNO","","","","HCO","HSO","REF","","","CINTURA PÉLVICA","","PROCEDIMENTOS CIRÚRGICOS E INVASIVOS"
"","","","","","","","","","","ARTICULAÇÕES",""
"","","","","","","","","","","SISTEMA MÚSCULO-ESQUELÉTICO E",""
"REVISÃO DE ARTROPLASTIAS DE QUADRIL COM RETIRADA DE COMPONENTES E IMPLANTE DE PRÓTESE","","","","HCO","HSO","REF","","","CINTURA PÉLVICA","","PROCEDIMENTOS CIRÚRGICOS E INVASIVOS"
"","","","","","","","","","","ARTICULAÇÕES",""
"TRATAMENTO DE NECROSE AVASCULAR POR FORAGEM DE ESTAQUEAMENTO ASSOCIADA À NECROSE","","","","","","","","","","SISTEMA MÚSCULO-ESQUELÉTICO E",""
"","","","","HCO","HSO","REF","","","CINTURA PÉLVICA","","PROCEDIMENTOS CIRÚRGICOS E INVASIVOS"
"MICROCIRÚRGICA DA CABEÇA FEMORAL","","","","","","","","","","ARTICULAÇÕES",""
"","","","","","","","","","","SISTEMA MÚSCULO-ESQUELÉTICO E",""
"TRATAMENTO CIRÚRGICO DA ARTRITE SÉPTICA","","","","HCO","HSO","REF","","","CINTURA PÉLVICA","","PROCEDIMENTOS CIRÚRGICOS E INVASIVOS"
"","","","","","","","","","","ARTICULAÇÕES",""
"TRATAMENTO CIRÚRGICO DA LUXAÇÃO CONGÊNITA DE QUADRIL - REDUÇÃO CIRÚRGICA COM OU SEM","","","","","","","","","","SISTEMA MÚSCULO-ESQUELÉTICO E",""
"","","","","HCO","HSO","REF","","","CINTURA PÉLVICA","","PROCEDIMENTOS CIRÚRGICOS E INVASIVOS"
"OSTEOTOMIA / REDUÇÃO INCRUENTA COM OU SEM TENOTOMIA DE ADUTORES","","","","","","","","","","ARTICULAÇÕES",""
"ALONGAMENTO / TRANSPORTE ÓSSEO / PSEUDOARTROSE COM FIXADOR EXTERNO (DINÂMICO OU NÃO) -","","","","","","","","","","SISTEMA MÚSCULO-ESQUELÉTICO E",""
"","","","","HCO","HSO","REF","","","MEMBROS INFERIORES","","PROCEDIMENTOS CIRÚRGICOS E INVASIVOS"
"QUALQUER LOCALIZAÇÃO","","","","","","","","","","ARTICULAÇÕES",""
"","","","","","","","","","","SISTEMA MÚSCULO-ESQUELÉTICO E",""
"ALONGAMENTO COM FIXADOR DINÂMICO - TRATAMENTO CIRÚRGICO","","","","HCO","HSO","REF","","","MEMBROS INFERIORES","","PROCEDIMENTOS CIRÚRGICOS E INVASIVOS"
"","","","","","","","","","","ARTICULAÇÕES",""
