"","RN","","","","","","","","","",""
"PROCEDIMENTO","VIGÊNCIA","OD","AMB","HCO","HSO","REF","PAC","DUT","SUBGRUPO","GRUPO","CAPÍTULO"
"","(alteração)","","","","","","","","","",""
"","","","","","","","","","CONSULTAS, VISITAS HOSPITALARES OU","",""
"SESSÃO COM PSICÓLOGO","541/2022
01/08/2022","","AMB","","","REF","","","","PROCEDIMENTOS GERAIS","PROCEDIMENTOS GERAIS"
"","","","","","","","","","ACOMPANHAMENTO DE PACIENTES","",""
"","","","","","","","","","CONSULTAS, VISITAS HOSPITALARES OU","",""
"CONSULTA/AVALIAÇÃO COM FONOAUDIÓLOGO","541/2022
01/08/2022","","AMB","","","REF","","","","PROCEDIMENTOS GERAIS","PROCEDIMENTOS GERAIS"
"","","","","","","","","","ACOMPANHAMENTO DE PACIENTES","",""
"","","","","","","","","","CONSULTAS, VISITAS HOSPITALARES OU","",""
"SESSÃO COM FONOAUDIÓLOGO","541/2022
01/08/2022","","AMB","","","REF","","","","PROCEDIMENTOS GERAIS","PROCEDIMENTOS GERAIS"
"","","","","","","","","","ACOMPANHAMENTO DE PACIENTES","",""
"","","","","","","","","","CONSULTAS, VISITAS HOSPITALARES OU","",""
"CONSULTA COM NUTRICIONISTA (COM DIRETRIZ DE UTILIZAÇÃO)","","","AMB","","","REF","","103","","PROCEDIMENTOS GERAIS","PROCEDIMENTOS GERAIS"
"","","","","","","","","","ACOMPANHAMENTO DE PACIENTES","",""
"","","","","","","","","","CONSULTAS, VISITAS HOSPITALARES OU","",""
"CONSULTA/AVALIAÇÃO COM TERAPEUTA OCUPACIONAL","541/2022
01/08/2022","","AMB","","","REF","","","","PROCEDIMENTOS GERAIS","PROCEDIMENTOS GERAIS"
"","","","","","","","","","ACOMPANHAMENTO DE PACIENTES","",""
"","","","","","","","","","CONSULTAS, VISITAS HOSPITALARES OU","",""
"SESSÃO COM TERAPEUTA OCUPACIONAL","541/2022
01/08/2022","","AMB","","","REF","","","","PROCEDIMENTOS GERAIS","PROCEDIMENTOS GERAIS"
"","","","","","","","","","ACOMPANHAMENTO DE PACIENTES","",""
"TRANSPORTE EXTRA-HOSPITALAR DE PACIENTES GRAVES COM ACOMPANHAMENTO MÉDICO, DO","","","","","","","","","CONSULTAS, VISITAS HOSPITALARES OU","",""
"","","","","HCO","HSO","REF","","","","PROCEDIMENTOS GERAIS","PROCEDIMENTOS GERAIS"
"ESTABELECIMENTO HOSPITALAR DE ORIGEM PARA OUTRO ESTABELECIMENTO DE SAÚDE","","","","","","","","","ACOMPANHAMENTO DE PACIENTES","",""
"","","","","","","","","","CONSULTAS, VISITAS HOSPITALARES OU","",""
"VISITA HOSPITALAR","","","","HCO","HSO","REF","","","","PROCEDIMENTOS GERAIS","PROCEDIMENTOS GERAIS"
"","","","","","","","","","ACOMPANHAMENTO DE PACIENTES","",""
"","","","","","","","","","","PROCEDIMENTOS CLÍNICOS AMBULATORIAIS","PROCEDIMENTOS CLÍNICOS AMBULATORIAIS"
"ACOMPANHAMENTO CLÍNICO AMBULATORIAL PÓS-TRANSPLANTE DE CÓRNEA","","","","HCO","HSO","REF","","","AVALIAÇÕES/ACOMPANHAMENTOS","",""
"","","","","","","","","","","E HOSPITALARES","E HOSPITALARES"
"","","","","","","","","","","PROCEDIMENTOS CLÍNICOS AMBULATORIAIS","PROCEDIMENTOS CLÍNICOS AMBULATORIAIS"
"ACOMPANHAMENTO CLÍNICO AMBULATORIAL PÓS-TRANSPLANTE DE MEDULA ÓSSEA","","","","HCO","HSO","REF","","","AVALIAÇÕES/ACOMPANHAMENTOS","",""
"","","","","","","","","","","E HOSPITALARES","E HOSPITALARES"
"","","","","","","","","","","PROCEDIMENTOS CLÍNICOS AMBULATORIAIS","PROCEDIMENTOS CLÍNICOS AMBULATORIAIS"
"ACOMPANHAMENTO CLÍNICO AMBULATORIAL PÓS-TRANSPLANTE HEPÁTICO","546/2022
03/10/2022","","","HCO","HSO","REF","","","AVALIAÇÕES/ACOMPANHAMENTOS","",""
"","","","","","","","","","","E HOSPITALARES","E HOSPITALARES"
"","","","","","","","","","","PROCEDIMENTOS CLÍNICOS AMBULATORIAIS","PROCEDIMENTOS CLÍNICOS AMBULATORIAIS"
"ACOMPANHAMENTO CLÍNICO AMBULATORIAL PÓS-TRANSPLANTE RENAL","","","","HCO","HSO","REF","","","AVALIAÇÕES/ACOMPANHAMENTOS","",""
"","","","","","","","","","","E HOSPITALARES","E HOSPITALARES"
"ACOMPANHAMENTO CLÍNICO DE TRANSPLANTE HEPÁTICO NO PERÍODO DE INTERNAÇÃO DO RECEPTOR E","","","","","","","","","","PROCEDIMENTOS CLÍNICOS AMBULATORIAIS","PROCEDIMENTOS CLÍNICOS AMBULATORIAIS"
"","546/2022
03/10/2022","","","HCO","HSO","REF","PAC","","AVALIAÇÕES/ACOMPANHAMENTOS","",""
"DO DOADOR","","","","","","","","","","E HOSPITALARES","E HOSPITALARES"
"ACOMPANHAMENTO CLÍNICO DE TRANSPLANTE RENAL NO PERÍODO DE INTERNAÇÃO DO RECEPTOR E DO","","","","","","","","","","PROCEDIMENTOS CLÍNICOS AMBULATORIAIS","PROCEDIMENTOS CLÍNICOS AMBULATORIAIS"
"","","","","HCO","HSO","REF","PAC","","AVALIAÇÕES/ACOMPANHAMENTOS","",""
"DOADOR","","","","","","","","","","E HOSPITALARES","E HOSPITALARES"
"","","","","","","","","","","PROCEDIMENTOS CLÍNICOS AMBULATORIAIS","PROCEDIMENTOS CLÍNICOS AMBULATORIAIS"
"AVALIAÇÃO CLÍNICA DIARIA ENTERAL E/OU PARENTERAL","","","","HCO","HSO","REF","","","AVALIAÇÕES/ACOMPANHAMENTOS","",""
"","","","","","","","","","","E HOSPITALARES","E HOSPITALARES"
"AVALIAÇÃO CLÍNICA E ELETRÔNICA DE PACIENTE PORTADOR DE DISPOSITIVO CARDÍACO ELETRÔNICO","","","","","","","","","","",""
"","","","","","","","","","","PROCEDIMENTOS CLÍNICOS AMBULATORIAIS","PROCEDIMENTOS CLÍNICOS AMBULATORIAIS"
"IMPLANTÁVEL (MARCA-PASSO, ESTIMULADOR MULTISSÍTIO/RESSINCRONIZADOR, DESFIBRILADOR OU","","","AMB","HCO","HSO","REF","","","AVALIAÇÕES/ACOMPANHAMENTOS","",""
"","","","","","","","","","","E HOSPITALARES","E HOSPITALARES"
"MONITOR DE EVENTOS)","","","","","","","","","","",""
"","","","","","","","","","","PROCEDIMENTOS CLÍNICOS AMBULATORIAIS","PROCEDIMENTOS CLÍNICOS AMBULATORIAIS"
"CARDIOVERSÃO ELÉTRICA COM ELETROCARDIOGRAMA","","","AMB","HCO","HSO","REF","","","AVALIAÇÕES/ACOMPANHAMENTOS","",""
"","","","","","","","","","","E HOSPITALARES","E HOSPITALARES"
"","","","","","","","","","","PROCEDIMENTOS CLÍNICOS AMBULATORIAIS","PROCEDIMENTOS CLÍNICOS AMBULATORIAIS"
"CONTROLE DE BIOFILME DENTAL (PLACA BACTERIANA)","","OD","","","","","","","AVALIAÇÕES/ACOMPANHAMENTOS","",""
"","","","","","","","","","","E HOSPITALARES","E HOSPITALARES"
"FORNECIMENTO DE EQUIPAMENTOS COLETORES  E ADJUVANTES PARA COLOSTOMIA, ILEOSTOMIA E","","","","","","","","","","",""
"","","","","","","","","","","PROCEDIMENTOS CLÍNICOS AMBULATORIAIS","PROCEDIMENTOS CLÍNICOS AMBULATORIAIS"
"UROSTOMIA, SONDA VESICAL DE DEMORA E COLETOR DE URINA (COM PROTOCOLO DE UTILIZAÇÃO -","","","AMB","HCO","HSO","REF","","","AVALIAÇÕES/ACOMPANHAMENTOS","",""
"","","","","","","","","","","E HOSPITALARES","E HOSPITALARES"
"PROUT)","","","","","","","","","","",""
