"","RN","","","","","","","","","",""
"PROCEDIMENTO","VIGÊNCIA","OD","AMB","HCO","HSO","REF","PAC","DUT","SUBGRUPO","GRUPO","CAPÍTULO"
"","(alteração)","","","","","","","","","",""
"","","","","","","","","","","","PROCEDIMENTOS DIAGNÓSTICOS E"
"INSULINA","","","AMB","HCO","HSO","REF","","","ENDOCRINOLOGIA LABORATORIAL","PROCEDIMENTOS LABORATORIAIS",""
"","","","","","","","","","","","TERAPÊUTICOS"
"","","","","","","","","","","","PROCEDIMENTOS DIAGNÓSTICOS E"
"MACROPROLACTINA","","","AMB","HCO","HSO","REF","","","ENDOCRINOLOGIA LABORATORIAL","PROCEDIMENTOS LABORATORIAIS",""
"","","","","","","","","","","","TERAPÊUTICOS"
"","","","","","","","","","","","PROCEDIMENTOS DIAGNÓSTICOS E"
"N-TELOPEPTÍDEO","","","AMB","HCO","HSO","REF","","","ENDOCRINOLOGIA LABORATORIAL","PROCEDIMENTOS LABORATORIAIS",""
"","","","","","","","","","","","TERAPÊUTICOS"
"","","","","","","","","","","","PROCEDIMENTOS DIAGNÓSTICOS E"
"OSTEOCALCINA","","","AMB","HCO","HSO","REF","","","ENDOCRINOLOGIA LABORATORIAL","PROCEDIMENTOS LABORATORIAIS",""
"","","","","","","","","","","","TERAPÊUTICOS"
"","","","","","","","","","","","PROCEDIMENTOS DIAGNÓSTICOS E"
"PARATORMÔNIO - PTH","","","AMB","HCO","HSO","REF","","","ENDOCRINOLOGIA LABORATORIAL","PROCEDIMENTOS LABORATORIAIS",""
"","","","","","","","","","","","TERAPÊUTICOS"
"","","","","","","","","","","","PROCEDIMENTOS DIAGNÓSTICOS E"
"PEPTÍDEO C","","","AMB","HCO","HSO","REF","","","ENDOCRINOLOGIA LABORATORIAL","PROCEDIMENTOS LABORATORIAIS",""
"","","","","","","","","","","","TERAPÊUTICOS"
"","","","","","","","","","","","PROCEDIMENTOS DIAGNÓSTICOS E"
"PREGNANDIOL","","","AMB","HCO","HSO","REF","","","ENDOCRINOLOGIA LABORATORIAL","PROCEDIMENTOS LABORATORIAIS",""
"","","","","","","","","","","","TERAPÊUTICOS"
"","","","","","","","","","","","PROCEDIMENTOS DIAGNÓSTICOS E"
"PROGESTERONA","","","AMB","HCO","HSO","REF","","","ENDOCRINOLOGIA LABORATORIAL","PROCEDIMENTOS LABORATORIAIS",""
"","","","","","","","","","","","TERAPÊUTICOS"
"","","","","","","","","","","","PROCEDIMENTOS DIAGNÓSTICOS E"
"PROLACTINA","","","AMB","HCO","HSO","REF","","","ENDOCRINOLOGIA LABORATORIAL","PROCEDIMENTOS LABORATORIAIS",""
"","","","","","","","","","","","TERAPÊUTICOS"
"","","","","","","","","","","","PROCEDIMENTOS DIAGNÓSTICOS E"
"RENINA","","","AMB","HCO","HSO","REF","","","ENDOCRINOLOGIA LABORATORIAL","PROCEDIMENTOS LABORATORIAIS",""
"","","","","","","","","","","","TERAPÊUTICOS"
"","","","","","","","","","","","PROCEDIMENTOS DIAGNÓSTICOS E"
"SOMATOMEDINA C (IGF1)","","","AMB","HCO","HSO","REF","","","ENDOCRINOLOGIA LABORATORIAL","PROCEDIMENTOS LABORATORIAIS",""
"","","","","","","","","","","","TERAPÊUTICOS"
"","","","","","","","","","","","PROCEDIMENTOS DIAGNÓSTICOS E"
"SULFATO DE DEHIDROEPIANDROSTERONA (S-DHEA)","","","AMB","HCO","HSO","REF","","","ENDOCRINOLOGIA LABORATORIAL","PROCEDIMENTOS LABORATORIAIS",""
"","","","","","","","","","","","TERAPÊUTICOS"
"","","","","","","","","","","","PROCEDIMENTOS DIAGNÓSTICOS E"
"T3 LIVRE","","","AMB","HCO","HSO","REF","","","ENDOCRINOLOGIA LABORATORIAL","PROCEDIMENTOS LABORATORIAIS",""
"","","","","","","","","","","","TERAPÊUTICOS"
"","","","","","","","","","","","PROCEDIMENTOS DIAGNÓSTICOS E"
"T3 RETENÇÃO","","","AMB","HCO","HSO","REF","","","ENDOCRINOLOGIA LABORATORIAL","PROCEDIMENTOS LABORATORIAIS",""
"","","","","","","","","","","","TERAPÊUTICOS"
"","","","","","","","","","","","PROCEDIMENTOS DIAGNÓSTICOS E"
"T3 REVERSO","","","AMB","HCO","HSO","REF","","","ENDOCRINOLOGIA LABORATORIAL","PROCEDIMENTOS LABORATORIAIS",""
"","","","","","","","","","","","TERAPÊUTICOS"
"","","","","","","","","","","","PROCEDIMENTOS DIAGNÓSTICOS E"
"T4 LIVRE","","","AMB","HCO","HSO","REF","","","ENDOCRINOLOGIA LABORATORIAL","PROCEDIMENTOS LABORATORIAIS",""
"","","","","","","","","","","","TERAPÊUTICOS"
"","","","","","","","","","","","PROCEDIMENTOS DIAGNÓSTICOS E"
"TESTE DE ESTÍMULO DA PROLACTINA APÓS TRH","","","AMB","HCO","HSO","REF","","","ENDOCRINOLOGIA LABORATORIAL","PROCEDIMENTOS LABORATORIAIS",""
"","","","","","","","","","","","TERAPÊUTICOS"
"","","","","","","","","","","","PROCEDIMENTOS DIAGNÓSTICOS E"
"TESTE DE ESTÍMULO DO TSH APÓS TRH","","","AMB","HCO","HSO","REF","","","ENDOCRINOLOGIA LABORATORIAL","PROCEDIMENTOS LABORATORIAIS",""
"","","","","","","","","","","","TERAPÊUTICOS"
"TESTE DIAGNÓSTICO DO DIABETES INSÍPIDUS (TESTE DE PRIVAÇÃO HÍDRICA, SEGUIDO DE ADMINISTRAÇÃO","","","","","","","","","","","PROCEDIMENTOS DIAGNÓSTICOS E"
"","","","AMB","HCO","HSO","REF","","","ENDOCRINOLOGIA LABORATORIAL","PROCEDIMENTOS LABORATORIAIS",""
"DE DESMOPRESSINA (DDAVP) E INFUSÃO DE SOLUÇÃO SALINA HIPERTÔNICA (3%))","","","","","","","","","","","TERAPÊUTICOS"
