"","RN","","","","","","","","","",""
"PROCEDIMENTO","VIGÊNCIA","OD","AMB","HCO","HSO","REF","PAC","DUT","SUBGRUPO","GRUPO","CAPÍTULO"
"","(alteração)","","","","","","","","","",""
"","","","","","","","","","","","PROCEDIMENTOS DIAGNÓSTICOS E"
"DETERMINAÇÃO DA FILTRAÇÃO GLOMERULAR","","","AMB","HCO","HSO","REF","PAC","","GENITURINÁRIO - IN VIVO","MEDICINA NUCLEAR",""
"","","","","","","","","","","","TERAPÊUTICOS"
"","","","","","","","","","","","PROCEDIMENTOS DIAGNÓSTICOS E"
"DETERMINAÇÃO DO FLUXO PLASMÁTICO RENAL","","","AMB","HCO","HSO","REF","PAC","","GENITURINÁRIO - IN VIVO","MEDICINA NUCLEAR",""
"","","","","","","","","","","","TERAPÊUTICOS"
"","","","","","","","","","","","PROCEDIMENTOS DIAGNÓSTICOS E"
"CINTILOGRAFIA DO SISTEMA RETÍCULO-ENDOTELIAL (MEDULA ÓSSEA)","","","AMB","HCO","HSO","REF","PAC","","HEMATOLÓGICO - IN VIVO","MEDICINA NUCLEAR",""
"","","","","","","","","","","","TERAPÊUTICOS"
"","","","","","","","","","","","PROCEDIMENTOS DIAGNÓSTICOS E"
"DEMONSTRAÇÃO DO SEQÜESTRO DE HEMÁCIAS PELO BAÇO","","","AMB","HCO","HSO","REF","PAC","","HEMATOLÓGICO - IN VIVO","MEDICINA NUCLEAR",""
"","","","","","","","","","","","TERAPÊUTICOS"
"","","","","","","","","","","","PROCEDIMENTOS DIAGNÓSTICOS E"
"DETERMINAÇÃO DA SOBREVIDA DE HEMÁCIAS","","","AMB","HCO","HSO","REF","PAC","","HEMATOLÓGICO - IN VIVO","MEDICINA NUCLEAR",""
"","","","","","","","","","","","TERAPÊUTICOS"
"","","","","","","","","","","","PROCEDIMENTOS DIAGNÓSTICOS E"
"DETERMINAÇÃO DO VOLUME ERITROCITÁRIO","","","AMB","HCO","HSO","REF","PAC","","HEMATOLÓGICO - IN VIVO","MEDICINA NUCLEAR",""
"","","","","","","","","","","","TERAPÊUTICOS"
"","","","","","","","","","","","PROCEDIMENTOS DIAGNÓSTICOS E"
"DETERMINAÇÃO DO VOLUME PLASMÁTICO","","","AMB","HCO","HSO","REF","PAC","","HEMATOLÓGICO - IN VIVO","MEDICINA NUCLEAR",""
"","","","","","","","","","","","TERAPÊUTICOS"
"","","","","","","","","","","","PROCEDIMENTOS DIAGNÓSTICOS E"
"TESTE DE ABSORÇÃO DE VITAMINA B12 COM COBALTO - 57 (TESTE DE SCHILLING)","","","AMB","HCO","HSO","REF","PAC","","HEMATOLÓGICO - IN VIVO","MEDICINA NUCLEAR",""
"","","","","","","","","","","","TERAPÊUTICOS"
"","","","","","","","","","","","PROCEDIMENTOS DIAGNÓSTICOS E"
"CINTILOGRAFIA ÓSSEA (CORPO TOTAL)","","","AMB","HCO","HSO","REF","PAC","","MÚSCULO - ESQUELÉTICO - IN VIVO","MEDICINA NUCLEAR",""
"","","","","","","","","","","","TERAPÊUTICOS"
"","","","","","","","","","","","PROCEDIMENTOS DIAGNÓSTICOS E"
"FLUXO SANGÜÍNEO ÓSSEO","","","AMB","HCO","HSO","REF","PAC","","MÚSCULO - ESQUELÉTICO - IN VIVO","MEDICINA NUCLEAR",""
"","","","","","","","","","","","TERAPÊUTICOS"
"","","","","","","","","","","","PROCEDIMENTOS DIAGNÓSTICOS E"
"CINTILOGRAFIA CEREBRAL","","","AMB","HCO","HSO","REF","PAC","","NERVOSO - IN VIVO","MEDICINA NUCLEAR",""
"","","","","","","","","","","","TERAPÊUTICOS"
"","","","","","","","","","","","PROCEDIMENTOS DIAGNÓSTICOS E"
"CINTILOGRAFIA DE PERFUSÃO CEREBRAL","","","AMB","HCO","HSO","REF","PAC","","NERVOSO - IN VIVO","MEDICINA NUCLEAR",""
"","","","","","","","","","","","TERAPÊUTICOS"
"CINTILOGRAFIA DE PERFUSÃO CEREBRAL PARA AVALIAÇÃO DE TRANSPORTADORES DE DOPAMINA (COM","","","","","","","","","","","PROCEDIMENTOS DIAGNÓSTICOS E"
"","","","AMB","HCO","HSO","REF","PAC","118","NERVOSO - IN VIVO","MEDICINA NUCLEAR",""
"DIRETRIZ DE UTILZAÇÃO)","","","","","","","","","","","TERAPÊUTICOS"
"","","","","","","","","","","","PROCEDIMENTOS DIAGNÓSTICOS E"
"CISTERNOCINTILOGRAFIA","","","AMB","HCO","HSO","REF","PAC","","NERVOSO - IN VIVO","MEDICINA NUCLEAR",""
"","","","","","","","","","","","TERAPÊUTICOS"
"","","","","","","","","","","","PROCEDIMENTOS DIAGNÓSTICOS E"
"CISTERNOCINTILOGRAFIA PARA PESQUISA DE FÍSTULA LIQUÓRICA","","","AMB","HCO","HSO","REF","PAC","","NERVOSO - IN VIVO","MEDICINA NUCLEAR",""
"","","","","","","","","","","","TERAPÊUTICOS"
"","","","","","","","","","","","PROCEDIMENTOS DIAGNÓSTICOS E"
"ESTUDO DO TRÂNSITO LIQUÓRICO","","","AMB","HCO","HSO","REF","PAC","","NERVOSO - IN VIVO","MEDICINA NUCLEAR",""
"","","","","","","","","","","","TERAPÊUTICOS"
"","","","","","","","","","","","PROCEDIMENTOS DIAGNÓSTICOS E"
"FLUXO SANGUÍNEO CEREBRAL","","","AMB","HCO","HSO","REF","PAC","","NERVOSO - IN VIVO","MEDICINA NUCLEAR",""
"","","","","","","","","","","","TERAPÊUTICOS"
"","","","","","","","","","","","PROCEDIMENTOS DIAGNÓSTICOS E"
"MIELOCINTILOGRAFIA","","","AMB","HCO","HSO","REF","PAC","","NERVOSO - IN VIVO","MEDICINA NUCLEAR",""
"","","","","","","","","","","","TERAPÊUTICOS"
"","","","","","","","","","","","PROCEDIMENTOS DIAGNÓSTICOS E"
"VENTRÍCULO-CINTILOGRAFIA","","","AMB","HCO","HSO","REF","PAC","","NERVOSO - IN VIVO","MEDICINA NUCLEAR",""
"","","","","","","","","","","","TERAPÊUTICOS"
