"","RN","","","","","","","","","",""
"PROCEDIMENTO","VIGÊNCIA","OD","AMB","HCO","HSO","REF","PAC","DUT","SUBGRUPO","GRUPO","CAPÍTULO"
"","(alteração)","","","","","","","","","",""
"TRATAMENTO CIRÚRGICO DE DEFORMIDADE NASAL CONGÊNITA","","","","HCO","HSO","REF","","","NARIZ","NARIZ E SEIOS PARANASAIS","PROCEDIMENTOS CIRÚRGICOS E INVASIVOS"
"TRATAMENTO CIRÚRGICO DO RINOFIMA","","","","HCO","HSO","REF","","","NARIZ","NARIZ E SEIOS PARANASAIS","PROCEDIMENTOS CIRÚRGICOS E INVASIVOS"
"TRATAMENTO DE DEFORMIDADE TRAUMÁTICA NASAL","","","","HCO","HSO","REF","","","NARIZ","NARIZ E SEIOS PARANASAIS","PROCEDIMENTOS CIRÚRGICOS E INVASIVOS"
"TUMOR INTRANASAL - EXÉRESE POR RINOTOMIA LATERAL","","","","HCO","HSO","REF","","","NARIZ","NARIZ E SEIOS PARANASAIS","PROCEDIMENTOS CIRÚRGICOS E INVASIVOS"
"TUMOR INTRANASAL - EXÉRESE POR VIA TRANSNASAL","","","AMB","HCO","HSO","REF","","","NARIZ","NARIZ E SEIOS PARANASAIS","PROCEDIMENTOS CIRÚRGICOS E INVASIVOS"
"TURBINECTOMIA OU TURBINOPLASTIA","","","","HCO","HSO","REF","","","NARIZ","NARIZ E SEIOS PARANASAIS","PROCEDIMENTOS CIRÚRGICOS E INVASIVOS"
"ANTROSTOMIA MAXILAR INTRANASAL","","","","HCO","HSO","REF","","","SEIOS PARANASAIS","NARIZ E SEIOS PARANASAIS","PROCEDIMENTOS CIRÚRGICOS E INVASIVOS"
"ANTROSTOMIA MAXILAR, ETMOIDECTOMIA (ABERTURA DE TODAS AS CAVIDADES PARANASAIS)","","","","HCO","HSO","REF","","","SEIOS PARANASAIS","NARIZ E SEIOS PARANASAIS","PROCEDIMENTOS CIRÚRGICOS E INVASIVOS"
"ARTÉRIA MAXILAR INTERNA - LIGADURA TRANSMAXILAR","","","","HCO","HSO","REF","","","SEIOS PARANASAIS","NARIZ E SEIOS PARANASAIS","PROCEDIMENTOS CIRÚRGICOS E INVASIVOS"
"BIOPSIA - SEIOS PARANASAIS","","","AMB","HCO","HSO","REF","","","SEIOS PARANASAIS","NARIZ E SEIOS PARANASAIS","PROCEDIMENTOS CIRÚRGICOS E INVASIVOS"
"DESCOMPRESSÃO TRANSETMOIDAL DO CANAL ÓPTICO","","","","HCO","HSO","REF","","","SEIOS PARANASAIS","NARIZ E SEIOS PARANASAIS","PROCEDIMENTOS CIRÚRGICOS E INVASIVOS"
"ETMOIDECTOMIA EXTERNA OU INTRANASAL","","","","HCO","HSO","REF","","","SEIOS PARANASAIS","NARIZ E SEIOS PARANASAIS","PROCEDIMENTOS CIRÚRGICOS E INVASIVOS"
"ETMOIDECTOMIA INTRANASAL POR VIDEOENDOSCOPIA","","","","HCO","HSO","REF","","","SEIOS PARANASAIS","NARIZ E SEIOS PARANASAIS","PROCEDIMENTOS CIRÚRGICOS E INVASIVOS"
"EXÉRESE - PÓLIPO","","","AMB","HCO","HSO","REF","","","SEIOS PARANASAIS","NARIZ E SEIOS PARANASAIS","PROCEDIMENTOS CIRÚRGICOS E INVASIVOS"
"EXÉRESE DE CISTO NASO-ALVEOLAR E GLOBULAR","","","","HCO","HSO","REF","","","SEIOS PARANASAIS","NARIZ E SEIOS PARANASAIS","PROCEDIMENTOS CIRÚRGICOS E INVASIVOS"
"EXÉRESE DE TUMOR COM ABORDAGEM CRANIOFACIAL ONCOLÓGICA (TEMPO FACIAL)","","","","HCO","HSO","REF","","","SEIOS PARANASAIS","NARIZ E SEIOS PARANASAIS","PROCEDIMENTOS CIRÚRGICOS E INVASIVOS"
"EXÉRESE DE TUMOR DE SEIOS PARANASAIS POR VIA ENDOSCOPICA","","","","HCO","HSO","REF","","","SEIOS PARANASAIS","NARIZ E SEIOS PARANASAIS","PROCEDIMENTOS CIRÚRGICOS E INVASIVOS"
"MAXILECTOMIA COM OU SEM EXENTERAÇÃO DE ÓRBITA","","","","HCO","HSO","REF","","","SEIOS PARANASAIS","NARIZ E SEIOS PARANASAIS","PROCEDIMENTOS CIRÚRGICOS E INVASIVOS"
"PUNÇÃO MAXILAR TRANSMEÁTICA OU VIA FOSSA CANINA","","","AMB","HCO","HSO","REF","","","SEIOS PARANASAIS","NARIZ E SEIOS PARANASAIS","PROCEDIMENTOS CIRÚRGICOS E INVASIVOS"
