"","RN","","","","","","","","","",""
"PROCEDIMENTO","VIGÊNCIA","OD","AMB","HCO","HSO","REF","PAC","DUT","SUBGRUPO","GRUPO","CAPÍTULO"
"","(alteração)","","","","","","","","","",""
"","","","","","","","","","EXAMES DE QUALIFICAÇÃO NO SANGUE DO","",""
"","","","","","","","","","","","PROCEDIMENTOS DIAGNÓSTICOS E"
"DETERMINAÇÃO DO FATOR RH (D), INCLUINDO PROVA PARA D-FRACO NO SANGUE DO RECEPTOR","","","AMB","HCO","HSO","REF","","","DOADOR OU PROVA PRÉ-TRANSFUSIONAL","MEDICINA TRANSFUSIONAL",""
"","","","","","","","","","","","TERAPÊUTICOS"
"","","","","","","","","","NO SANGUE DO RECEPTOR","",""
"","","","","","","","","","EXAMES DE QUALIFICAÇÃO NO SANGUE DO","",""
"","","","","","","","","","","","PROCEDIMENTOS DIAGNÓSTICOS E"
"DOAÇÃO AUTÓLOGA COM RECUPERAÇÃO INTRA-OPERATÓRIA","","","AMB","HCO","HSO","REF","","","DOADOR OU PROVA PRÉ-TRANSFUSIONAL","MEDICINA TRANSFUSIONAL",""
"","","","","","","","","","","","TERAPÊUTICOS"
"","","","","","","","","","NO SANGUE DO RECEPTOR","",""
"","","","","","","","","","EXAMES DE QUALIFICAÇÃO NO SANGUE DO","",""
"","","","","","","","","","","","PROCEDIMENTOS DIAGNÓSTICOS E"
"DOAÇÃO AUTÓLOGA PERI-OPERATÓRIA POR HEMODILUIÇÃO NORMOVOLÊMICA","","","AMB","HCO","HSO","REF","","","DOADOR OU PROVA PRÉ-TRANSFUSIONAL","MEDICINA TRANSFUSIONAL",""
"","","","","","","","","","","","TERAPÊUTICOS"
"","","","","","","","","","NO SANGUE DO RECEPTOR","",""
"","","","","","","","","","EXAMES DE QUALIFICAÇÃO NO SANGUE DO","",""
"","","","","","","","","","","","PROCEDIMENTOS DIAGNÓSTICOS E"
"DOAÇÃO AUTÓLOGA PRÉ-OPERATÓRIA","","","AMB","HCO","HSO","REF","","","DOADOR OU PROVA PRÉ-TRANSFUSIONAL","MEDICINA TRANSFUSIONAL",""
"","","","","","","","","","","","TERAPÊUTICOS"
"","","","","","","","","","NO SANGUE DO RECEPTOR","",""
"","","","","","","","","","EXAMES DE QUALIFICAÇÃO NO SANGUE DO","",""
"","","","","","","","","","","","PROCEDIMENTOS DIAGNÓSTICOS E"
"DOAÇÃO DE COMPONENTES POR AFÉRESE","","","AMB","HCO","HSO","REF","","","DOADOR OU PROVA PRÉ-TRANSFUSIONAL","MEDICINA TRANSFUSIONAL",""
"","","","","","","","","","","","TERAPÊUTICOS"
"","","","","","","","","","NO SANGUE DO RECEPTOR","",""
"","","","","","","","","","EXAMES DE QUALIFICAÇÃO NO SANGUE DO","",""
"","","","","","","","","","","","PROCEDIMENTOS DIAGNÓSTICOS E"
"DOENÇA DE CHAGAS - TESTE IMUNOENZIMÁTICO DE ALTA SENSIBILIDADE E IMUNOFLUORESCÊNCIA","","","AMB","HCO","HSO","REF","","","DOADOR OU PROVA PRÉ-TRANSFUSIONAL","MEDICINA TRANSFUSIONAL",""
"","","","","","","","","","","","TERAPÊUTICOS"
"","","","","","","","","","NO SANGUE DO RECEPTOR","",""
"","","","","","","","","","EXAMES DE QUALIFICAÇÃO NO SANGUE DO","",""
"EXAMES IMUNOHEMATOLÓGICOS EM RECÉM-NASCIDOS: TIPIFICAÇÃO ABO E RH, PESQUISA DE D FRACO","","","","","","","","","","","PROCEDIMENTOS DIAGNÓSTICOS E"
"","","","AMB","HCO","HSO","REF","","","DOADOR OU PROVA PRÉ-TRANSFUSIONAL","MEDICINA TRANSFUSIONAL",""
"RH(D) E PROVA DA ANTIGLOBULINA DIRETA)","","","","","","","","","","","TERAPÊUTICOS"
"","","","","","","","","","NO SANGUE DO RECEPTOR","",""
"","","","","","","","","","EXAMES DE QUALIFICAÇÃO NO SANGUE DO","",""
"","","","","","","","","","","","PROCEDIMENTOS DIAGNÓSTICOS E"
"FENOTIPAGEM DE OUTROS SISTEMAS ERITROCITÁRIOS","","","AMB","HCO","HSO","REF","","","DOADOR OU PROVA PRÉ-TRANSFUSIONAL","MEDICINA TRANSFUSIONAL",""
"","","","","","","","","","","","TERAPÊUTICOS"
"","","","","","","","","","NO SANGUE DO RECEPTOR","",""
"","","","","","","","","","EXAMES DE QUALIFICAÇÃO NO SANGUE DO","",""
"","","","","","","","","","","","PROCEDIMENTOS DIAGNÓSTICOS E"
"FENOTIPAGEM DO SISTEMA RH-HR","","","AMB","HCO","HSO","REF","","","DOADOR OU PROVA PRÉ-TRANSFUSIONAL","MEDICINA TRANSFUSIONAL",""
"","","","","","","","","","","","TERAPÊUTICOS"
"","","","","","","","","","NO SANGUE DO RECEPTOR","",""
"","","","","","","","","","EXAMES DE QUALIFICAÇÃO NO SANGUE DO","",""
"","","","","","","","","","","","PROCEDIMENTOS DIAGNÓSTICOS E"
"HEPATITE B - ANTI-HBC, POR MÉTODO IMUNOENZIMÁTICO OU POR QUIMIOLUMINESCÊNCIA","","","AMB","HCO","HSO","REF","","","DOADOR OU PROVA PRÉ-TRANSFUSIONAL","MEDICINA TRANSFUSIONAL",""
"","","","","","","","","","","","TERAPÊUTICOS"
"","","","","","","","","","NO SANGUE DO RECEPTOR","",""
"","","","","","","","","","EXAMES DE QUALIFICAÇÃO NO SANGUE DO","",""
"","","","","","","","","","","","PROCEDIMENTOS DIAGNÓSTICOS E"
"HEPATITE B - HBSAG, POR MÉTODO IMUNOENZIMÁTICO OU POR QUIMIOLUMINESCÊNCIA","","","AMB","HCO","HSO","REF","","","DOADOR OU PROVA PRÉ-TRANSFUSIONAL","MEDICINA TRANSFUSIONAL",""
"","","","","","","","","","","","TERAPÊUTICOS"
"","","","","","","","","","NO SANGUE DO RECEPTOR","",""
"","","","","","","","","","EXAMES DE QUALIFICAÇÃO NO SANGUE DO","",""
"","","","","","","","","","","","PROCEDIMENTOS DIAGNÓSTICOS E"
"HEPATITE C - ANTI-HCV, TESTE IMUNOENZIMÁTICO OU POR QUIMIOLUMINESCÊNCIA","","","AMB","HCO","HSO","REF","","","DOADOR OU PROVA PRÉ-TRANSFUSIONAL","MEDICINA TRANSFUSIONAL",""
"","","","","","","","","","","","TERAPÊUTICOS"
"","","","","","","","","","NO SANGUE DO RECEPTOR","",""
"","","","","","","","","","EXAMES DE QUALIFICAÇÃO NO SANGUE DO","",""
"","","","","","","","","","","","PROCEDIMENTOS DIAGNÓSTICOS E"
"HTLV I E II - TESTE IMUNOENZIMÁTICO OU POR QUIMIOLUMINESCÊNCIA","","","AMB","HCO","HSO","REF","","","DOADOR OU PROVA PRÉ-TRANSFUSIONAL","MEDICINA TRANSFUSIONAL",""
"","","","","","","","","","","","TERAPÊUTICOS"
"","","","","","","","","","NO SANGUE DO RECEPTOR","",""
"","","","","","","","","","EXAMES DE QUALIFICAÇÃO NO SANGUE DO","",""
"IDENTIFICAÇÃO DE ANTICORPOS SÉRICOS IRREGULARES ANTIERITROCITÁRIOS C/ PAINEL DE HEMÁCIAS,","","","","","","","","","","","PROCEDIMENTOS DIAGNÓSTICOS E"
"","","","AMB","HCO","HSO","REF","","","DOADOR OU PROVA PRÉ-TRANSFUSIONAL","MEDICINA TRANSFUSIONAL",""
"INCLUI TRATAMENTO ENZIMÁTICO (ELUIÇÃO E GEL)","","","","","","","","","","","TERAPÊUTICOS"
"","","","","","","","","","NO SANGUE DO RECEPTOR","",""
"IMUNO-HEMATOLÓGICOS: TIPIFICAÇÃO ABO, INCLUINDO TIPAGEM REVERSA E DETERMINAÇÃO DO FATOR RH","","","","","","","","","EXAMES DE QUALIFICAÇÃO NO SANGUE DO","",""
"","","","","","","","","","","","PROCEDIMENTOS DIAGNÓSTICOS E"
"(D), INCLUINDO PROVA PARA D-FRACO E PESQUISA E IDENTIFICAÇÃO DE ANTICORPOS SÉRICOS","","","AMB","HCO","HSO","REF","","","DOADOR OU PROVA PRÉ-TRANSFUSIONAL","MEDICINA TRANSFUSIONAL",""
"","","","","","","","","","","","TERAPÊUTICOS"
"IRREGULARES ANTIERITROCITÁRIOS","","","","","","","","","NO SANGUE DO RECEPTOR","",""
"","","","","","","","","","EXAMES DE QUALIFICAÇÃO NO SANGUE DO","",""
"INVESTIGAÇÃO DA PRESENÇA DE ANTI-A OU ANTI-B, EM SORO OU PLASMA DE NEONATO, COM MÉTODOS","","","","","","","","","","","PROCEDIMENTOS DIAGNÓSTICOS E"
"","","","AMB","HCO","HSO","REF","","","DOADOR OU PROVA PRÉ-TRANSFUSIONAL","MEDICINA TRANSFUSIONAL",""
"QUE INCLUAM UMA FASE ANTIGLOBULÍNICA","","","","","","","","","","","TERAPÊUTICOS"
"","","","","","","","","","NO SANGUE DO RECEPTOR","",""
"","","","","","","","","","EXAMES DE QUALIFICAÇÃO NO SANGUE DO","",""
"","","","","","","","","","","","PROCEDIMENTOS DIAGNÓSTICOS E"
"MALÁRIA, PESQUISA","","","AMB","HCO","HSO","REF","","","DOADOR OU PROVA PRÉ-TRANSFUSIONAL","MEDICINA TRANSFUSIONAL",""
"","","","","","","","","","","","TERAPÊUTICOS"
"","","","","","","","","","NO SANGUE DO RECEPTOR","",""
"","","","","","","","","","EXAMES DE QUALIFICAÇÃO NO SANGUE DO","",""
"","","","","","","","","","","","PROCEDIMENTOS DIAGNÓSTICOS E"
"PESQUISA E IDENTIFICAÇÃO DE ANTICORPOS IRREGULARES NO SANGUE DO RECEPTOR","","","AMB","HCO","HSO","REF","","","DOADOR OU PROVA PRÉ-TRANSFUSIONAL","MEDICINA TRANSFUSIONAL",""
"","","","","","","","","","","","TERAPÊUTICOS"
"","","","","","","","","","NO SANGUE DO RECEPTOR","",""
"","","","","","","","","","EXAMES DE QUALIFICAÇÃO NO SANGUE DO","",""
"PESQUISA QUALITATIVA E QUANTITATIVA DE ANTICORPOS ANTIERITROCITÁRIOS NATURAIS E IRREGULARES","","","","","","","","","","","PROCEDIMENTOS DIAGNÓSTICOS E"
"","","","AMB","HCO","HSO","REF","","","DOADOR OU PROVA PRÉ-TRANSFUSIONAL","MEDICINA TRANSFUSIONAL",""
"(ELUIÇÃO, A FRIO E GEL)","","","","","","","","","","","TERAPÊUTICOS"
"","","","","","","","","","NO SANGUE DO RECEPTOR","",""
