"","RN","","","","","","","","","",""
"PROCEDIMENTO","VIGÊNCIA","OD","AMB","HCO","HSO","REF","PAC","DUT","SUBGRUPO","GRUPO","CAPÍTULO"
"","(alteração)","","","","","","","","","",""
"","","","","","","","","","","PROCEDIMENTOS CLÍNICOS AMBULATORIAIS","PROCEDIMENTOS CLÍNICOS AMBULATORIAIS"
"PROFILAXIA: POLIMENTO CORONÁRIO","","OD","","","","","","","AVALIAÇÕES/ACOMPANHAMENTOS","",""
"","","","","","","","","","","E HOSPITALARES","E HOSPITALARES"
"","","","","","","","","","","PROCEDIMENTOS CLÍNICOS AMBULATORIAIS","PROCEDIMENTOS CLÍNICOS AMBULATORIAIS"
"TERAPIA ANTINEOPLÁSICA ORAL PARA TRATAMENTO DO CÂNCER (COM DIRETRIZ DE UTILIZAÇÃO)","","","AMB","HCO","HSO","REF","PAC","64","AVALIAÇÕES/ACOMPANHAMENTOS","",""
"","","","","","","","","","","E HOSPITALARES","E HOSPITALARES"
"","","","","","","","","","","PROCEDIMENTOS CLÍNICOS AMBULATORIAIS","PROCEDIMENTOS CLÍNICOS AMBULATORIAIS"
"TESTE DE PROVOCAÇÃO ORAL COM ALIMENTOS (COM DIRETRIZ DE UTILIZAÇÃO)","536/2022
06/05/2022","","AMB","HCO","HSO","REF","","152","AVALIAÇÕES/ACOMPANHAMENTOS","",""
"","","","","","","","","","","E HOSPITALARES","E HOSPITALARES"
"MEDICAMENTOS PARA O CONTROLE DE EFEITOS ADVERSOS E ADJUVANTES RELACIONADOS A","","","","","","","","","","PROCEDIMENTOS CLÍNICOS AMBULATORIAIS","PROCEDIMENTOS CLÍNICOS AMBULATORIAIS"
"","","","AMB","","","REF","PAC","54","AVALIAÇÕES/ACOMPANHAMENTOS","",""
"TRATAMENTOS ANTINEOPLÁSICOS (COM DIRETRIZ DE UTILIZAÇÃO)","","","","","","","","","","E HOSPITALARES","E HOSPITALARES"
"","","","","","","","","","","PROCEDIMENTOS CLÍNICOS AMBULATORIAIS","PROCEDIMENTOS CLÍNICOS AMBULATORIAIS"
"CARDIOTOCOGRAFIA","","","AMB","HCO","HSO","REF","","MONITORIZAÇÕES","","",""
"","","","","","","","","","","E HOSPITALARES","E HOSPITALARES"
"","","","","","","","","","","PROCEDIMENTOS CLÍNICOS AMBULATORIAIS","PROCEDIMENTOS CLÍNICOS AMBULATORIAIS"
"HOLTER DE 24 HORAS - 2 OU MAIS CANAIS - ANALÓGICO OU DIGITAL","","","AMB","","","REF","","MONITORIZAÇÕES","","",""
"","","","","","","","","","","E HOSPITALARES","E HOSPITALARES"
"","","","","","","","","","","PROCEDIMENTOS CLÍNICOS AMBULATORIAIS","PROCEDIMENTOS CLÍNICOS AMBULATORIAIS"
"MONITORIZAÇÃO AMBULATORIAL DA PRESSÃO ARTERIAL - MAPA (24 HORAS) - COM DIRETRIZ DE UTILIZAÇÃO","","","AMB","","","REF","","56
MONITORIZAÇÕES","","",""
"","","","","","","","","","","E HOSPITALARES","E HOSPITALARES"
"MONITORIZAÇÃO AMBULATORIAL DA PRESSÃO ARTERIAL DE 5 DIAS - MAPA 5 DIAS (MONITORIZAÇÃO","","","","","","","","","","PROCEDIMENTOS CLÍNICOS AMBULATORIAIS","PROCEDIMENTOS CLÍNICOS AMBULATORIAIS"
"","581/2023
12/072023","","AMB","","","REF","","162
MONITORIZAÇÕES","","",""
"RESIDENCIAL DA PRESSÃO ARTERIAL - MRPA) - COM DIRETRIZ DE UTILIZAÇÂO","","","","","","","","","","E HOSPITALARES","E HOSPITALARES"
"","","","","","","","","","","PROCEDIMENTOS CLÍNICOS AMBULATORIAIS","PROCEDIMENTOS CLÍNICOS AMBULATORIAIS"
"MONITORIZAÇÃO DA PRESSÃO INTRACRANIANA","","","","HCO","HSO","REF","","MONITORIZAÇÕES","","",""
"","","","","","","","","","","E HOSPITALARES","E HOSPITALARES"
"","","","","","","","","","","PROCEDIMENTOS CLÍNICOS AMBULATORIAIS","PROCEDIMENTOS CLÍNICOS AMBULATORIAIS"
"MONITORIZAÇÃO HEMODINÂMICA INVASIVA OU NÃO INVASIVA","","","","HCO","HSO","REF","","MONITORIZAÇÕES","","",""
"","","","","","","","","","","E HOSPITALARES","E HOSPITALARES"
"","","","","","","","","","","PROCEDIMENTOS CLÍNICOS AMBULATORIAIS","PROCEDIMENTOS CLÍNICOS AMBULATORIAIS"
"MONITORIZAÇÃO NEUROFISIOLÓGICA INTRA-OPERATÓRIA","","","","HCO","HSO","REF","","MONITORIZAÇÕES","","",""
"","","","","","","","","","","E HOSPITALARES","E HOSPITALARES"
"","","","","","","","","","","PROCEDIMENTOS CLÍNICOS AMBULATORIAIS","PROCEDIMENTOS CLÍNICOS AMBULATORIAIS"
"POTENCIAL EVOCADO INTRA-OPERATÓRIO - MONITORIZAÇÃO CIRÚRGICA (PE/IO)","","","","HCO","HSO","REF","","MONITORIZAÇÕES","","",""
"","","","","","","","","","","E HOSPITALARES","E HOSPITALARES"
"","","","","","","","","","","PROCEDIMENTOS CLÍNICOS AMBULATORIAIS","PROCEDIMENTOS CLÍNICOS AMBULATORIAIS"
"TESTE DE INCLINAÇÃO ORTOSTÁTICA (TILT TEST) - COM DIRETRIZ DE UTILIZAÇÃO","","","AMB","HCO","HSO","REF","PAC","67
MONITORIZAÇÕES","","",""
"","","","","","","","","","","E HOSPITALARES","E HOSPITALARES"
"","","","","","","","","","","PROCEDIMENTOS CLÍNICOS AMBULATORIAIS","PROCEDIMENTOS CLÍNICOS AMBULATORIAIS"
"ADAPTAÇÃO E TREINAMENTO DE RECURSOS ÓPTICOS","","","AMB","","","REF","","REABILITAÇÃO","","",""
"","","","","","","","","","","E HOSPITALARES","E HOSPITALARES"
"","","","","","","","","","","PROCEDIMENTOS CLÍNICOS AMBULATORIAIS","PROCEDIMENTOS CLÍNICOS AMBULATORIAIS"
"AMPUTAÇÃO (PREPARAÇÃO DO COTO E TREINAMENTO PROTÉTICO)","","","AMB","HCO","HSO","REF","","REABILITAÇÃO","","",""
"","","","","","","","","","","E HOSPITALARES","E HOSPITALARES"
"","","","","","","","","","","PROCEDIMENTOS CLÍNICOS AMBULATORIAIS","PROCEDIMENTOS CLÍNICOS AMBULATORIAIS"
"BIOFEEDBACK COM EMG","","","AMB","HCO","HSO","REF","","REABILITAÇÃO","","",""
"","","","","","","","","","","E HOSPITALARES","E HOSPITALARES"
"","","","","","","","","","","PROCEDIMENTOS CLÍNICOS AMBULATORIAIS","PROCEDIMENTOS CLÍNICOS AMBULATORIAIS"
"EXERCÍCIOS DE ORTÓPTICA","","","AMB","","","REF","","REABILITAÇÃO","","",""
"","","","","","","","","","","E HOSPITALARES","E HOSPITALARES"
"","","","","","","","","","","PROCEDIMENTOS CLÍNICOS AMBULATORIAIS","PROCEDIMENTOS CLÍNICOS AMBULATORIAIS"
"INFILTRAÇÃO DE PONTO GATILHO OU AGULHAMENTO SECO","","","AMB","HCO","HSO","REF","","REABILITAÇÃO","","",""
"","","","","","","","","","","E HOSPITALARES","E HOSPITALARES"
"","","","","","","","","","","PROCEDIMENTOS CLÍNICOS AMBULATORIAIS","PROCEDIMENTOS CLÍNICOS AMBULATORIAIS"
"REABILITACAO E REEDUCACAO DE SEQÜELAS EM TRAUMATISMOS E POLITRAUMATIZADOS","","","AMB","HCO","HSO","REF","","REABILITAÇÃO","","",""
"","","","","","","","","","","E HOSPITALARES","E HOSPITALARES"
