"","RN","","","","","","","","","","",""
"PROCEDIMENTO","VIGÊNCIA","OD","AMB","HCO","HSO","REF","PAC","DUT","","SUBGRUPO","GRUPO","CAPÍTULO"
"","(alteração)","","","","","","","","","","",""
"CORREÇÃO LAPAROSCÓPICA DE REFLUXO VÉSICO-URETERAL","","","","HCO","HSO","REF","","","URETER","","SISTEMA URINÁRIO","PROCEDIMENTOS CIRÚRGICOS E INVASIVOS"
"DILATAÇÃO ENDOSCÓPICA","","","","HCO","HSO","REF","","","URETER","","SISTEMA URINÁRIO","PROCEDIMENTOS CIRÚRGICOS E INVASIVOS"
"DUPLICAÇÃO PIELOURETERAL - TRATAMENTO CIRÚRGICO","","","","HCO","HSO","REF","","","URETER","","SISTEMA URINÁRIO","PROCEDIMENTOS CIRÚRGICOS E INVASIVOS"
"FÍSTULA URETERO-CUTÂNEA (TRATAMENTO CIRÚRGICO)","","","","HCO","HSO","REF","","","URETER","","SISTEMA URINÁRIO","PROCEDIMENTOS CIRÚRGICOS E INVASIVOS"
"FÍSTULA URETERO-INTESTINAL (TRATAMENTO CIRÚRGICO)","","","","HCO","HSO","REF","","","URETER","","SISTEMA URINÁRIO","PROCEDIMENTOS CIRÚRGICOS E INVASIVOS"
"FÍSTULA URETERO-VAGINAL (TRATAMENTO CIRÚRGICO)","","","","HCO","HSO","REF","","","URETER","","SISTEMA URINÁRIO","PROCEDIMENTOS CIRÚRGICOS E INVASIVOS"
"MEATOTOMIA ENDOSCÓPICA","","","","HCO","HSO","REF","","","URETER","","SISTEMA URINÁRIO","PROCEDIMENTOS CIRÚRGICOS E INVASIVOS"
"REFLUXO VÉSICO-URETERAL - TRATAMENTO ENDOSCÓPICO (COM DIRETRIZ DE UTILIZAÇÃO)","","","","HCO","HSO","REF","","122","URETER","","SISTEMA URINÁRIO","PROCEDIMENTOS CIRÚRGICOS E INVASIVOS"
"REIMPLANTE URETERAL POR VIA EXTRA, INTRA OU TRANSVESICAL","","","","HCO","HSO","REF","","","URETER","","SISTEMA URINÁRIO","PROCEDIMENTOS CIRÚRGICOS E INVASIVOS"
"REIMPLANTE URETEROINTESTINAL","","","","HCO","HSO","REF","","","URETER","","SISTEMA URINÁRIO","PROCEDIMENTOS CIRÚRGICOS E INVASIVOS"
"REIMPLANTE URETEROINTESTINAL LAPAROSCÓPICO","","","","HCO","HSO","REF","","","URETER","","SISTEMA URINÁRIO","PROCEDIMENTOS CIRÚRGICOS E INVASIVOS"
"REIMPLANTE URETERO-VESICAL","","","","HCO","HSO","REF","","","URETER","","SISTEMA URINÁRIO","PROCEDIMENTOS CIRÚRGICOS E INVASIVOS"
"REIMPLANTE URETERO-VESICAL LAPAROSCÓPICO","","","","HCO","HSO","REF","","","URETER","","SISTEMA URINÁRIO","PROCEDIMENTOS CIRÚRGICOS E INVASIVOS"
"RETIRADA ENDOSCÓPICA DE CÁLCULO DE URETER","","","","HCO","HSO","REF","","","URETER","","SISTEMA URINÁRIO","PROCEDIMENTOS CIRÚRGICOS E INVASIVOS"
"TRANSURETEROSTOMIA","","","","HCO","HSO","REF","","","URETER","","SISTEMA URINÁRIO","PROCEDIMENTOS CIRÚRGICOS E INVASIVOS"
"URETERECTOMIA","","","","HCO","HSO","REF","","","URETER","","SISTEMA URINÁRIO","PROCEDIMENTOS CIRÚRGICOS E INVASIVOS"
"URETEROCELE -TRATAMENTO CIRURGICO OU ENDOSCOPICO","","","","HCO","HSO","REF","","","URETER","","SISTEMA URINÁRIO","PROCEDIMENTOS CIRÚRGICOS E INVASIVOS"
"URETEROILEOCISTOSTOMIA","","","","HCO","HSO","REF","","","URETER","","SISTEMA URINÁRIO","PROCEDIMENTOS CIRÚRGICOS E INVASIVOS"
"URETEROILEOSTOMIA","","","","HCO","HSO","REF","","","URETER","","SISTEMA URINÁRIO","PROCEDIMENTOS CIRÚRGICOS E INVASIVOS"
