"","RN","","","","","","","","","","",""
"PROCEDIMENTO","VIGÊNCIA","OD","AMB","HCO","HSO","REF","PAC","DUT","","SUBGRUPO","GRUPO","CAPÍTULO"
"","(alteração)","","","","","","","","","","",""
"","","","","","","","","","","","","PROCEDIMENTOS DIAGNÓSTICOS E"
"IGA TOTAL","","","AMB","HCO","HSO","REF","","","IMUNOLOGIA","","PROCEDIMENTOS LABORATORIAIS",""
"","","","","","","","","","","","","TERAPÊUTICOS"
"","","","","","","","","","","","","PROCEDIMENTOS DIAGNÓSTICOS E"
"IGD","","","AMB","HCO","HSO","REF","","","IMUNOLOGIA","","PROCEDIMENTOS LABORATORIAIS",""
"","","","","","","","","","","","","TERAPÊUTICOS"
"","","","","","","","","","","","","PROCEDIMENTOS DIAGNÓSTICOS E"
"IGE TOTAL","","","AMB","HCO","HSO","REF","","","IMUNOLOGIA","","PROCEDIMENTOS LABORATORIAIS",""
"","","","","","","","","","","","","TERAPÊUTICOS"
"","","","","","","","","","","","","PROCEDIMENTOS DIAGNÓSTICOS E"
"IGE POR ALÉRGENO","","","AMB","HCO","HSO","REF","","","IMUNOLOGIA","","PROCEDIMENTOS LABORATORIAIS",""
"","","","","","","","","","","","","TERAPÊUTICOS"
"","","","","","","","","","","","","PROCEDIMENTOS DIAGNÓSTICOS E"
"IGE POR GRUPO ESPECÍFICO","","","AMB","HCO","HSO","REF","","","IMUNOLOGIA","","PROCEDIMENTOS LABORATORIAIS",""
"","","","","","","","","","","","","TERAPÊUTICOS"
"","","","","","","","","","","","","PROCEDIMENTOS DIAGNÓSTICOS E"
"IGG TOTAL","","","AMB","HCO","HSO","REF","","","IMUNOLOGIA","","PROCEDIMENTOS LABORATORIAIS",""
"","","","","","","","","","","","","TERAPÊUTICOS"
"","","","","","","","","","","","","PROCEDIMENTOS DIAGNÓSTICOS E"
"IGG SUBCLASSES (1, 2, 3, 4)","","","AMB","HCO","HSO","REF","","","IMUNOLOGIA","","PROCEDIMENTOS LABORATORIAIS",""
"","","","","","","","","","","","","TERAPÊUTICOS"
"","","","","","","","","","","","","PROCEDIMENTOS DIAGNÓSTICOS E"
"IGM TOTAL","","","AMB","HCO","HSO","REF","","","IMUNOLOGIA","","PROCEDIMENTOS LABORATORIAIS",""
"","","","","","","","","","","","","TERAPÊUTICOS"
"","","","","","","","","","","","","PROCEDIMENTOS DIAGNÓSTICOS E"
"IMUNOELETROFORESE, PROTEÍNAS SÉRICAS","","","AMB","HCO","HSO","REF","","","IMUNOLOGIA","","PROCEDIMENTOS LABORATORIAIS",""
"","","","","","","","","","","","","TERAPÊUTICOS"
"","","","","","","","","","","","","PROCEDIMENTOS DIAGNÓSTICOS E"
"IMUNOFLUORESCÊNCIA DIRETA OU INDIRETA (ANTIFÍGADO)","","","AMB","HCO","HSO","REF","","","IMUNOLOGIA","","PROCEDIMENTOS LABORATORIAIS",""
"","","","","","","","","","","","","TERAPÊUTICOS"
"","","","","","","","","","","","","PROCEDIMENTOS DIAGNÓSTICOS E"
"INIBIDOR DE C1 ESTERASE","","","AMB","HCO","HSO","REF","","","IMUNOLOGIA","","PROCEDIMENTOS LABORATORIAIS",""
"","","","","","","","","","","","","TERAPÊUTICOS"
"","","","","","","","","","","","","PROCEDIMENTOS DIAGNÓSTICOS E"
"LEGIONELLA - IGG / IGM","","","AMB","HCO","HSO","REF","","","IMUNOLOGIA","","PROCEDIMENTOS LABORATORIAIS",""
"","","","","","","","","","","","","TERAPÊUTICOS"
"","","","","","","","","","","","","PROCEDIMENTOS DIAGNÓSTICOS E"
"LEISHMANIOSE - IGG / IGM","","","AMB","HCO","HSO","REF","","","IMUNOLOGIA","","PROCEDIMENTOS LABORATORIAIS",""
"","","","","","","","","","","","","TERAPÊUTICOS"
"","","","","","","","","","","","","PROCEDIMENTOS DIAGNÓSTICOS E"
"LEPTOSPIROSE - IGG / IGM","","","AMB","HCO","HSO","REF","","","IMUNOLOGIA","","PROCEDIMENTOS LABORATORIAIS",""
"","","","","","","","","","","","","TERAPÊUTICOS"
"","","","","","","","","","","","","PROCEDIMENTOS DIAGNÓSTICOS E"
"LEPTOSPIROSE, AGLUTINAÇÃO","","","AMB","HCO","HSO","REF","","","IMUNOLOGIA","","PROCEDIMENTOS LABORATORIAIS",""
"","","","","","","","","","","","","TERAPÊUTICOS"
"","","","","","","","","","","","","PROCEDIMENTOS DIAGNÓSTICOS E"
"LINFÓCITOS T ""HELPER"" (CD-4+), CONTAGEM","","","AMB","HCO","HSO","REF","PAC","","IMUNOLOGIA","","PROCEDIMENTOS LABORATORIAIS",""
"","","","","","","","","","","","","TERAPÊUTICOS"
"","","","","","","","","","","","","PROCEDIMENTOS DIAGNÓSTICOS E"
"LINFÓCITOS T SUPRESSORES (CD-8+), CONTAGEM","","","AMB","HCO","HSO","REF","PAC","","IMUNOLOGIA","","PROCEDIMENTOS LABORATORIAIS",""
"","","","","","","","","","","","","TERAPÊUTICOS"
"","","","","","","","","","","","","PROCEDIMENTOS DIAGNÓSTICOS E"
"LISTERIOSE, ANTICORPOS","","","AMB","HCO","HSO","REF","","","IMUNOLOGIA","","PROCEDIMENTOS LABORATORIAIS",""
"","","","","","","","","","","","","TERAPÊUTICOS"
"","","","","","","","","","","","","PROCEDIMENTOS DIAGNÓSTICOS E"
"MALÁRIA - IGG / IGM","","","AMB","HCO","HSO","REF","","","IMUNOLOGIA","","PROCEDIMENTOS LABORATORIAIS",""
"","","","","","","","","","","","","TERAPÊUTICOS"
