"","RN","","","","","","","","","","",""
"PROCEDIMENTO","","VIGÊNCIA","OD","AMB","HCO","HSO","REF","PAC","DUT","SUBGRUPO","GRUPO","CAPÍTULO"
"","(alteração)","","","","","","","","","","",""
"","","","","","","","","","","HEMODINÂMICA - CARDIOLOGIA","",""
"MAPEAMENTO DE FEIXES ANÔMALOS E FOCOS ECTÓPICOS POR ELETROFISIOLOGIA INTRACAVITÁRIA, COM","","","","","","","","","","","",""
"","","","","","HCO","HSO","REF","PAC","","INTERVENCIONISTA (PROCEDIMENTOS","SISTEMA CÁRDIO-CIRCULATÓRIO","PROCEDIMENTOS CIRÚRGICOS E INVASIVOS"
"PROVAS","","","","","","","","","","","",""
"","","","","","","","","","","DIAGNÓSTICOS/TERAPÊUTICOS)","",""
"","","","","","","","","","","HEMODINÂMICA - CARDIOLOGIA","",""
"OCLUSÃO PERCUTÂNEA DE ""SHUNTS"" INTRACARDÍACOS","","","","","HCO","HSO","REF","PAC","","INTERVENCIONISTA (PROCEDIMENTOS","SISTEMA CÁRDIO-CIRCULATÓRIO","PROCEDIMENTOS CIRÚRGICOS E INVASIVOS"
"","","","","","","","","","","DIAGNÓSTICOS/TERAPÊUTICOS)","",""
"","","","","","","","","","","HEMODINÂMICA - CARDIOLOGIA","",""
"OCLUSÃO PERCUTÂNEA DE FÍSTULA E/OU CONEXÕES SISTÊMICO PULMONARES","","","","","HCO","HSO","REF","PAC","","INTERVENCIONISTA (PROCEDIMENTOS","SISTEMA CÁRDIO-CIRCULATÓRIO","PROCEDIMENTOS CIRÚRGICOS E INVASIVOS"
"","","","","","","","","","","DIAGNÓSTICOS/TERAPÊUTICOS)","",""
"","","","","","","","","","","HEMODINÂMICA - CARDIOLOGIA","",""
"OCLUSÃO PERCUTÂNEA DO CANAL ARTERIAL","","","","","HCO","HSO","REF","PAC","","INTERVENCIONISTA (PROCEDIMENTOS","SISTEMA CÁRDIO-CIRCULATÓRIO","PROCEDIMENTOS CIRÚRGICOS E INVASIVOS"
"","","","","","","","","","","DIAGNÓSTICOS/TERAPÊUTICOS)","",""
"","","","","","","","","","","HEMODINÂMICA - CARDIOLOGIA","",""
"PROCEDIMENTO TERAPÊUTICO NAS CARDIOPATIAS CONGÊNITAS, EXCETO ATRIOSSEPTOSTOMIA","","","","","HCO","HSO","REF","PAC","","INTERVENCIONISTA (PROCEDIMENTOS","SISTEMA CÁRDIO-CIRCULATÓRIO","PROCEDIMENTOS CIRÚRGICOS E INVASIVOS"
"","","","","","","","","","","DIAGNÓSTICOS/TERAPÊUTICOS)","",""
"","","","","","","","","","","HEMODINÂMICA - CARDIOLOGIA","",""
"RECANALIZAÇÃO ARTERIAL NO IAM - ANGIOPLASTIA PRIMÁRIA - COM IMPLANTE DE STENT COM OU SEM","","","","","","","","","","","",""
"","","","","","HCO","HSO","REF","PAC","","INTERVENCIONISTA (PROCEDIMENTOS","SISTEMA CÁRDIO-CIRCULATÓRIO","PROCEDIMENTOS CIRÚRGICOS E INVASIVOS"
"SUPORTE CIRCULATÓRIO (BALÃO INTRA-AÓRTICO)","","","","","","","","","","","",""
"","","","","","","","","","","DIAGNÓSTICOS/TERAPÊUTICOS)","",""
"","","","","","","","","","","HEMODINÂMICA - CARDIOLOGIA","",""
"RECANALIZAÇÃO MECÂNICA DO IAM POR ANGIOPLASTIA","","","","","HCO","HSO","REF","PAC","","INTERVENCIONISTA (PROCEDIMENTOS","SISTEMA CÁRDIO-CIRCULATÓRIO","PROCEDIMENTOS CIRÚRGICOS E INVASIVOS"
"","","","","","","","","","","DIAGNÓSTICOS/TERAPÊUTICOS)","",""
"","","","","","","","","","","HEMODINÂMICA - CARDIOLOGIA","",""
"RETIRADA PERCUTÂNEA DE CORPOS ESTRANHOS VASCULARES","","","","","HCO","HSO","REF","PAC","","INTERVENCIONISTA (PROCEDIMENTOS","SISTEMA CÁRDIO-CIRCULATÓRIO","PROCEDIMENTOS CIRÚRGICOS E INVASIVOS"
"","","","","","","","","","","DIAGNÓSTICOS/TERAPÊUTICOS)","",""
"","","","","","","","","","","HEMODINÂMICA - CARDIOLOGIA","",""
"TRATAMENTO PERCUTÂNEO DO ANEURISMA/DISSECÇÃO DA AORTA","","","","","HCO","HSO","REF","PAC","","INTERVENCIONISTA (PROCEDIMENTOS","SISTEMA CÁRDIO-CIRCULATÓRIO","PROCEDIMENTOS CIRÚRGICOS E INVASIVOS"
"","","","","","","","","","","DIAGNÓSTICOS/TERAPÊUTICOS)","",""
"","","","","","","","","","","HEMODINÂMICA - CARDIOLOGIA","",""
"VALVOPLASTIA PERCUTÂNEA POR VIA ARTERIAL OU VENOSA","","","","","HCO","HSO","REF","PAC","","INTERVENCIONISTA (PROCEDIMENTOS","SISTEMA CÁRDIO-CIRCULATÓRIO","PROCEDIMENTOS CIRÚRGICOS E INVASIVOS"
"","","","","","","","","","","DIAGNÓSTICOS/TERAPÊUTICOS)","",""
"","","","","","","","","","","HEMODINÂMICA - CARDIOLOGIA","",""
"VALVOPLASTIA PERCUTÂNEA POR VIA TRANSEPTAL","","","","","HCO","HSO","REF","PAC","","INTERVENCIONISTA (PROCEDIMENTOS","SISTEMA CÁRDIO-CIRCULATÓRIO","PROCEDIMENTOS CIRÚRGICOS E INVASIVOS"
"","","","","","","","","","","DIAGNÓSTICOS/TERAPÊUTICOS)","",""
"DISSECÇÃO DE VEIA PARA IMPLANTAÇÃO DE CATETER CENTRAL DE LONGA PERMANÊNCIA PARA NUTRIÇÃO","","","","","","","","","","","",""
"","","","","AMB","HCO","HSO","REF","","","ACESSOS VASCULARES","SISTEMA CÁRDIO-CIRCULATÓRIO","PROCEDIMENTOS CIRÚRGICOS E INVASIVOS"
"PARENTERAL PROLONGADA (NPP) OU QUIMIOTERAPIA (QT)","","","","","","","","","","","",""
"INSTALAÇÃO E MANUTENÇÃO DE CIRCUITO PARA ASSISTÊNCIA MECÂNICA CIRCULATÓRIA PROLONGADA","","","","","","","","","","","",""
"","","","","","HCO","HSO","REF","","","ACESSOS VASCULARES","SISTEMA CÁRDIO-CIRCULATÓRIO","PROCEDIMENTOS CIRÚRGICOS E INVASIVOS"
"(TORACOTOMIA)","","","","","","","","","","","",""
"INSTALAÇÃO E MANUTENÇÃO DE DISPOSITIVO DE ASSISTÊNCIA VENTRICULAR ESQUERDA (DAVE) POR","","","","","","","","","","","",""
"","627/2025","17/02/2025","","","HCO","HSO","REF","","171","ACESSOS VASCULARES","SISTEMA CÁRDIO-CIRCULATÓRIO","PROCEDIMENTOS CIRÚRGICOS E INVASIVOS"
"TORACOTOMIA (COM DIRETRIZ DE UTILIZAÇÃO)","","","","","","","","","","","",""
"INSTALAÇÃO DE CATETER PARA MONITORIZAÇÃO HEMODINÂMICA À BEIRA DO LEITO (SWAN-GANZ)","","","","","HCO","HSO","REF","","","ACESSOS VASCULARES","SISTEMA CÁRDIO-CIRCULATÓRIO","PROCEDIMENTOS CIRÚRGICOS E INVASIVOS"
"INSTALAÇÃO DE CATETERES INTRACAVITÁRIOS PARA MONITORIZAÇÃO HEMODINÂMICA TEMPORÁRIA","","","","","HCO","HSO","REF","","","ACESSOS VASCULARES","SISTEMA CÁRDIO-CIRCULATÓRIO","PROCEDIMENTOS CIRÚRGICOS E INVASIVOS"
"PUNÇÃO VENOSA PROFUNDA OU DISSECÇÃO DE VEIA PARA COLOCAÇÃO CATETER","","","","AMB","HCO","HSO","REF","","","ACESSOS VASCULARES","SISTEMA CÁRDIO-CIRCULATÓRIO","PROCEDIMENTOS CIRÚRGICOS E INVASIVOS"
"ANASTOMOSE LINFOVENOSA","","","","","HCO","HSO","REF","","","CIRURGIA LINFÁTICA","SISTEMA CÁRDIO-CIRCULATÓRIO","PROCEDIMENTOS CIRÚRGICOS E INVASIVOS"
"DOENCA DE HODGKIN - ESTADIAMENTO CIRÚRGICO","","","","","HCO","HSO","REF","","","CIRURGIA LINFÁTICA","SISTEMA CÁRDIO-CIRCULATÓRIO","PROCEDIMENTOS CIRÚRGICOS E INVASIVOS"
