"","RN","","","","","","","","",""
"PROCEDIMENTO","VIGÊNCIA","OD","AMB","HCO","HSO","REF","PAC","DUT","SUBGRUPO","GRUPO
CAPÍTULO"
"","(alteração)","","","","","","","","",""
"LIBERAÇÃO LAPAROSCÓPICA DE ADERÊNCIAS PÉLVICAS, COM OU SEM RESSECÇÃO DE CISTOS","","","","","","","","","",""
"","","","","HCO","HSO","REF","","","CAVIDADE E PAREDES PÉLVICAS","SISTEMA GENITAL E REPRODUTOR FEMININO PROCEDIMENTOS CIRÚRGICOS E INVASIVOS"
"PERITONEAIS OU SALPINGOLISE","","","","","","","","","",""
"LIGADURA DE VEIA OVARIANA","","","","HCO","HSO","REF","","","CAVIDADE E PAREDES PÉLVICAS","SISTEMA GENITAL E REPRODUTOR FEMININO PROCEDIMENTOS CIRÚRGICOS E INVASIVOS"
"LIGAMENTOPEXIA PÉLVICA","","","","HCO","HSO","REF","","","CAVIDADE E PAREDES PÉLVICAS","SISTEMA GENITAL E REPRODUTOR FEMININO PROCEDIMENTOS CIRÚRGICOS E INVASIVOS"
"LIGAMENTOPEXIA PÉLVICA LAPAROSCÓPICA","","","","HCO","HSO","REF","","","CAVIDADE E PAREDES PÉLVICAS","SISTEMA GENITAL E REPRODUTOR FEMININO PROCEDIMENTOS CIRÚRGICOS E INVASIVOS"
"NEURECTOMIA PRÉ-SACRAL OU DO NERVO GÊNITO-FEMORAL","","","","HCO","HSO","REF","","","CAVIDADE E PAREDES PÉLVICAS","SISTEMA GENITAL E REPRODUTOR FEMININO PROCEDIMENTOS CIRÚRGICOS E INVASIVOS"
"RESSECÇÃO DE TUMOR DE PAREDE ABDOMINAL PÉLVICA","","","","HCO","HSO","REF","","","CAVIDADE E PAREDES PÉLVICAS","SISTEMA GENITAL E REPRODUTOR FEMININO PROCEDIMENTOS CIRÚRGICOS E INVASIVOS"
"RESSECÇÃO OU LIGADURA DE VARIZES PÉLVICAS","","","","HCO","HSO","REF","","","CAVIDADE E PAREDES PÉLVICAS","SISTEMA GENITAL E REPRODUTOR FEMININO PROCEDIMENTOS CIRÚRGICOS E INVASIVOS"
"RESSECÇÃO OU LIGADURA LAPAROSCÓPICA DE VARIZES PÉLVICAS","","","","HCO","HSO","REF","","","CAVIDADE E PAREDES PÉLVICAS","SISTEMA GENITAL E REPRODUTOR FEMININO PROCEDIMENTOS CIRÚRGICOS E INVASIVOS"
"SECÇÃO DE LIGAMENTOS ÚTERO-SACROS","","","","HCO","","REF","","","CAVIDADE E PAREDES PÉLVICAS","SISTEMA GENITAL E REPRODUTOR FEMININO PROCEDIMENTOS CIRÚRGICOS E INVASIVOS"
"SECÇÃO LAPAROSCÓPICA DE LIGAMENTOS ÚTERO-SACROS","","","","HCO","","REF","","","CAVIDADE E PAREDES PÉLVICAS","SISTEMA GENITAL E REPRODUTOR FEMININO PROCEDIMENTOS CIRÚRGICOS E INVASIVOS"
"TRATAMENTO DE CÂNCER DE OVÁRIO (DEBULKING)","","","","HCO","HSO","REF","","","CAVIDADE E PAREDES PÉLVICAS","SISTEMA GENITAL E REPRODUTOR FEMININO PROCEDIMENTOS CIRÚRGICOS E INVASIVOS"
"TRATAMENTO DE CÂNCER DE OVÁRIO (DEBULKING) VIA LAPAROSCÓPICA","","","","HCO","HSO","REF","","","CAVIDADE E PAREDES PÉLVICAS","SISTEMA GENITAL E REPRODUTOR FEMININO PROCEDIMENTOS CIRÚRGICOS E INVASIVOS"
"","","","","","","","","","PARTOS E OUTROS PROCEDIMENTOS",""
"AMNIORREDUÇÃO OU AMNIOINFUSÃO","","","","HCO","","REF","","","","SISTEMA GENITAL E REPRODUTOR FEMININO PROCEDIMENTOS CIRÚRGICOS E INVASIVOS"
"","","","","","","","","","OBSTÉTRICOS",""
"","","","","","","","","","PARTOS E OUTROS PROCEDIMENTOS",""
"ASPIRAÇÃO MANUAL INTRA-UTERINA (AMIU) PÓS-ABORTAMENTO","","","","HCO","HSO","REF","","","","SISTEMA GENITAL E REPRODUTOR FEMININO PROCEDIMENTOS CIRÚRGICOS E INVASIVOS"
"","","","","","","","","","OBSTÉTRICOS",""
"","","","","","","","","","PARTOS E OUTROS PROCEDIMENTOS",""
"ASSISTÊNCIA AO TRABALHO DE PARTO","","","","HCO","","REF","","","","SISTEMA GENITAL E REPRODUTOR FEMININO PROCEDIMENTOS CIRÚRGICOS E INVASIVOS"
"","","","","","","","","","OBSTÉTRICOS",""
"","","","","","","","","","PARTOS E OUTROS PROCEDIMENTOS",""
"CERCLAGEM DO COLO UTERINO","","","","HCO","","REF","","","","SISTEMA GENITAL E REPRODUTOR FEMININO PROCEDIMENTOS CIRÚRGICOS E INVASIVOS"
"","","","","","","","","","OBSTÉTRICOS",""
"","","","","","","","","","PARTOS E OUTROS PROCEDIMENTOS",""
"CURETAGEM PÓS-ABORTAMENTO","","","","HCO","HSO","REF","","","","SISTEMA GENITAL E REPRODUTOR FEMININO PROCEDIMENTOS CIRÚRGICOS E INVASIVOS"
"","","","","","","","","","OBSTÉTRICOS",""
"","","","","","","","","","PARTOS E OUTROS PROCEDIMENTOS",""
"EMBRIOTOMIA","","","","HCO","HSO","REF","","","","SISTEMA GENITAL E REPRODUTOR FEMININO PROCEDIMENTOS CIRÚRGICOS E INVASIVOS"
"","","","","","","","","","OBSTÉTRICOS",""
"","","","","","","","","","PARTOS E OUTROS PROCEDIMENTOS",""
"GRAVIDEZ ECTÓPICA - CIRURGIA","","","","HCO","HSO","REF","","","","SISTEMA GENITAL E REPRODUTOR FEMININO PROCEDIMENTOS CIRÚRGICOS E INVASIVOS"
"","","","","","","","","","OBSTÉTRICOS",""
