"","RN","","","","","","","","","",""
"PROCEDIMENTO","VIGÊNCIA","OD","AMB","HCO","HSO","REF","PAC","DUT","SUBGRUPO","GRUPO","CAPÍTULO"
"","(alteração)","","","","","","","","","",""
"BIÓPSIA DE PELE, TUMORES SUPERFICIAIS, TECIDO CELULAR SUBCUTÂNEO, LINFONODO SUPERFICIAL,","","","","","","","","","","PELE E TECIDO CELULAR SUBCUTÂNEO,",""
"","","","AMB","HCO","HSO","REF","","","PROCEDIMENTOS","","PROCEDIMENTOS CIRÚRGICOS E INVASIVOS"
"UNHA, ETC","","","","","","","","","","MUCOSAS E ANEXOS",""
"","","","","","","","","","","PELE E TECIDO CELULAR SUBCUTÂNEO,",""
"CALOSIDADE E/OU MAL PERFURANTE - DESBASTAMENTO","","","AMB","HCO","HSO","REF","","","PROCEDIMENTOS","","PROCEDIMENTOS CIRÚRGICOS E INVASIVOS"
"","","","","","","","","","","MUCOSAS E ANEXOS",""
"","","","","","","","","","","PELE E TECIDO CELULAR SUBCUTÂNEO,",""
"CANTOPLASTIA UNGUEAL","","","AMB","HCO","HSO","REF","","","PROCEDIMENTOS","","PROCEDIMENTOS CIRÚRGICOS E INVASIVOS"
"","","","","","","","","","","MUCOSAS E ANEXOS",""
"","","","","","","","","","","PELE E TECIDO CELULAR SUBCUTÂNEO,",""
"CAUTERIZAÇÃO QUÍMICA","","","AMB","HCO","HSO","REF","","","PROCEDIMENTOS","","PROCEDIMENTOS CIRÚRGICOS E INVASIVOS"
"","","","","","","","","","","MUCOSAS E ANEXOS",""
"","","","","","","","","","","PELE E TECIDO CELULAR SUBCUTÂNEO,",""
"CIRURGIA DA HIDROSADENITE","","","","HCO","HSO","REF","","","PROCEDIMENTOS","","PROCEDIMENTOS CIRÚRGICOS E INVASIVOS"
"","","","","","","","","","","MUCOSAS E ANEXOS",""
"","","","","","","","","","","PELE E TECIDO CELULAR SUBCUTÂNEO,",""
"CORREÇÃO CIRÚRGICA DE SEQUELAS DE ALOPECIA TRAUMÁTICA COM MICROENXERTOS PILOSOS","","","","HCO","HSO","REF","","","PROCEDIMENTOS","","PROCEDIMENTOS CIRÚRGICOS E INVASIVOS"
"","","","","","","","","","","MUCOSAS E ANEXOS",""
"CORREÇÃO DE DEFORMIDADES POR EXÉRESE DE TUMORES OU SEQÜELAS DE TRAUMATISMOS COM O","","","","","","","","","","PELE E TECIDO CELULAR SUBCUTÂNEO,",""
"","","","","HCO","HSO","REF","","","PROCEDIMENTOS","","PROCEDIMENTOS CIRÚRGICOS E INVASIVOS"
"EMPREGO DE EXPANSORES EM RETALHOS CUTÂNEOS, MUSCULARES E/OU MIOCUTÂNEOS","","","","","","","","","","MUCOSAS E ANEXOS",""
"","","","","","","","","","","PELE E TECIDO CELULAR SUBCUTÂNEO,",""
"CRIOCIRURGIA (NITROGÊNIO LÍQUIDO) DE NEOPLASIAS CUTÂNEAS","","","AMB","HCO","HSO","REF","","","PROCEDIMENTOS","","PROCEDIMENTOS CIRÚRGICOS E INVASIVOS"
"","","","","","","","","","","MUCOSAS E ANEXOS",""
"","","","","","","","","","","PELE E TECIDO CELULAR SUBCUTÂNEO,",""
"CURATIVO DE QUEIMADURAS","","","AMB","HCO","HSO","REF","","","PROCEDIMENTOS","","PROCEDIMENTOS CIRÚRGICOS E INVASIVOS"
"","","","","","","","","","","MUCOSAS E ANEXOS",""
"","","","","","","","","","","PELE E TECIDO CELULAR SUBCUTÂNEO,",""
"CURATIVO ESPECIAL SOB ANESTESIA","","","","HCO","HSO","REF","","","PROCEDIMENTOS","","PROCEDIMENTOS CIRÚRGICOS E INVASIVOS"
"","","","","","","","","","","MUCOSAS E ANEXOS",""
"","","","","","","","","","","PELE E TECIDO CELULAR SUBCUTÂNEO,",""
"CURETAGEM, ELETROCOAGULAÇÃO E/OU DERMOABRASÃO DE LESÕES DE PELE E MUCOSAS","","","AMB","HCO","HSO","REF","","","PROCEDIMENTOS","","PROCEDIMENTOS CIRÚRGICOS E INVASIVOS"
"","","","","","","","","","","MUCOSAS E ANEXOS",""
"","","","","","","","","","","PELE E TECIDO CELULAR SUBCUTÂNEO,",""
"ABDOMINOPLASTIA (COM DIRETRIZ DE UTILIZAÇÃO)","","","","HCO","HSO","REF","","18","PROCEDIMENTOS","","PROCEDIMENTOS CIRÚRGICOS E INVASIVOS"
"","","","","","","","","","","MUCOSAS E ANEXOS",""
"","","","","","","","","","","PELE E TECIDO CELULAR SUBCUTÂNEO,",""
"DESBRIDAMENTO CIRÚRGICO","","","AMB","HCO","HSO","REF","","","PROCEDIMENTOS","","PROCEDIMENTOS CIRÚRGICOS E INVASIVOS"
"","","","","","","","","","","MUCOSAS E ANEXOS",""
"","","","","","","","","","","PELE E TECIDO CELULAR SUBCUTÂNEO,",""
"DESBRIDAMENTO DE FERIMENTOS INFECTADOS E MORDIDAS DE ANIMAIS","","","AMB","HCO","HSO","REF","","","PROCEDIMENTOS","","PROCEDIMENTOS CIRÚRGICOS E INVASIVOS"
"","","","","","","","","","","MUCOSAS E ANEXOS",""
"","","","","","","","","","","PELE E TECIDO CELULAR SUBCUTÂNEO,",""
"ENXERTO DE CARTILAGEM, MUCOSA E/OU COMPOSTO","","","","HCO","HSO","REF","","","PROCEDIMENTOS","","PROCEDIMENTOS CIRÚRGICOS E INVASIVOS"
"","","","","","","","","","","MUCOSAS E ANEXOS",""
"","","","","","","","","","","PELE E TECIDO CELULAR SUBCUTÂNEO,",""
"ENXERTO DE PELE MÚLTIPLO","","","","HCO","HSO","REF","","","PROCEDIMENTOS","","PROCEDIMENTOS CIRÚRGICOS E INVASIVOS"
"","","","","","","","","","","MUCOSAS E ANEXOS",""
"","","","","","","","","","","PELE E TECIDO CELULAR SUBCUTÂNEO,",""
"ENXERTO OU HOMOENXERTO DE PELE","","","","HCO","HSO","REF","","","PROCEDIMENTOS","","PROCEDIMENTOS CIRÚRGICOS E INVASIVOS"
"","","","","","","","","","","MUCOSAS E ANEXOS",""
"","","","","","","","","","","PELE E TECIDO CELULAR SUBCUTÂNEO,",""
"ESCALPO - TRATAMENTO CIRÚRGICO","","","","HCO","HSO","REF","","","PROCEDIMENTOS","","PROCEDIMENTOS CIRÚRGICOS E INVASIVOS"
"","","","","","","","","","","MUCOSAS E ANEXOS",""
"","","","","","","","","","","PELE E TECIDO CELULAR SUBCUTÂNEO,",""
"ESCAROTOMIA DESCOMPRESSIVA","","","AMB","HCO","HSO","REF","","","PROCEDIMENTOS","","PROCEDIMENTOS CIRÚRGICOS E INVASIVOS"
"","","","","","","","","","","MUCOSAS E ANEXOS",""
