"","RN","","","","","","","","","",""
"PROCEDIMENTO","VIGÊNCIA","OD","AMB","HCO","HSO","REF","PAC","DUT","SUBGRUPO","GRUPO","CAPÍTULO"
"","(alteração)","","","","","","","","","",""
"","","","","","","","","","","ELETROFISIOLÓGICOS / MECÂNICOS E","PROCEDIMENTOS DIAGNÓSTICOS E"
"EMISSÕES OTOACÚSTICAS EVOCADAS (TRANSIENTES OU PRODUTO DE DISTORÇÃO) - TESTE DA ORELHINHA","","","AMB","HCO","HSO","REF","","SISTEMA NERVOSO","","",""
"","","","","","","","","","","FUNCIONAIS","TERAPÊUTICOS"
"","","","","","","","","","","ELETROFISIOLÓGICOS / MECÂNICOS E","PROCEDIMENTOS DIAGNÓSTICOS E"
"PESQUISA DE PARES CRANIANOS RELACIONADOS COM O VIII PAR","","","","HCO","HSO","REF","","SISTEMA NERVOSO","","",""
"","","","","","","","","","","FUNCIONAIS","TERAPÊUTICOS"
"","","","","","","","","","","ELETROFISIOLÓGICOS / MECÂNICOS E","PROCEDIMENTOS DIAGNÓSTICOS E"
"PESQUISA DE POTENCIAIS EVOCADOS AUDITIVOS DE TRONCO CEREBRAL (BERA)","","","AMB","HCO","HSO","REF","","SISTEMA NERVOSO","","",""
"","","","","","","","","","","FUNCIONAIS","TERAPÊUTICOS"
"","","","","","","","","","","ELETROFISIOLÓGICOS / MECÂNICOS E","PROCEDIMENTOS DIAGNÓSTICOS E"
"PESQUISA DO FENÔMENO DE TULLIO","","","AMB","HCO","HSO","REF","","SISTEMA NERVOSO","","",""
"","","","","","","","","","","FUNCIONAIS","TERAPÊUTICOS"
"","","","","","","","","","","ELETROFISIOLÓGICOS / MECÂNICOS E","PROCEDIMENTOS DIAGNÓSTICOS E"
"POLIGRAFIA DE RECÉM-NASCIDO (PG/RN)","","","AMB","HCO","HSO","REF","","SISTEMA NERVOSO","","",""
"","","","","","","","","","","FUNCIONAIS","TERAPÊUTICOS"
"POLISSONOGRAFIA COM EEG DE NOITE INTEIRA COM OU SEM TESTE DE CPAP/BIPAP NASAL (INCLUI","","","","","","","","","","ELETROFISIOLÓGICOS / MECÂNICOS E","PROCEDIMENTOS DIAGNÓSTICOS E"
"","","","","HCO","HSO","REF","","SISTEMA NERVOSO","","",""
"POLISSONOGRAMAS)","","","","","","","","","","FUNCIONAIS","TERAPÊUTICOS"
"","","","","","","","","","","ELETROFISIOLÓGICOS / MECÂNICOS E","PROCEDIMENTOS DIAGNÓSTICOS E"
"POTENCIAL EVOCADO AUDITIVO DE ESTADO ESTÁVEL - PEAEE (STEADY STATE)","","","","HCO","HSO","REF","","SISTEMA NERVOSO","","",""
"","","","","","","","","","","FUNCIONAIS","TERAPÊUTICOS"
"","","","","","","","","","","ELETROFISIOLÓGICOS / MECÂNICOS E","PROCEDIMENTOS DIAGNÓSTICOS E"
"POTENCIAL EVOCADO AUDITIVO DE MÉDIA LATÊNCIA (PEA-ML)","","","AMB","HCO","HSO","REF","","SISTEMA NERVOSO","","",""
"","","","","","","","","","","FUNCIONAIS","TERAPÊUTICOS"
"","","","","","","","","","","ELETROFISIOLÓGICOS / MECÂNICOS E","PROCEDIMENTOS DIAGNÓSTICOS E"
"POTENCIAL EVOCADO GÊNITO-CORTICAL (PEGC)","","","","HCO","HSO","REF","","SISTEMA NERVOSO","","",""
"","","","","","","","","","","FUNCIONAIS","TERAPÊUTICOS"
"","","","","","","","","","","ELETROFISIOLÓGICOS / MECÂNICOS E","PROCEDIMENTOS DIAGNÓSTICOS E"
"POTENCIAL EVOCADO MOTOR - PEM","","","AMB","HCO","HSO","REF","","SISTEMA NERVOSO","","",""
"","","","","","","","","","","FUNCIONAIS","TERAPÊUTICOS"
"","","","","","","","","","","ELETROFISIOLÓGICOS / MECÂNICOS E","PROCEDIMENTOS DIAGNÓSTICOS E"
"POTENCIAL EVOCADO P300","","","AMB","HCO","HSO","REF","","SISTEMA NERVOSO","","",""
"","","","","","","","","","","FUNCIONAIS","TERAPÊUTICOS"
"","","","","","","","","","","ELETROFISIOLÓGICOS / MECÂNICOS E","PROCEDIMENTOS DIAGNÓSTICOS E"
"POTENCIAL EVOCADO SOMATO-SENSITIVO - MEMBROS INFERIORES E SUPERIORES (PESS)","","","AMB","HCO","HSO","REF","","SISTEMA NERVOSO","","",""
"","","","","","","","","","","FUNCIONAIS","TERAPÊUTICOS"
"","","","","","","","","","","ELETROFISIOLÓGICOS / MECÂNICOS E","PROCEDIMENTOS DIAGNÓSTICOS E"
"POTENCIAL SOMATO-SENSITIVO PARA LOCALIZAÇÃO FUNCIONAL DA ÁREA CENTRAL","","","","HCO","HSO","REF","","SISTEMA NERVOSO","","",""
"","","","","","","","","","","FUNCIONAIS","TERAPÊUTICOS"
"","","","","","","","","","","ELETROFISIOLÓGICOS / MECÂNICOS E","PROCEDIMENTOS DIAGNÓSTICOS E"
"POTENCIAL VISUAL EVOCADO (PEV)","","","AMB","HCO","HSO","REF","","SISTEMA NERVOSO","","",""
"","","","","","","","","","","FUNCIONAIS","TERAPÊUTICOS"
"","","","","","","","","","","ELETROFISIOLÓGICOS / MECÂNICOS E","PROCEDIMENTOS DIAGNÓSTICOS E"
"PROVAS DE FUNÇÃO TUBÁRIA","","","AMB","HCO","HSO","REF","","SISTEMA NERVOSO","","",""
"","","","","","","","","","","FUNCIONAIS","TERAPÊUTICOS"
"","","","","","","","","","","ELETROFISIOLÓGICOS / MECÂNICOS E","PROCEDIMENTOS DIAGNÓSTICOS E"
"RINOMANOMETRIA","","","AMB","HCO","HSO","REF","","SISTEMA NERVOSO","","",""
"","","","","","","","","","","FUNCIONAIS","TERAPÊUTICOS"
"","","","","","","","","","","ELETROFISIOLÓGICOS / MECÂNICOS E","PROCEDIMENTOS DIAGNÓSTICOS E"
"TESTE DE LATÊNCIAS MÚLTIPLAS DE SONO (TLMS)","","","AMB","HCO","HSO","REF","","SISTEMA NERVOSO","","",""
"","","","","","","","","","","FUNCIONAIS","TERAPÊUTICOS"
"","","","","","","","","","","ELETROFISIOLÓGICOS / MECÂNICOS E","PROCEDIMENTOS DIAGNÓSTICOS E"
"VÍDEO-ELETROENCEFALOGRAFIA CONTÍNUA NÃO INVASIVA (VÍDEO EEG/NT)","","","AMB","HCO","HSO","REF","","SISTEMA NERVOSO","","",""
"","","","","","","","","","","FUNCIONAIS","TERAPÊUTICOS"
"","","","","","","","","","","ELETROFISIOLÓGICOS / MECÂNICOS E","PROCEDIMENTOS DIAGNÓSTICOS E"
"AVALIAÇÃO MUSCULAR POR DINAMOMETRIA COMPUTADORIZADA (ISOCINÉTICA)","","","AMB","HCO","HSO","REF","","","EXAMES ÓSTEO - MÚSCULO - ARTICULARES","",""
"","","","","","","","","","","FUNCIONAIS","TERAPÊUTICOS"
