"","RN","","","","","","","","","",""
"PROCEDIMENTO","VIGÊNCIA","OD","AMB","HCO","HSO","REF","PAC","DUT","SUBGRUPO","GRUPO","CAPÍTULO"
"","(alteração)","","","","","","","","","",""
"","","","","","","","","","","","PROCEDIMENTOS DIAGNÓSTICOS E"
"SCHISTOSOMA MANSONI, PESQUISA DE OVOS EM FRAGMENTOS DE MUCOSA APÓS BIÓPSIA RETAL","","","AMB","HCO","HSO","REF","","","COPROLOGIA","PROCEDIMENTOS LABORATORIAIS",""
"","","","","","","","","","","","TERAPÊUTICOS"
"","","","","","","","","","","","PROCEDIMENTOS DIAGNÓSTICOS E"
"SUBSTÂNCIAS REDUTORAS NAS FEZES","","","AMB","HCO","HSO","REF","","","COPROLOGIA","PROCEDIMENTOS LABORATORIAIS",""
"","","","","","","","","","","","TERAPÊUTICOS"
"","","","","","","","","","","","PROCEDIMENTOS DIAGNÓSTICOS E"
"SWAB ANAL, PESQUISA DE OVOS DE ENTEROBIUS VERMICULARIS","","","AMB","HCO","HSO","REF","","","COPROLOGIA","PROCEDIMENTOS LABORATORIAIS",""
"","","","","","","","","","","","TERAPÊUTICOS"
"","","","","","","","","","","","PROCEDIMENTOS DIAGNÓSTICOS E"
"TRIPSINA NAS FEZES, PROVA DE DIGESTÃO DA GELATINA","","","AMB","HCO","HSO","REF","","","COPROLOGIA","PROCEDIMENTOS LABORATORIAIS",""
"","","","","","","","","","","","TERAPÊUTICOS"
"","","","","","","","","","","","PROCEDIMENTOS DIAGNÓSTICOS E"
"ANTICORPO ANTIMIELOPEROXIDASE, MPO","","","AMB","HCO","HSO","REF","","","HEMATOLOGIA LABORATORIAL","PROCEDIMENTOS LABORATORIAIS",""
"","","","","","","","","","","","TERAPÊUTICOS"
"","","","","","","","","","","","PROCEDIMENTOS DIAGNÓSTICOS E"
"ANTICORPOS ANTIPLAQUETÁRIOS","","","AMB","HCO","HSO","REF","","","HEMATOLOGIA LABORATORIAL","PROCEDIMENTOS LABORATORIAIS",""
"","","","","","","","","","","","TERAPÊUTICOS"
"","","","","","","","","","","","PROCEDIMENTOS DIAGNÓSTICOS E"
"ANTICORPOS IRREGULARES","","","AMB","HCO","HSO","REF","","","HEMATOLOGIA LABORATORIAL","PROCEDIMENTOS LABORATORIAIS",""
"","","","","","","","","","","","TERAPÊUTICOS"
"ANTICORPOS IRREGULARES, PESQUISA (MEIO SALINO A TEMPERATURA AMBIENTE E 37º E TESTE INDIRETO","","","","","","","","","","","PROCEDIMENTOS DIAGNÓSTICOS E"
"","","","AMB","HCO","HSO","REF","","","HEMATOLOGIA LABORATORIAL","PROCEDIMENTOS LABORATORIAIS",""
"DE COOMBS)","","","","","","","","","","","TERAPÊUTICOS"
"","","","","","","","","","","","PROCEDIMENTOS DIAGNÓSTICOS E"
"ANTITROMBINA III","","","AMB","HCO","HSO","REF","","","HEMATOLOGIA LABORATORIAL","PROCEDIMENTOS LABORATORIAIS",""
"","","","","","","","","","","","TERAPÊUTICOS"
"","","","","","","","","","","","PROCEDIMENTOS DIAGNÓSTICOS E"
"ATIVADOR TISSULAR DE PLASMINOGÊNIO (TPA)","","","AMB","HCO","HSO","REF","","","HEMATOLOGIA LABORATORIAL","PROCEDIMENTOS LABORATORIAIS",""
"","","","","","","","","","","","TERAPÊUTICOS"
"","","","","","","","","","","","PROCEDIMENTOS DIAGNÓSTICOS E"
"BAÇO, EXAME DE ESFREGAÇO DE ASPIRADO","","","AMB","HCO","HSO","REF","","","HEMATOLOGIA LABORATORIAL","PROCEDIMENTOS LABORATORIAIS",""
"","","","","","","","","","","","TERAPÊUTICOS"
"","","","","","","","","","","","PROCEDIMENTOS DIAGNÓSTICOS E"
"BIÓPSIA DE MEDULA ÓSSEA","","","AMB","HCO","HSO","REF","","","HEMATOLOGIA LABORATORIAL","PROCEDIMENTOS LABORATORIAIS",""
"","","","","","","","","","","","TERAPÊUTICOS"
"CITOQUÍMICA PARA CLASSIFICAR LEUCEMIA: ESTERASE INESPECÍFICA, FOSFATASE ALCALINA","","","","","","","","","","","PROCEDIMENTOS DIAGNÓSTICOS E"
"","","","AMB","HCO","HSO","REF","","","HEMATOLOGIA LABORATORIAL","PROCEDIMENTOS LABORATORIAIS",""
"LEUCOCITÁRIA, PAS, MIELOPEROXIDASE, SUDAN BLACK B, PERLS","","","","","","","","","","","TERAPÊUTICOS"
"COAGULOGRAMA (INCLUI: TEMPO DE SANGRAMENTO; TEMPO DE COAGULAÇÃO; TEMPO DE PROTROMBINA;","","","","","","","","","","","PROCEDIMENTOS DIAGNÓSTICOS E"
"","","","AMB","HCO","HSO","REF","","","HEMATOLOGIA LABORATORIAL","PROCEDIMENTOS LABORATORIAIS",""
"TEMPO DE TROMBOPLASTINA PARCIAL ATIVADA; E CONTAGEM DE PLAQUETAS)","","","","","","","","","","","TERAPÊUTICOS"
"","","","","","","","","","","","PROCEDIMENTOS DIAGNÓSTICOS E"
"CONTAGEM DE RETICULÓCITOS","","","AMB","HCO","HSO","REF","","","HEMATOLOGIA LABORATORIAL","PROCEDIMENTOS LABORATORIAIS",""
"","","","","","","","","","","","TERAPÊUTICOS"
"","","","","","","","","","","","PROCEDIMENTOS DIAGNÓSTICOS E"
"DÍMERO-D (COM DIRETRIZ DE UTILIZAÇÃO)","","","AMB","HCO","HSO","REF","","19","HEMATOLOGIA LABORATORIAL","PROCEDIMENTOS LABORATORIAIS",""
"","","","","","","","","","","","TERAPÊUTICOS"
"","","","","","","","","","","","PROCEDIMENTOS DIAGNÓSTICOS E"
"ENZIMAS ERITROCITÁRIAS","","","AMB","HCO","HSO","REF","","","HEMATOLOGIA LABORATORIAL","PROCEDIMENTOS LABORATORIAIS",""
"","","","","","","","","","","","TERAPÊUTICOS"
"","","","","","","","","","","","PROCEDIMENTOS DIAGNÓSTICOS E"
"FALCIZAÇÃO, TESTE DE","","","AMB","HCO","HSO","REF","","","HEMATOLOGIA LABORATORIAL","PROCEDIMENTOS LABORATORIAIS",""
"","","","","","","","","","","","TERAPÊUTICOS"
"","","","","","","","","","","","PROCEDIMENTOS DIAGNÓSTICOS E"
"FATOR 4 PLAQUETÁRIO","","","AMB","HCO","HSO","REF","","","HEMATOLOGIA LABORATORIAL","PROCEDIMENTOS LABORATORIAIS",""
"","","","","","","","","","","","TERAPÊUTICOS"
