"","RN","","","","","","","","","",""
"PROCEDIMENTO","VIGÊNCIA","OD","AMB","HCO","HSO","REF","PAC","DUT","SUBGRUPO","GRUPO","CAPÍTULO"
"","(alteração)","","","","","","","","","",""
"","","","","","","","","","BIOQUÍMICA (SANGUE, URINA E OUTROS","","PROCEDIMENTOS DIAGNÓSTICOS E"
"CREATINO FOSFOQUINASE - CK MASSA","","","AMB","HCO","HSO","REF","","","","PROCEDIMENTOS LABORATORIAIS",""
"","","","","","","","","","MATERIAIS)","","TERAPÊUTICOS"
"","","","","","","","","","BIOQUÍMICA (SANGUE, URINA E OUTROS","","PROCEDIMENTOS DIAGNÓSTICOS E"
"CREATINO FOSFOQUINASE - FRAÇÃO MB","","","AMB","HCO","HSO","REF","","","","PROCEDIMENTOS LABORATORIAIS",""
"","","","","","","","","","MATERIAIS)","","TERAPÊUTICOS"
"","","","","","","","","","BIOQUÍMICA (SANGUE, URINA E OUTROS","","PROCEDIMENTOS DIAGNÓSTICOS E"
"CREATINO FOSFOQUINASE - FRAÇÃO MB - ATIVIDADE","","","AMB","HCO","HSO","REF","","","","PROCEDIMENTOS LABORATORIAIS",""
"","","","","","","","","","MATERIAIS)","","TERAPÊUTICOS"
"","","","","","","","","","BIOQUÍMICA (SANGUE, URINA E OUTROS","","PROCEDIMENTOS DIAGNÓSTICOS E"
"CURVA GLICÊMICA (4 DOSAGENS) VIA ORAL OU ENDOVENOSA","","","AMB","HCO","HSO","REF","","","","PROCEDIMENTOS LABORATORIAIS",""
"","","","","","","","","","MATERIAIS)","","TERAPÊUTICOS"
"","","","","","","","","","BIOQUÍMICA (SANGUE, URINA E OUTROS","","PROCEDIMENTOS DIAGNÓSTICOS E"
"DESIDROGENASE ALFA-HIDROXIBUTÍRICA","","","AMB","HCO","HSO","REF","","","","PROCEDIMENTOS LABORATORIAIS",""
"","","","","","","","","","MATERIAIS)","","TERAPÊUTICOS"
"","","","","","","","","","BIOQUÍMICA (SANGUE, URINA E OUTROS","","PROCEDIMENTOS DIAGNÓSTICOS E"
"DESIDROGENASE GLUTÂMICA","","","AMB","HCO","HSO","REF","","","","PROCEDIMENTOS LABORATORIAIS",""
"","","","","","","","","","MATERIAIS)","","TERAPÊUTICOS"
"","","","","","","","","","BIOQUÍMICA (SANGUE, URINA E OUTROS","","PROCEDIMENTOS DIAGNÓSTICOS E"
"DESIDROGENASE LÁCTICA","","","AMB","HCO","HSO","REF","","","","PROCEDIMENTOS LABORATORIAIS",""
"","","","","","","","","","MATERIAIS)","","TERAPÊUTICOS"
"","","","","","","","","","BIOQUÍMICA (SANGUE, URINA E OUTROS","","PROCEDIMENTOS DIAGNÓSTICOS E"
"DESIDROGENASE LÁCTICA - ISOENZIMAS FRACIONADAS","","","AMB","HCO","HSO","REF","","","","PROCEDIMENTOS LABORATORIAIS",""
"","","","","","","","","","MATERIAIS)","","TERAPÊUTICOS"
"","","","","","","","","","BIOQUÍMICA (SANGUE, URINA E OUTROS","","PROCEDIMENTOS DIAGNÓSTICOS E"
"RAZÃO DO TESTE sFlt/PLGF  (COM DIRETRIZ DE UTILIZAÇÃO)","","","AMB","HCO","HSO","REF","","139","","PROCEDIMENTOS LABORATORIAIS",""
"","","","","","","","","","MATERIAIS)","","TERAPÊUTICOS"
"","","","","","","","","","BIOQUÍMICA (SANGUE, URINA E OUTROS","","PROCEDIMENTOS DIAGNÓSTICOS E"
"DOSAGEM DE ANTIMICROBIANOS","","","AMB","HCO","HSO","REF","","","","PROCEDIMENTOS LABORATORIAIS",""
"","","","","","","","","","MATERIAIS)","","TERAPÊUTICOS"
"","","","","","","","","","BIOQUÍMICA (SANGUE, URINA E OUTROS","","PROCEDIMENTOS DIAGNÓSTICOS E"
"DOSAGEM DE ANTICONVULSIVANTES","","","AMB","HCO","HSO","REF","","","","PROCEDIMENTOS LABORATORIAIS",""
"","","","","","","","","","MATERIAIS)","","TERAPÊUTICOS"
"","","","","","","","","","BIOQUÍMICA (SANGUE, URINA E OUTROS","","PROCEDIMENTOS DIAGNÓSTICOS E"
"DOSAGEM DE ANTIDEPRESSIVOS","","","AMB","HCO","HSO","REF","","","","PROCEDIMENTOS LABORATORIAIS",""
"","","","","","","","","","MATERIAIS)","","TERAPÊUTICOS"
"","","","","","","","","","BIOQUÍMICA (SANGUE, URINA E OUTROS","","PROCEDIMENTOS DIAGNÓSTICOS E"
"DOSAGEM DE BARBITÚRICOS","","","AMB","HCO","HSO","REF","","","","PROCEDIMENTOS LABORATORIAIS",""
"","","","","","","","","","MATERIAIS)","","TERAPÊUTICOS"
"","","","","","","","","","BIOQUÍMICA (SANGUE, URINA E OUTROS","","PROCEDIMENTOS DIAGNÓSTICOS E"
"BARBITURATOS, PESQUISA E/OU DOSAGEM NA URINA","","","AMB","HCO","HSO","REF","","","","PROCEDIMENTOS LABORATORIAIS",""
"","","","","","","","","","MATERIAIS)","","TERAPÊUTICOS"
"","","","","","","","","","BIOQUÍMICA (SANGUE, URINA E OUTROS","","PROCEDIMENTOS DIAGNÓSTICOS E"
"DOSAGEM DE BENZODIAZEPÍNICOS","","","AMB","HCO","HSO","REF","","","","PROCEDIMENTOS LABORATORIAIS",""
"","","","","","","","","","MATERIAIS)","","TERAPÊUTICOS"
"","","","","","","","","","BIOQUÍMICA (SANGUE, URINA E OUTROS","","PROCEDIMENTOS DIAGNÓSTICOS E"
"DOSAGEM DE DIGITÁLICOS","","","AMB","HCO","HSO","REF","","","","PROCEDIMENTOS LABORATORIAIS",""
"","","","","","","","","","MATERIAIS)","","TERAPÊUTICOS"
"","","","","","","","","","BIOQUÍMICA (SANGUE, URINA E OUTROS","","PROCEDIMENTOS DIAGNÓSTICOS E"
"DOSAGEM DE IMUNOSSUPRESSORES","","","AMB","HCO","HSO","REF","","","","PROCEDIMENTOS LABORATORIAIS",""
"","","","","","","","","","MATERIAIS)","","TERAPÊUTICOS"
"","","","","","","","","","BIOQUÍMICA (SANGUE, URINA E OUTROS","","PROCEDIMENTOS DIAGNÓSTICOS E"
"DOSAGEM DE ANTIARRITMICOS","","","AMB","HCO","HSO","REF","","","","PROCEDIMENTOS LABORATORIAIS",""
"","","","","","","","","","MATERIAIS)","","TERAPÊUTICOS"
"","","","","","","","","","BIOQUÍMICA (SANGUE, URINA E OUTROS","","PROCEDIMENTOS DIAGNÓSTICOS E"
"DOSAGEM DE TEOFILINA","","","AMB","HCO","HSO","REF","","","","PROCEDIMENTOS LABORATORIAIS",""
"","","","","","","","","","MATERIAIS)","","TERAPÊUTICOS"
